{"type": "FeatureCollection", "features": [{"type": "Feature", "properties": {"trip_id": "七隈線_平日_0_001", "route_id": "七隈線", "route_color": "#009157", "route_type": "1", "trip_headsign": "博多"}, "geometry": {"type": "LineString", "coordinates": [[130.321122, 33.555156, 0, 1775020500], [130.329534, 33.552724, 0, 1775020560], [130.337913, 33.550533, 0, 1775020680], [130.346571, 33.548334, 0, 1775020800], [130.354993, 33.545839, 0, 1775020860], [130.362225, 33.547511, 0, 1775020980], [130.361667, 33.553207, 0, 1775021040], [130.361538, 33.559331, 0, 1775021160], [130.3654, 33.566099, 0, 1775021280], [130.369638, 33.574207, 0, 1775021400], [130.377331, 33.577693, 0, 1775021460], [130.386858, 33.577326, 0, 1775021580], [130.396203, 33.580392, 0, 1775021700], [130.401825, 33.581805, 0, 1775021820], [130.404947, 33.583968, 0, 1775021880], [130.401717, 33.58824, 0, 1775022000], [130.411583, 33.591333, 0, 1775022120], [130.420616, 33.59013, 0, 1775022240]]}}, {"type": "Feature", "properties": {"trip_id": "七隈線_平日_0_002", "route_id": "七隈線", "route_color": "#009157", "route_type": "1", "trip_headsign": "博多"}, "geometry": {"type": "LineString", "coordinates": [[130.321122, 33.555156, 0, 1775021400], [130.329534, 33.552724, 0, 1775021460], [130.337913, 33.550533, 0, 1775021580], [130.346571, 33.548334, 0, 1775021700], [130.354993, 33.545839, 0, 1775021760], [130.362225, 33.547511, 0, 1775021880], [130.361667, 33.553207, 0, 1775021940], [130.361538, 33.559331, 0, 1775022060], [130.3654, 33.566099, 0, 1775022180], [130.369638, 33.574207, 0, 1775022300], [130.377331, 33.577693, 0, 1775022360], [130.386858, 33.577326, 0, 1775022480], [130.396203, 33.580392, 0, 1775022600], [130.401825, 33.581805, 0, 1775022720], [130.404947, 33.583968, 0, 1775022780], [130.401717, 33.58824, 0, 1775022900], [130.411583, 33.591333, 0, 1775023020], [130.420616, 33.59013, 0, 1775023140]]}}, {"type": "Feature", "properties": {"trip_id": "七隈線_平日_0_003", "route_id": "七隈線", "route_color": "#009157", "route_type": "1", "trip_headsign": "博多"}, "geometry": {"type": "LineString", "coordinates": [[130.321122, 33.555156, 0, 1775022000], [130.329534, 33.552724, 0, 1775022060], [130.337913, 33.550533, 0, 1775022180], [130.346571, 33.548334, 0, 1775022300], [130.354993, 33.545839, 0, 1775022360], [130.362225, 33.547511, 0, 1775022480], [130.361667, 33.553207, 0, 1775022540], [130.361538, 33.559331, 0, 1775022660], [130.3654, 33.566099, 0, 1775022780], [130.369638, 33.574207, 0, 1775022900], [130.377331, 33.577693, 0, 1775022960], [130.386858, 33.577326, 0, 1775023080], [130.396203, 33.580392, 0, 1775023200], [130.401825, 33.581805, 0, 1775023320], [130.404947, 33.583968, 0, 1775023380], [130.401717, 33.58824, 0, 1775023500], [130.411583, 33.591333, 0, 1775023620], [130.420616, 33.59013, 0, 1775023740]]}}, {"type": "Feature", "properties": {"trip_id": "七隈線_平日_0_004", "route_id": "七隈線", "route_color": "#009157", "route_type": "1", "trip_headsign": "博多"}, "geometry": {"type": "LineString", "coordinates": [[130.321122, 33.555156, 0, 1775022600], [130.329534, 33.552724, 0, 1775022660], [130.337913, 33.550533, 0, 1775022780], [130.346571, 33.548334, 0, 1775022900], [130.354993, 33.545839, 0, 1775022960], [130.362225, 33.547511, 0, 1775023080], [130.361667, 33.553207, 0, 1775023140], [130.361538, 33.559331, 0, 1775023260], [130.3654, 33.566099, 0, 1775023380], [130.369638, 33.574207, 0, 1775023500], [130.377331, 33.577693, 0, 1775023560], [130.386858, 33.577326, 0, 1775023680], [130.396203, 33.580392, 0, 1775023800], [130.401825, 33.581805, 0, 1775023920], [130.404947, 33.583968, 0, 1775023980], [130.401717, 33.58824, 0, 1775024100], [130.411583, 33.591333, 0, 1775024220], [130.420616, 33.59013, 0, 1775024340]]}}, {"type": "Feature", "properties": {"trip_id": "七隈線_平日_0_005", "route_id": "七隈線", "route_color": "#009157", "route_type": "1", "trip_headsign": "博多"}, "geometry": {"type": "LineString", "coordinates": [[130.321122, 33.555156, 0, 1775023200], [130.329534, 33.552724, 0, 1775023260], [130.337913, 33.550533, 0, 1775023380], [130.346571, 33.548334, 0, 1775023500], [130.354993, 33.545839, 0, 1775023560], [130.362225, 33.547511, 0, 1775023680], [130.361667, 33.553207, 0, 1775023740], [130.361538, 33.559331, 0, 1775023860], [130.3654, 33.566099, 0, 1775023980], [130.369638, 33.574207, 0, 1775024100], [130.377331, 33.577693, 0, 1775024160], [130.386858, 33.577326, 0, 1775024280], [130.396203, 33.580392, 0, 1775024400], [130.401825, 33.581805, 0, 1775024520], [130.404947, 33.583968, 0, 1775024580], [130.401717, 33.58824, 0, 1775024700], [130.411583, 33.591333, 0, 1775024820], [130.420616, 33.59013, 0, 1775024940]]}}, {"type": "Feature", "properties": {"trip_id": "七隈線_平日_0_006", "route_id": "七隈線", "route_color": "#009157", "route_type": "1", "trip_headsign": "博多"}, "geometry": {"type": "LineString", "coordinates": [[130.321122, 33.555156, 0, 1775023800], [130.329534, 33.552724, 0, 1775023860], [130.337913, 33.550533, 0, 1775023980], [130.346571, 33.548334, 0, 1775024100], [130.354993, 33.545839, 0, 1775024160], [130.362225, 33.547511, 0, 1775024280], [130.361667, 33.553207, 0, 1775024340], [130.361538, 33.559331, 0, 1775024460], [130.3654, 33.566099, 0, 1775024580], [130.369638, 33.574207, 0, 1775024700], [130.377331, 33.577693, 0, 1775024760], [130.386858, 33.577326, 0, 1775024880], [130.396203, 33.580392, 0, 1775025000], [130.401825, 33.581805, 0, 1775025120], [130.404947, 33.583968, 0, 1775025180], [130.401717, 33.58824, 0, 1775025300], [130.411583, 33.591333, 0, 1775025420], [130.420616, 33.59013, 0, 1775025540]]}}, {"type": "Feature", "properties": {"trip_id": "七隈線_平日_0_007", "route_id": "七隈線", "route_color": "#009157", "route_type": "1", "trip_headsign": "博多"}, "geometry": {"type": "LineString", "coordinates": [[130.321122, 33.555156, 0, 1775024280], [130.329534, 33.552724, 0, 1775024340], [130.337913, 33.550533, 0, 1775024460], [130.346571, 33.548334, 0, 1775024580], [130.354993, 33.545839, 0, 1775024640], [130.362225, 33.547511, 0, 1775024760], [130.361667, 33.553207, 0, 1775024820], [130.361538, 33.559331, 0, 1775024940], [130.3654, 33.566099, 0, 1775025060], [130.369638, 33.574207, 0, 1775025180], [130.377331, 33.577693, 0, 1775025240], [130.386858, 33.577326, 0, 1775025360], [130.396203, 33.580392, 0, 1775025480], [130.401825, 33.581805, 0, 1775025600], [130.404947, 33.583968, 0, 1775025660], [130.401717, 33.58824, 0, 1775025780], [130.411583, 33.591333, 0, 1775025900], [130.420616, 33.59013, 0, 1775026020]]}}, {"type": "Feature", "properties": {"trip_id": "七隈線_平日_0_008", "route_id": "七隈線", "route_color": "#009157", "route_type": "1", "trip_headsign": "博多"}, "geometry": {"type": "LineString", "coordinates": [[130.321122, 33.555156, 0, 1775024700], [130.329534, 33.552724, 0, 1775024760], [130.337913, 33.550533, 0, 1775024880], [130.346571, 33.548334, 0, 1775025000], [130.354993, 33.545839, 0, 1775025060], [130.362225, 33.547511, 0, 1775025180], [130.361667, 33.553207, 0, 1775025240], [130.361538, 33.559331, 0, 1775025360], [130.3654, 33.566099, 0, 1775025480], [130.369638, 33.574207, 0, 1775025600], [130.377331, 33.577693, 0, 1775025660], [130.386858, 33.577326, 0, 1775025780], [130.396203, 33.580392, 0, 1775025900], [130.401825, 33.581805, 0, 1775026020], [130.404947, 33.583968, 0, 1775026080], [130.401717, 33.58824, 0, 1775026200], [130.411583, 33.591333, 0, 1775026320], [130.420616, 33.59013, 0, 1775026440]]}}, {"type": "Feature", "properties": {"trip_id": "七隈線_平日_0_009", "route_id": "七隈線", "route_color": "#009157", "route_type": "1", "trip_headsign": "博多"}, "geometry": {"type": "LineString", "coordinates": [[130.321122, 33.555156, 0, 1775025120], [130.329534, 33.552724, 0, 1775025180], [130.337913, 33.550533, 0, 1775025300], [130.346571, 33.548334, 0, 1775025420], [130.354993, 33.545839, 0, 1775025480], [130.362225, 33.547511, 0, 1775025600], [130.361667, 33.553207, 0, 1775025660], [130.361538, 33.559331, 0, 1775025780], [130.3654, 33.566099, 0, 1775025900], [130.369638, 33.574207, 0, 1775026020], [130.377331, 33.577693, 0, 1775026080], [130.386858, 33.577326, 0, 1775026200], [130.396203, 33.580392, 0, 1775026320], [130.401825, 33.581805, 0, 1775026440], [130.404947, 33.583968, 0, 1775026500], [130.401717, 33.58824, 0, 1775026620], [130.411583, 33.591333, 0, 1775026740], [130.420616, 33.59013, 0, 1775026860]]}}, {"type": "Feature", "properties": {"trip_id": "七隈線_平日_0_010", "route_id": "七隈線", "route_color": "#009157", "route_type": "1", "trip_headsign": "博多"}, "geometry": {"type": "LineString", "coordinates": [[130.321122, 33.555156, 0, 1775025540], [130.329534, 33.552724, 0, 1775025600], [130.337913, 33.550533, 0, 1775025720], [130.346571, 33.548334, 0, 1775025840], [130.354993, 33.545839, 0, 1775025900], [130.362225, 33.547511, 0, 1775026020], [130.361667, 33.553207, 0, 1775026080], [130.361538, 33.559331, 0, 1775026200], [130.3654, 33.566099, 0, 1775026320], [130.369638, 33.574207, 0, 1775026440], [130.377331, 33.577693, 0, 1775026500], [130.386858, 33.577326, 0, 1775026620], [130.396203, 33.580392, 0, 1775026740], [130.401825, 33.581805, 0, 1775026860], [130.404947, 33.583968, 0, 1775026920], [130.401717, 33.58824, 0, 1775027040], [130.411583, 33.591333, 0, 1775027160], [130.420616, 33.59013, 0, 1775027280]]}}, {"type": "Feature", "properties": {"trip_id": "七隈線_平日_0_011", "route_id": "七隈線", "route_color": "#009157", "route_type": "1", "trip_headsign": "博多"}, "geometry": {"type": "LineString", "coordinates": [[130.321122, 33.555156, 0, 1775025900], [130.329534, 33.552724, 0, 1775026020], [130.337913, 33.550533, 0, 1775026080], [130.346571, 33.548334, 0, 1775026200], [130.354993, 33.545839, 0, 1775026260], [130.362225, 33.547511, 0, 1775026380], [130.361667, 33.553207, 0, 1775026440], [130.361538, 33.559331, 0, 1775026560], [130.3654, 33.566099, 0, 1775026680], [130.369638, 33.574207, 0, 1775026800], [130.377331, 33.577693, 0, 1775026860], [130.386858, 33.577326, 0, 1775026980], [130.396203, 33.580392, 0, 1775027100], [130.401825, 33.581805, 0, 1775027220], [130.404947, 33.583968, 0, 1775027280], [130.401717, 33.58824, 0, 1775027400], [130.411583, 33.591333, 0, 1775027520], [130.420616, 33.59013, 0, 1775027640]]}}, {"type": "Feature", "properties": {"trip_id": "七隈線_平日_0_012", "route_id": "七隈線", "route_color": "#009157", "route_type": "1", "trip_headsign": "博多"}, "geometry": {"type": "LineString", "coordinates": [[130.321122, 33.555156, 0, 1775026260], [130.329534, 33.552724, 0, 1775026320], [130.337913, 33.550533, 0, 1775026440], [130.346571, 33.548334, 0, 1775026560], [130.354993, 33.545839, 0, 1775026620], [130.362225, 33.547511, 0, 1775026740], [130.361667, 33.553207, 0, 1775026800], [130.361538, 33.559331, 0, 1775026920], [130.3654, 33.566099, 0, 1775027040], [130.369638, 33.574207, 0, 1775027160], [130.377331, 33.577693, 0, 1775027220], [130.386858, 33.577326, 0, 1775027340], [130.396203, 33.580392, 0, 1775027460], [130.401825, 33.581805, 0, 1775027580], [130.404947, 33.583968, 0, 1775027640], [130.401717, 33.58824, 0, 1775027760], [130.411583, 33.591333, 0, 1775027880], [130.420616, 33.59013, 0, 1775028000]]}}, {"type": "Feature", "properties": {"trip_id": "七隈線_平日_0_013", "route_id": "七隈線", "route_color": "#009157", "route_type": "1", "trip_headsign": "博多"}, "geometry": {"type": "LineString", "coordinates": [[130.321122, 33.555156, 0, 1775026620], [130.329534, 33.552724, 0, 1775026680], [130.337913, 33.550533, 0, 1775026800], [130.346571, 33.548334, 0, 1775026920], [130.354993, 33.545839, 0, 1775026980], [130.362225, 33.547511, 0, 1775027100], [130.361667, 33.553207, 0, 1775027160], [130.361538, 33.559331, 0, 1775027280], [130.3654, 33.566099, 0, 1775027400], [130.369638, 33.574207, 0, 1775027520], [130.377331, 33.577693, 0, 1775027580], [130.386858, 33.577326, 0, 1775027700], [130.396203, 33.580392, 0, 1775027820], [130.401825, 33.581805, 0, 1775027940], [130.404947, 33.583968, 0, 1775028000], [130.401717, 33.58824, 0, 1775028120], [130.411583, 33.591333, 0, 1775028240], [130.420616, 33.59013, 0, 1775028360]]}}, {"type": "Feature", "properties": {"trip_id": "七隈線_平日_0_014", "route_id": "七隈線", "route_color": "#009157", "route_type": "1", "trip_headsign": "博多"}, "geometry": {"type": "LineString", "coordinates": [[130.321122, 33.555156, 0, 1775026980], [130.329534, 33.552724, 0, 1775027040], [130.337913, 33.550533, 0, 1775027160], [130.346571, 33.548334, 0, 1775027280], [130.354993, 33.545839, 0, 1775027340], [130.362225, 33.547511, 0, 1775027460], [130.361667, 33.553207, 0, 1775027520], [130.361538, 33.559331, 0, 1775027640], [130.3654, 33.566099, 0, 1775027760], [130.369638, 33.574207, 0, 1775027880], [130.377331, 33.577693, 0, 1775027940], [130.386858, 33.577326, 0, 1775028060], [130.396203, 33.580392, 0, 1775028180], [130.401825, 33.581805, 0, 1775028300], [130.404947, 33.583968, 0, 1775028360], [130.401717, 33.58824, 0, 1775028480], [130.411583, 33.591333, 0, 1775028600], [130.420616, 33.59013, 0, 1775028720]]}}, {"type": "Feature", "properties": {"trip_id": "七隈線_平日_0_015", "route_id": "七隈線", "route_color": "#009157", "route_type": "1", "trip_headsign": "博多"}, "geometry": {"type": "LineString", "coordinates": [[130.321122, 33.555156, 0, 1775027220], [130.329534, 33.552724, 0, 1775027340], [130.337913, 33.550533, 0, 1775027460], [130.346571, 33.548334, 0, 1775027520], [130.354993, 33.545839, 0, 1775027640], [130.362225, 33.547511, 0, 1775027760], [130.361667, 33.553207, 0, 1775027820], [130.361538, 33.559331, 0, 1775027880], [130.3654, 33.566099, 0, 1775028000], [130.369638, 33.574207, 0, 1775028120], [130.377331, 33.577693, 0, 1775028240], [130.386858, 33.577326, 0, 1775028360], [130.396203, 33.580392, 0, 1775028480], [130.401825, 33.581805, 0, 1775028600], [130.404947, 33.583968, 0, 1775028660], [130.401717, 33.58824, 0, 1775028780], [130.411583, 33.591333, 0, 1775028960], [130.420616, 33.59013, 0, 1775029020]]}}, {"type": "Feature", "properties": {"trip_id": "七隈線_平日_0_016", "route_id": "七隈線", "route_color": "#009157", "route_type": "1", "trip_headsign": "博多"}, "geometry": {"type": "LineString", "coordinates": [[130.321122, 33.555156, 0, 1775027520], [130.329534, 33.552724, 0, 1775027640], [130.337913, 33.550533, 0, 1775027700], [130.346571, 33.548334, 0, 1775027820], [130.354993, 33.545839, 0, 1775027880], [130.362225, 33.547511, 0, 1775028000], [130.361667, 33.553207, 0, 1775028060], [130.361538, 33.559331, 0, 1775028180], [130.3654, 33.566099, 0, 1775028300], [130.369638, 33.574207, 0, 1775028420], [130.377331, 33.577693, 0, 1775028480], [130.386858, 33.577326, 0, 1775028600], [130.396203, 33.580392, 0, 1775028720], [130.401825, 33.581805, 0, 1775028840], [130.404947, 33.583968, 0, 1775028960], [130.401717, 33.58824, 0, 1775029080], [130.411583, 33.591333, 0, 1775029200], [130.420616, 33.59013, 0, 1775029320]]}}, {"type": "Feature", "properties": {"trip_id": "七隈線_平日_0_017", "route_id": "七隈線", "route_color": "#009157", "route_type": "1", "trip_headsign": "博多"}, "geometry": {"type": "LineString", "coordinates": [[130.321122, 33.555156, 0, 1775027760], [130.329534, 33.552724, 0, 1775027880], [130.337913, 33.550533, 0, 1775027940], [130.346571, 33.548334, 0, 1775028060], [130.354993, 33.545839, 0, 1775028180], [130.362225, 33.547511, 0, 1775028300], [130.361667, 33.553207, 0, 1775028360], [130.361538, 33.559331, 0, 1775028420], [130.3654, 33.566099, 0, 1775028540], [130.369638, 33.574207, 0, 1775028660], [130.377331, 33.577693, 0, 1775028780], [130.386858, 33.577326, 0, 1775028900], [130.396203, 33.580392, 0, 1775029020], [130.401825, 33.581805, 0, 1775029140], [130.404947, 33.583968, 0, 1775029200], [130.401717, 33.58824, 0, 1775029320], [130.411583, 33.591333, 0, 1775029440], [130.420616, 33.59013, 0, 1775029560]]}}, {"type": "Feature", "properties": {"trip_id": "七隈線_平日_0_018", "route_id": "七隈線", "route_color": "#009157", "route_type": "1", "trip_headsign": "博多"}, "geometry": {"type": "LineString", "coordinates": [[130.321122, 33.555156, 0, 1775028060], [130.329534, 33.552724, 0, 1775028120], [130.337913, 33.550533, 0, 1775028240], [130.346571, 33.548334, 0, 1775028360], [130.354993, 33.545839, 0, 1775028420], [130.362225, 33.547511, 0, 1775028540], [130.361667, 33.553207, 0, 1775028600], [130.361538, 33.559331, 0, 1775028720], [130.3654, 33.566099, 0, 1775028840], [130.369638, 33.574207, 0, 1775028960], [130.377331, 33.577693, 0, 1775029020], [130.386858, 33.577326, 0, 1775029140], [130.396203, 33.580392, 0, 1775029260], [130.401825, 33.581805, 0, 1775029380], [130.404947, 33.583968, 0, 1775029500], [130.401717, 33.58824, 0, 1775029620], [130.411583, 33.591333, 0, 1775029740], [130.420616, 33.59013, 0, 1775029860]]}}, {"type": "Feature", "properties": {"trip_id": "七隈線_平日_0_019", "route_id": "七隈線", "route_color": "#009157", "route_type": "1", "trip_headsign": "博多"}, "geometry": {"type": "LineString", "coordinates": [[130.321122, 33.555156, 0, 1775028300], [130.329534, 33.552724, 0, 1775028420], [130.337913, 33.550533, 0, 1775028480], [130.346571, 33.548334, 0, 1775028600], [130.354993, 33.545839, 0, 1775028720], [130.362225, 33.547511, 0, 1775028840], [130.361667, 33.553207, 0, 1775028900], [130.361538, 33.559331, 0, 1775028960], [130.3654, 33.566099, 0, 1775029080], [130.369638, 33.574207, 0, 1775029200], [130.377331, 33.577693, 0, 1775029320], [130.386858, 33.577326, 0, 1775029440], [130.396203, 33.580392, 0, 1775029560], [130.401825, 33.581805, 0, 1775029680], [130.404947, 33.583968, 0, 1775029740], [130.401717, 33.58824, 0, 1775029860], [130.411583, 33.591333, 0, 1775029980], [130.420616, 33.59013, 0, 1775030100]]}}, {"type": "Feature", "properties": {"trip_id": "七隈線_平日_0_020", "route_id": "七隈線", "route_color": "#009157", "route_type": "1", "trip_headsign": "博多"}, "geometry": {"type": "LineString", "coordinates": [[130.321122, 33.555156, 0, 1775028540], [130.329534, 33.552724, 0, 1775028660], [130.337913, 33.550533, 0, 1775028720], [130.346571, 33.548334, 0, 1775028840], [130.354993, 33.545839, 0, 1775028960], [130.362225, 33.547511, 0, 1775029080], [130.361667, 33.553207, 0, 1775029140], [130.361538, 33.559331, 0, 1775029200], [130.3654, 33.566099, 0, 1775029320], [130.369638, 33.574207, 0, 1775029440], [130.377331, 33.577693, 0, 1775029560], [130.386858, 33.577326, 0, 1775029680], [130.396203, 33.580392, 0, 1775029800], [130.401825, 33.581805, 0, 1775029920], [130.404947, 33.583968, 0, 1775029980], [130.401717, 33.58824, 0, 1775030100], [130.411583, 33.591333, 0, 1775030220], [130.420616, 33.59013, 0, 1775030340]]}}, {"type": "Feature", "properties": {"trip_id": "七隈線_平日_0_021", "route_id": "七隈線", "route_color": "#009157", "route_type": "1", "trip_headsign": "博多"}, "geometry": {"type": "LineString", "coordinates": [[130.321122, 33.555156, 0, 1775028780], [130.329534, 33.552724, 0, 1775028900], [130.337913, 33.550533, 0, 1775028960], [130.346571, 33.548334, 0, 1775029080], [130.354993, 33.545839, 0, 1775029200], [130.362225, 33.547511, 0, 1775029320], [130.361667, 33.553207, 0, 1775029380], [130.361538, 33.559331, 0, 1775029440], [130.3654, 33.566099, 0, 1775029560], [130.369638, 33.574207, 0, 1775029680], [130.377331, 33.577693, 0, 1775029800], [130.386858, 33.577326, 0, 1775029920], [130.396203, 33.580392, 0, 1775030040], [130.401825, 33.581805, 0, 1775030160], [130.404947, 33.583968, 0, 1775030220], [130.401717, 33.58824, 0, 1775030340], [130.411583, 33.591333, 0, 1775030460], [130.420616, 33.59013, 0, 1775030580]]}}, {"type": "Feature", "properties": {"trip_id": "七隈線_平日_0_022", "route_id": "七隈線", "route_color": "#009157", "route_type": "1", "trip_headsign": "博多"}, "geometry": {"type": "LineString", "coordinates": [[130.321122, 33.555156, 0, 1775029020], [130.329534, 33.552724, 0, 1775029080], [130.337913, 33.550533, 0, 1775029200], [130.346571, 33.548334, 0, 1775029320], [130.354993, 33.545839, 0, 1775029380], [130.362225, 33.547511, 0, 1775029500], [130.361667, 33.553207, 0, 1775029560], [130.361538, 33.559331, 0, 1775029680], [130.3654, 33.566099, 0, 1775029800], [130.369638, 33.574207, 0, 1775029920], [130.377331, 33.577693, 0, 1775029980], [130.386858, 33.577326, 0, 1775030100], [130.396203, 33.580392, 0, 1775030220], [130.401825, 33.581805, 0, 1775030340], [130.404947, 33.583968, 0, 1775030460], [130.401717, 33.58824, 0, 1775030580], [130.411583, 33.591333, 0, 1775030700], [130.420616, 33.59013, 0, 1775030820]]}}, {"type": "Feature", "properties": {"trip_id": "七隈線_平日_0_023", "route_id": "七隈線", "route_color": "#009157", "route_type": "1", "trip_headsign": "博多"}, "geometry": {"type": "LineString", "coordinates": [[130.321122, 33.555156, 0, 1775029200], [130.329534, 33.552724, 0, 1775029320], [130.337913, 33.550533, 0, 1775029380], [130.346571, 33.548334, 0, 1775029500], [130.354993, 33.545839, 0, 1775029620], [130.362225, 33.547511, 0, 1775029740], [130.361667, 33.553207, 0, 1775029800], [130.361538, 33.559331, 0, 1775029860], [130.3654, 33.566099, 0, 1775029980], [130.369638, 33.574207, 0, 1775030100], [130.377331, 33.577693, 0, 1775030220], [130.386858, 33.577326, 0, 1775030340], [130.396203, 33.580392, 0, 1775030460], [130.401825, 33.581805, 0, 1775030580], [130.404947, 33.583968, 0, 1775030700], [130.401717, 33.58824, 0, 1775030820], [130.411583, 33.591333, 0, 1775030940], [130.420616, 33.59013, 0, 1775031060]]}}, {"type": "Feature", "properties": {"trip_id": "七隈線_平日_0_024", "route_id": "七隈線", "route_color": "#009157", "route_type": "1", "trip_headsign": "博多"}, "geometry": {"type": "LineString", "coordinates": [[130.321122, 33.555156, 0, 1775029440], [130.329534, 33.552724, 0, 1775029500], [130.337913, 33.550533, 0, 1775029620], [130.346571, 33.548334, 0, 1775029740], [130.354993, 33.545839, 0, 1775029800], [130.362225, 33.547511, 0, 1775029920], [130.361667, 33.553207, 0, 1775029980], [130.361538, 33.559331, 0, 1775030100], [130.3654, 33.566099, 0, 1775030220], [130.369638, 33.574207, 0, 1775030340], [130.377331, 33.577693, 0, 1775030400], [130.386858, 33.577326, 0, 1775030580], [130.396203, 33.580392, 0, 1775030700], [130.401825, 33.581805, 0, 1775030820], [130.404947, 33.583968, 0, 1775030880], [130.401717, 33.58824, 0, 1775031060], [130.411583, 33.591333, 0, 1775031180], [130.420616, 33.59013, 0, 1775031300]]}}, {"type": "Feature", "properties": {"trip_id": "七隈線_平日_0_025", "route_id": "七隈線", "route_color": "#009157", "route_type": "1", "trip_headsign": "博多"}, "geometry": {"type": "LineString", "coordinates": [[130.321122, 33.555156, 0, 1775029620], [130.329534, 33.552724, 0, 1775029680], [130.337913, 33.550533, 0, 1775029800], [130.346571, 33.548334, 0, 1775029920], [130.354993, 33.545839, 0, 1775029980], [130.362225, 33.547511, 0, 1775030100], [130.361667, 33.553207, 0, 1775030160], [130.361538, 33.559331, 0, 1775030280], [130.3654, 33.566099, 0, 1775030400], [130.369638, 33.574207, 0, 1775030520], [130.377331, 33.577693, 0, 1775030580], [130.386858, 33.577326, 0, 1775030760], [130.396203, 33.580392, 0, 1775030880], [130.401825, 33.581805, 0, 1775031000], [130.404947, 33.583968, 0, 1775031060], [130.401717, 33.58824, 0, 1775031240], [130.411583, 33.591333, 0, 1775031360], [130.420616, 33.59013, 0, 1775031480]]}}, {"type": "Feature", "properties": {"trip_id": "七隈線_平日_0_026", "route_id": "七隈線", "route_color": "#009157", "route_type": "1", "trip_headsign": "博多"}, "geometry": {"type": "LineString", "coordinates": [[130.321122, 33.555156, 0, 1775029800], [130.329534, 33.552724, 0, 1775029860], [130.337913, 33.550533, 0, 1775029980], [130.346571, 33.548334, 0, 1775030100], [130.354993, 33.545839, 0, 1775030160], [130.362225, 33.547511, 0, 1775030280], [130.361667, 33.553207, 0, 1775030340], [130.361538, 33.559331, 0, 1775030460], [130.3654, 33.566099, 0, 1775030580], [130.369638, 33.574207, 0, 1775030700], [130.377331, 33.577693, 0, 1775030760], [130.386858, 33.577326, 0, 1775030940], [130.396203, 33.580392, 0, 1775031060], [130.401825, 33.581805, 0, 1775031180], [130.404947, 33.583968, 0, 1775031240], [130.401717, 33.58824, 0, 1775031420], [130.411583, 33.591333, 0, 1775031540], [130.420616, 33.59013, 0, 1775031660]]}}, {"type": "Feature", "properties": {"trip_id": "七隈線_平日_0_027", "route_id": "七隈線", "route_color": "#009157", "route_type": "1", "trip_headsign": "博多"}, "geometry": {"type": "LineString", "coordinates": [[130.321122, 33.555156, 0, 1775029980], [130.329534, 33.552724, 0, 1775030040], [130.337913, 33.550533, 0, 1775030160], [130.346571, 33.548334, 0, 1775030280], [130.354993, 33.545839, 0, 1775030340], [130.362225, 33.547511, 0, 1775030460], [130.361667, 33.553207, 0, 1775030520], [130.361538, 33.559331, 0, 1775030640], [130.3654, 33.566099, 0, 1775030760], [130.369638, 33.574207, 0, 1775030880], [130.377331, 33.577693, 0, 1775030940], [130.386858, 33.577326, 0, 1775031120], [130.396203, 33.580392, 0, 1775031240], [130.401825, 33.581805, 0, 1775031360], [130.404947, 33.583968, 0, 1775031420], [130.401717, 33.58824, 0, 1775031600], [130.411583, 33.591333, 0, 1775031720], [130.420616, 33.59013, 0, 1775031840]]}}, {"type": "Feature", "properties": {"trip_id": "七隈線_平日_0_028", "route_id": "七隈線", "route_color": "#009157", "route_type": "1", "trip_headsign": "博多"}, "geometry": {"type": "LineString", "coordinates": [[130.321122, 33.555156, 0, 1775030160], [130.329534, 33.552724, 0, 1775030220], [130.337913, 33.550533, 0, 1775030340], [130.346571, 33.548334, 0, 1775030460], [130.354993, 33.545839, 0, 1775030520], [130.362225, 33.547511, 0, 1775030640], [130.361667, 33.553207, 0, 1775030700], [130.361538, 33.559331, 0, 1775030820], [130.3654, 33.566099, 0, 1775030940], [130.369638, 33.574207, 0, 1775031060], [130.377331, 33.577693, 0, 1775031120], [130.386858, 33.577326, 0, 1775031300], [130.396203, 33.580392, 0, 1775031420], [130.401825, 33.581805, 0, 1775031540], [130.404947, 33.583968, 0, 1775031600], [130.401717, 33.58824, 0, 1775031780], [130.411583, 33.591333, 0, 1775031900], [130.420616, 33.59013, 0, 1775032020]]}}, {"type": "Feature", "properties": {"trip_id": "七隈線_平日_0_029", "route_id": "七隈線", "route_color": "#009157", "route_type": "1", "trip_headsign": "博多"}, "geometry": {"type": "LineString", "coordinates": [[130.321122, 33.555156, 0, 1775030340], [130.329534, 33.552724, 0, 1775030400], [130.337913, 33.550533, 0, 1775030520], [130.346571, 33.548334, 0, 1775030640], [130.354993, 33.545839, 0, 1775030700], [130.362225, 33.547511, 0, 1775030820], [130.361667, 33.553207, 0, 1775030880], [130.361538, 33.559331, 0, 1775031000], [130.3654, 33.566099, 0, 1775031120], [130.369638, 33.574207, 0, 1775031240], [130.377331, 33.577693, 0, 1775031300], [130.386858, 33.577326, 0, 1775031480], [130.396203, 33.580392, 0, 1775031600], [130.401825, 33.581805, 0, 1775031720], [130.404947, 33.583968, 0, 1775031780], [130.401717, 33.58824, 0, 1775031960], [130.411583, 33.591333, 0, 1775032080], [130.420616, 33.59013, 0, 1775032200]]}}, {"type": "Feature", "properties": {"trip_id": "七隈線_平日_0_030", "route_id": "七隈線", "route_color": "#009157", "route_type": "1", "trip_headsign": "博多"}, "geometry": {"type": "LineString", "coordinates": [[130.321122, 33.555156, 0, 1775030520], [130.329534, 33.552724, 0, 1775030580], [130.337913, 33.550533, 0, 1775030700], [130.346571, 33.548334, 0, 1775030820], [130.354993, 33.545839, 0, 1775030880], [130.362225, 33.547511, 0, 1775031000], [130.361667, 33.553207, 0, 1775031060], [130.361538, 33.559331, 0, 1775031180], [130.3654, 33.566099, 0, 1775031300], [130.369638, 33.574207, 0, 1775031420], [130.377331, 33.577693, 0, 1775031480], [130.386858, 33.577326, 0, 1775031660], [130.396203, 33.580392, 0, 1775031780], [130.401825, 33.581805, 0, 1775031900], [130.404947, 33.583968, 0, 1775031960], [130.401717, 33.58824, 0, 1775032140], [130.411583, 33.591333, 0, 1775032260], [130.420616, 33.59013, 0, 1775032380]]}}, {"type": "Feature", "properties": {"trip_id": "七隈線_平日_0_031", "route_id": "七隈線", "route_color": "#009157", "route_type": "1", "trip_headsign": "博多"}, "geometry": {"type": "LineString", "coordinates": [[130.321122, 33.555156, 0, 1775030700], [130.329534, 33.552724, 0, 1775030760], [130.337913, 33.550533, 0, 1775030880], [130.346571, 33.548334, 0, 1775031000], [130.354993, 33.545839, 0, 1775031060], [130.362225, 33.547511, 0, 1775031180], [130.361667, 33.553207, 0, 1775031240], [130.361538, 33.559331, 0, 1775031360], [130.3654, 33.566099, 0, 1775031480], [130.369638, 33.574207, 0, 1775031600], [130.377331, 33.577693, 0, 1775031660], [130.386858, 33.577326, 0, 1775031840], [130.396203, 33.580392, 0, 1775031960], [130.401825, 33.581805, 0, 1775032080], [130.404947, 33.583968, 0, 1775032140], [130.401717, 33.58824, 0, 1775032320], [130.411583, 33.591333, 0, 1775032440], [130.420616, 33.59013, 0, 1775032560]]}}, {"type": "Feature", "properties": {"trip_id": "七隈線_平日_0_032", "route_id": "七隈線", "route_color": "#009157", "route_type": "1", "trip_headsign": "博多"}, "geometry": {"type": "LineString", "coordinates": [[130.321122, 33.555156, 0, 1775030880], [130.329534, 33.552724, 0, 1775030940], [130.337913, 33.550533, 0, 1775031060], [130.346571, 33.548334, 0, 1775031180], [130.354993, 33.545839, 0, 1775031240], [130.362225, 33.547511, 0, 1775031360], [130.361667, 33.553207, 0, 1775031420], [130.361538, 33.559331, 0, 1775031540], [130.3654, 33.566099, 0, 1775031660], [130.369638, 33.574207, 0, 1775031780], [130.377331, 33.577693, 0, 1775031840], [130.386858, 33.577326, 0, 1775032020], [130.396203, 33.580392, 0, 1775032140], [130.401825, 33.581805, 0, 1775032260], [130.404947, 33.583968, 0, 1775032320], [130.401717, 33.58824, 0, 1775032500], [130.411583, 33.591333, 0, 1775032620], [130.420616, 33.59013, 0, 1775032740]]}}, {"type": "Feature", "properties": {"trip_id": "七隈線_平日_0_033", "route_id": "七隈線", "route_color": "#009157", "route_type": "1", "trip_headsign": "博多"}, "geometry": {"type": "LineString", "coordinates": [[130.321122, 33.555156, 0, 1775031060], [130.329534, 33.552724, 0, 1775031120], [130.337913, 33.550533, 0, 1775031240], [130.346571, 33.548334, 0, 1775031360], [130.354993, 33.545839, 0, 1775031420], [130.362225, 33.547511, 0, 1775031540], [130.361667, 33.553207, 0, 1775031600], [130.361538, 33.559331, 0, 1775031720], [130.3654, 33.566099, 0, 1775031840], [130.369638, 33.574207, 0, 1775031960], [130.377331, 33.577693, 0, 1775032020], [130.386858, 33.577326, 0, 1775032200], [130.396203, 33.580392, 0, 1775032320], [130.401825, 33.581805, 0, 1775032440], [130.404947, 33.583968, 0, 1775032500], [130.401717, 33.58824, 0, 1775032680], [130.411583, 33.591333, 0, 1775032800], [130.420616, 33.59013, 0, 1775032920]]}}, {"type": "Feature", "properties": {"trip_id": "七隈線_平日_0_034", "route_id": "七隈線", "route_color": "#009157", "route_type": "1", "trip_headsign": "博多"}, "geometry": {"type": "LineString", "coordinates": [[130.321122, 33.555156, 0, 1775031300], [130.329534, 33.552724, 0, 1775031420], [130.337913, 33.550533, 0, 1775031480], [130.346571, 33.548334, 0, 1775031600], [130.354993, 33.545839, 0, 1775031720], [130.362225, 33.547511, 0, 1775031780], [130.361667, 33.553207, 0, 1775031900], [130.361538, 33.559331, 0, 1775031960], [130.3654, 33.566099, 0, 1775032080], [130.369638, 33.574207, 0, 1775032200], [130.377331, 33.577693, 0, 1775032320], [130.386858, 33.577326, 0, 1775032380], [130.396203, 33.580392, 0, 1775032500], [130.401825, 33.581805, 0, 1775032620], [130.404947, 33.583968, 0, 1775032740], [130.401717, 33.58824, 0, 1775032860], [130.411583, 33.591333, 0, 1775032980], [130.420616, 33.59013, 0, 1775033040]]}}, {"type": "Feature", "properties": {"trip_id": "七隈線_平日_0_035", "route_id": "七隈線", "route_color": "#009157", "route_type": "1", "trip_headsign": "博多"}, "geometry": {"type": "LineString", "coordinates": [[130.321122, 33.555156, 0, 1775031540], [130.329534, 33.552724, 0, 1775031660], [130.337913, 33.550533, 0, 1775031780], [130.346571, 33.548334, 0, 1775031840], [130.354993, 33.545839, 0, 1775031960], [130.362225, 33.547511, 0, 1775032080], [130.361667, 33.553207, 0, 1775032140], [130.361538, 33.559331, 0, 1775032200], [130.3654, 33.566099, 0, 1775032320], [130.369638, 33.574207, 0, 1775032440], [130.377331, 33.577693, 0, 1775032560], [130.386858, 33.577326, 0, 1775032680], [130.396203, 33.580392, 0, 1775032800], [130.401825, 33.581805, 0, 1775032860], [130.404947, 33.583968, 0, 1775032980], [130.401717, 33.58824, 0, 1775033100], [130.411583, 33.591333, 0, 1775033220], [130.420616, 33.59013, 0, 1775033340]]}}, {"type": "Feature", "properties": {"trip_id": "七隈線_平日_0_036", "route_id": "七隈線", "route_color": "#009157", "route_type": "1", "trip_headsign": "博多"}, "geometry": {"type": "LineString", "coordinates": [[130.321122, 33.555156, 0, 1775031840], [130.329534, 33.552724, 0, 1775031960], [130.337913, 33.550533, 0, 1775032020], [130.346571, 33.548334, 0, 1775032140], [130.354993, 33.545839, 0, 1775032200], [130.362225, 33.547511, 0, 1775032320], [130.361667, 33.553207, 0, 1775032380], [130.361538, 33.559331, 0, 1775032500], [130.3654, 33.566099, 0, 1775032620], [130.369638, 33.574207, 0, 1775032740], [130.377331, 33.577693, 0, 1775032800], [130.386858, 33.577326, 0, 1775032920], [130.396203, 33.580392, 0, 1775033040], [130.401825, 33.581805, 0, 1775033160], [130.404947, 33.583968, 0, 1775033220], [130.401717, 33.58824, 0, 1775033340], [130.411583, 33.591333, 0, 1775033460], [130.420616, 33.59013, 0, 1775033580]]}}, {"type": "Feature", "properties": {"trip_id": "七隈線_平日_0_037", "route_id": "七隈線", "route_color": "#009157", "route_type": "1", "trip_headsign": "博多"}, "geometry": {"type": "LineString", "coordinates": [[130.321122, 33.555156, 0, 1775032080], [130.329534, 33.552724, 0, 1775032200], [130.337913, 33.550533, 0, 1775032260], [130.346571, 33.548334, 0, 1775032380], [130.354993, 33.545839, 0, 1775032440], [130.362225, 33.547511, 0, 1775032560], [130.361667, 33.553207, 0, 1775032680], [130.361538, 33.559331, 0, 1775032740], [130.3654, 33.566099, 0, 1775032860], [130.369638, 33.574207, 0, 1775032980], [130.377331, 33.577693, 0, 1775033040], [130.386858, 33.577326, 0, 1775033160], [130.396203, 33.580392, 0, 1775033280], [130.401825, 33.581805, 0, 1775033400], [130.404947, 33.583968, 0, 1775033460], [130.401717, 33.58824, 0, 1775033640], [130.411583, 33.591333, 0, 1775033760], [130.420616, 33.59013, 0, 1775033820]]}}, {"type": "Feature", "properties": {"trip_id": "七隈線_平日_0_038", "route_id": "七隈線", "route_color": "#009157", "route_type": "1", "trip_headsign": "博多"}, "geometry": {"type": "LineString", "coordinates": [[130.321122, 33.555156, 0, 1775032320], [130.329534, 33.552724, 0, 1775032440], [130.337913, 33.550533, 0, 1775032560], [130.346571, 33.548334, 0, 1775032620], [130.354993, 33.545839, 0, 1775032740], [130.362225, 33.547511, 0, 1775032860], [130.361667, 33.553207, 0, 1775032920], [130.361538, 33.559331, 0, 1775032980], [130.3654, 33.566099, 0, 1775033100], [130.369638, 33.574207, 0, 1775033220], [130.377331, 33.577693, 0, 1775033340], [130.386858, 33.577326, 0, 1775033460], [130.396203, 33.580392, 0, 1775033580], [130.401825, 33.581805, 0, 1775033640], [130.404947, 33.583968, 0, 1775033760], [130.401717, 33.58824, 0, 1775033880], [130.411583, 33.591333, 0, 1775034000], [130.420616, 33.59013, 0, 1775034120]]}}, {"type": "Feature", "properties": {"trip_id": "七隈線_平日_0_039", "route_id": "七隈線", "route_color": "#009157", "route_type": "1", "trip_headsign": "博多"}, "geometry": {"type": "LineString", "coordinates": [[130.321122, 33.555156, 0, 1775032560], [130.329534, 33.552724, 0, 1775032680], [130.337913, 33.550533, 0, 1775032740], [130.346571, 33.548334, 0, 1775032860], [130.354993, 33.545839, 0, 1775032920], [130.362225, 33.547511, 0, 1775033040], [130.361667, 33.553207, 0, 1775033160], [130.361538, 33.559331, 0, 1775033220], [130.3654, 33.566099, 0, 1775033340], [130.369638, 33.574207, 0, 1775033460], [130.377331, 33.577693, 0, 1775033520], [130.386858, 33.577326, 0, 1775033640], [130.396203, 33.580392, 0, 1775033760], [130.401825, 33.581805, 0, 1775033880], [130.404947, 33.583968, 0, 1775033940], [130.401717, 33.58824, 0, 1775034120], [130.411583, 33.591333, 0, 1775034240], [130.420616, 33.59013, 0, 1775034300]]}}, {"type": "Feature", "properties": {"trip_id": "七隈線_平日_0_040", "route_id": "七隈線", "route_color": "#009157", "route_type": "1", "trip_headsign": "博多"}, "geometry": {"type": "LineString", "coordinates": [[130.321122, 33.555156, 0, 1775032800], [130.329534, 33.552724, 0, 1775032920], [130.337913, 33.550533, 0, 1775032980], [130.346571, 33.548334, 0, 1775033100], [130.354993, 33.545839, 0, 1775033160], [130.362225, 33.547511, 0, 1775033280], [130.361667, 33.553207, 0, 1775033340], [130.361538, 33.559331, 0, 1775033460], [130.3654, 33.566099, 0, 1775033580], [130.369638, 33.574207, 0, 1775033700], [130.377331, 33.577693, 0, 1775033760], [130.386858, 33.577326, 0, 1775033880], [130.396203, 33.580392, 0, 1775034000], [130.401825, 33.581805, 0, 1775034120], [130.404947, 33.583968, 0, 1775034180], [130.401717, 33.58824, 0, 1775034300], [130.411583, 33.591333, 0, 1775034420], [130.420616, 33.59013, 0, 1775034540]]}}, {"type": "Feature", "properties": {"trip_id": "七隈線_平日_0_041", "route_id": "七隈線", "route_color": "#009157", "route_type": "1", "trip_headsign": "博多"}, "geometry": {"type": "LineString", "coordinates": [[130.321122, 33.555156, 0, 1775033040], [130.329534, 33.552724, 0, 1775033100], [130.337913, 33.550533, 0, 1775033220], [130.346571, 33.548334, 0, 1775033280], [130.354993, 33.545839, 0, 1775033400], [130.362225, 33.547511, 0, 1775033520], [130.361667, 33.553207, 0, 1775033580], [130.361538, 33.559331, 0, 1775033700], [130.3654, 33.566099, 0, 1775033760], [130.369638, 33.574207, 0, 1775033880], [130.377331, 33.577693, 0, 1775034000], [130.386858, 33.577326, 0, 1775034120], [130.396203, 33.580392, 0, 1775034240], [130.401825, 33.581805, 0, 1775034300], [130.404947, 33.583968, 0, 1775034420], [130.401717, 33.58824, 0, 1775034540], [130.411583, 33.591333, 0, 1775034660], [130.420616, 33.59013, 0, 1775034780]]}}, {"type": "Feature", "properties": {"trip_id": "七隈線_平日_0_042", "route_id": "七隈線", "route_color": "#009157", "route_type": "1", "trip_headsign": "博多"}, "geometry": {"type": "LineString", "coordinates": [[130.321122, 33.555156, 0, 1775033280], [130.329534, 33.552724, 0, 1775033340], [130.337913, 33.550533, 0, 1775033460], [130.346571, 33.548334, 0, 1775033580], [130.354993, 33.545839, 0, 1775033640], [130.362225, 33.547511, 0, 1775033760], [130.361667, 33.553207, 0, 1775033820], [130.361538, 33.559331, 0, 1775033940], [130.3654, 33.566099, 0, 1775034060], [130.369638, 33.574207, 0, 1775034180], [130.377331, 33.577693, 0, 1775034240], [130.386858, 33.577326, 0, 1775034360], [130.396203, 33.580392, 0, 1775034480], [130.401825, 33.581805, 0, 1775034600], [130.404947, 33.583968, 0, 1775034660], [130.401717, 33.58824, 0, 1775034780], [130.411583, 33.591333, 0, 1775034900], [130.420616, 33.59013, 0, 1775035020]]}}, {"type": "Feature", "properties": {"trip_id": "七隈線_平日_0_043", "route_id": "七隈線", "route_color": "#009157", "route_type": "1", "trip_headsign": "博多"}, "geometry": {"type": "LineString", "coordinates": [[130.321122, 33.555156, 0, 1775033520], [130.329534, 33.552724, 0, 1775033640], [130.337913, 33.550533, 0, 1775033700], [130.346571, 33.548334, 0, 1775033820], [130.354993, 33.545839, 0, 1775033940], [130.362225, 33.547511, 0, 1775034060], [130.361667, 33.553207, 0, 1775034120], [130.361538, 33.559331, 0, 1775034180], [130.3654, 33.566099, 0, 1775034300], [130.369638, 33.574207, 0, 1775034420], [130.377331, 33.577693, 0, 1775034540], [130.386858, 33.577326, 0, 1775034660], [130.396203, 33.580392, 0, 1775034720], [130.401825, 33.581805, 0, 1775034840], [130.404947, 33.583968, 0, 1775034960], [130.401717, 33.58824, 0, 1775035080], [130.411583, 33.591333, 0, 1775035200], [130.420616, 33.59013, 0, 1775035260]]}}, {"type": "Feature", "properties": {"trip_id": "七隈線_平日_0_044", "route_id": "七隈線", "route_color": "#009157", "route_type": "1", "trip_headsign": "博多"}, "geometry": {"type": "LineString", "coordinates": [[130.321122, 33.555156, 0, 1775033820], [130.329534, 33.552724, 0, 1775033880], [130.337913, 33.550533, 0, 1775034000], [130.346571, 33.548334, 0, 1775034120], [130.354993, 33.545839, 0, 1775034180], [130.362225, 33.547511, 0, 1775034300], [130.361667, 33.553207, 0, 1775034360], [130.361538, 33.559331, 0, 1775034480], [130.3654, 33.566099, 0, 1775034600], [130.369638, 33.574207, 0, 1775034720], [130.377331, 33.577693, 0, 1775034780], [130.386858, 33.577326, 0, 1775034900], [130.396203, 33.580392, 0, 1775035020], [130.401825, 33.581805, 0, 1775035140], [130.404947, 33.583968, 0, 1775035200], [130.401717, 33.58824, 0, 1775035320], [130.411583, 33.591333, 0, 1775035440], [130.420616, 33.59013, 0, 1775035560]]}}, {"type": "Feature", "properties": {"trip_id": "七隈線_平日_0_045", "route_id": "七隈線", "route_color": "#009157", "route_type": "1", "trip_headsign": "博多"}, "geometry": {"type": "LineString", "coordinates": [[130.321122, 33.555156, 0, 1775034060], [130.329534, 33.552724, 0, 1775034180], [130.337913, 33.550533, 0, 1775034240], [130.346571, 33.548334, 0, 1775034360], [130.354993, 33.545839, 0, 1775034480], [130.362225, 33.547511, 0, 1775034600], [130.361667, 33.553207, 0, 1775034660], [130.361538, 33.559331, 0, 1775034720], [130.3654, 33.566099, 0, 1775034840], [130.369638, 33.574207, 0, 1775034960], [130.377331, 33.577693, 0, 1775035080], [130.386858, 33.577326, 0, 1775035200], [130.396203, 33.580392, 0, 1775035260], [130.401825, 33.581805, 0, 1775035380], [130.404947, 33.583968, 0, 1775035500], [130.401717, 33.58824, 0, 1775035620], [130.411583, 33.591333, 0, 1775035740], [130.420616, 33.59013, 0, 1775035800]]}}, {"type": "Feature", "properties": {"trip_id": "七隈線_平日_0_046", "route_id": "七隈線", "route_color": "#009157", "route_type": "1", "trip_headsign": "博多"}, "geometry": {"type": "LineString", "coordinates": [[130.321122, 33.555156, 0, 1775034360], [130.329534, 33.552724, 0, 1775034420], [130.337913, 33.550533, 0, 1775034540], [130.346571, 33.548334, 0, 1775034660], [130.354993, 33.545839, 0, 1775034720], [130.362225, 33.547511, 0, 1775034840], [130.361667, 33.553207, 0, 1775034900], [130.361538, 33.559331, 0, 1775035020], [130.3654, 33.566099, 0, 1775035140], [130.369638, 33.574207, 0, 1775035260], [130.377331, 33.577693, 0, 1775035320], [130.386858, 33.577326, 0, 1775035440], [130.396203, 33.580392, 0, 1775035560], [130.401825, 33.581805, 0, 1775035680], [130.404947, 33.583968, 0, 1775035740], [130.401717, 33.58824, 0, 1775035860], [130.411583, 33.591333, 0, 1775035980], [130.420616, 33.59013, 0, 1775036100]]}}, {"type": "Feature", "properties": {"trip_id": "七隈線_平日_0_047", "route_id": "七隈線", "route_color": "#009157", "route_type": "1", "trip_headsign": "博多"}, "geometry": {"type": "LineString", "coordinates": [[130.321122, 33.555156, 0, 1775034600], [130.329534, 33.552724, 0, 1775034660], [130.337913, 33.550533, 0, 1775034780], [130.346571, 33.548334, 0, 1775034900], [130.354993, 33.545839, 0, 1775034960], [130.362225, 33.547511, 0, 1775035080], [130.361667, 33.553207, 0, 1775035140], [130.361538, 33.559331, 0, 1775035260], [130.3654, 33.566099, 0, 1775035380], [130.369638, 33.574207, 0, 1775035500], [130.377331, 33.577693, 0, 1775035560], [130.386858, 33.577326, 0, 1775035680], [130.396203, 33.580392, 0, 1775035800], [130.401825, 33.581805, 0, 1775035920], [130.404947, 33.583968, 0, 1775035980], [130.401717, 33.58824, 0, 1775036100], [130.411583, 33.591333, 0, 1775036220], [130.420616, 33.59013, 0, 1775036340]]}}, {"type": "Feature", "properties": {"trip_id": "七隈線_平日_0_048", "route_id": "七隈線", "route_color": "#009157", "route_type": "1", "trip_headsign": "博多"}, "geometry": {"type": "LineString", "coordinates": [[130.321122, 33.555156, 0, 1775034900], [130.329534, 33.552724, 0, 1775034960], [130.337913, 33.550533, 0, 1775035080], [130.346571, 33.548334, 0, 1775035200], [130.354993, 33.545839, 0, 1775035260], [130.362225, 33.547511, 0, 1775035380], [130.361667, 33.553207, 0, 1775035440], [130.361538, 33.559331, 0, 1775035560], [130.3654, 33.566099, 0, 1775035680], [130.369638, 33.574207, 0, 1775035800], [130.377331, 33.577693, 0, 1775035860], [130.386858, 33.577326, 0, 1775035980], [130.396203, 33.580392, 0, 1775036100], [130.401825, 33.581805, 0, 1775036220], [130.404947, 33.583968, 0, 1775036280], [130.401717, 33.58824, 0, 1775036400], [130.411583, 33.591333, 0, 1775036520], [130.420616, 33.59013, 0, 1775036640]]}}, {"type": "Feature", "properties": {"trip_id": "七隈線_平日_0_049", "route_id": "七隈線", "route_color": "#009157", "route_type": "1", "trip_headsign": "博多"}, "geometry": {"type": "LineString", "coordinates": [[130.321122, 33.555156, 0, 1775035200], [130.329534, 33.552724, 0, 1775035260], [130.337913, 33.550533, 0, 1775035380], [130.346571, 33.548334, 0, 1775035500], [130.354993, 33.545839, 0, 1775035560], [130.362225, 33.547511, 0, 1775035680], [130.361667, 33.553207, 0, 1775035740], [130.361538, 33.559331, 0, 1775035860], [130.3654, 33.566099, 0, 1775035980], [130.369638, 33.574207, 0, 1775036100], [130.377331, 33.577693, 0, 1775036160], [130.386858, 33.577326, 0, 1775036280], [130.396203, 33.580392, 0, 1775036400], [130.401825, 33.581805, 0, 1775036520], [130.404947, 33.583968, 0, 1775036580], [130.401717, 33.58824, 0, 1775036700], [130.411583, 33.591333, 0, 1775036820], [130.420616, 33.59013, 0, 1775036940]]}}, {"type": "Feature", "properties": {"trip_id": "七隈線_平日_0_050", "route_id": "七隈線", "route_color": "#009157", "route_type": "1", "trip_headsign": "博多"}, "geometry": {"type": "LineString", "coordinates": [[130.321122, 33.555156, 0, 1775035500], [130.329534, 33.552724, 0, 1775035560], [130.337913, 33.550533, 0, 1775035680], [130.346571, 33.548334, 0, 1775035800], [130.354993, 33.545839, 0, 1775035860], [130.362225, 33.547511, 0, 1775035980], [130.361667, 33.553207, 0, 1775036040], [130.361538, 33.559331, 0, 1775036160], [130.3654, 33.566099, 0, 1775036280], [130.369638, 33.574207, 0, 1775036400], [130.377331, 33.577693, 0, 1775036460], [130.386858, 33.577326, 0, 1775036580], [130.396203, 33.580392, 0, 1775036700], [130.401825, 33.581805, 0, 1775036820], [130.404947, 33.583968, 0, 1775036880], [130.401717, 33.58824, 0, 1775037000], [130.411583, 33.591333, 0, 1775037120], [130.420616, 33.59013, 0, 1775037240]]}}, {"type": "Feature", "properties": {"trip_id": "七隈線_平日_0_051", "route_id": "七隈線", "route_color": "#009157", "route_type": "1", "trip_headsign": "博多"}, "geometry": {"type": "LineString", "coordinates": [[130.321122, 33.555156, 0, 1775035800], [130.329534, 33.552724, 0, 1775035860], [130.337913, 33.550533, 0, 1775035980], [130.346571, 33.548334, 0, 1775036100], [130.354993, 33.545839, 0, 1775036160], [130.362225, 33.547511, 0, 1775036280], [130.361667, 33.553207, 0, 1775036340], [130.361538, 33.559331, 0, 1775036460], [130.3654, 33.566099, 0, 1775036580], [130.369638, 33.574207, 0, 1775036700], [130.377331, 33.577693, 0, 1775036760], [130.386858, 33.577326, 0, 1775036880], [130.396203, 33.580392, 0, 1775037000], [130.401825, 33.581805, 0, 1775037120], [130.404947, 33.583968, 0, 1775037180], [130.401717, 33.58824, 0, 1775037300], [130.411583, 33.591333, 0, 1775037420], [130.420616, 33.59013, 0, 1775037540]]}}, {"type": "Feature", "properties": {"trip_id": "七隈線_平日_0_052", "route_id": "七隈線", "route_color": "#009157", "route_type": "1", "trip_headsign": "博多"}, "geometry": {"type": "LineString", "coordinates": [[130.321122, 33.555156, 0, 1775036220], [130.329534, 33.552724, 0, 1775036280], [130.337913, 33.550533, 0, 1775036400], [130.346571, 33.548334, 0, 1775036520], [130.354993, 33.545839, 0, 1775036580], [130.362225, 33.547511, 0, 1775036700], [130.361667, 33.553207, 0, 1775036760], [130.361538, 33.559331, 0, 1775036880], [130.3654, 33.566099, 0, 1775037000], [130.369638, 33.574207, 0, 1775037120], [130.377331, 33.577693, 0, 1775037180], [130.386858, 33.577326, 0, 1775037300], [130.396203, 33.580392, 0, 1775037420], [130.401825, 33.581805, 0, 1775037540], [130.404947, 33.583968, 0, 1775037600], [130.401717, 33.58824, 0, 1775037720], [130.411583, 33.591333, 0, 1775037840], [130.420616, 33.59013, 0, 1775037960]]}}, {"type": "Feature", "properties": {"trip_id": "七隈線_平日_0_053", "route_id": "七隈線", "route_color": "#009157", "route_type": "1", "trip_headsign": "博多"}, "geometry": {"type": "LineString", "coordinates": [[130.321122, 33.555156, 0, 1775036640], [130.329534, 33.552724, 0, 1775036760], [130.337913, 33.550533, 0, 1775036820], [130.346571, 33.548334, 0, 1775036940], [130.354993, 33.545839, 0, 1775037060], [130.362225, 33.547511, 0, 1775037180], [130.361667, 33.553207, 0, 1775037240], [130.361538, 33.559331, 0, 1775037300], [130.3654, 33.566099, 0, 1775037420], [130.369638, 33.574207, 0, 1775037540], [130.377331, 33.577693, 0, 1775037660], [130.386858, 33.577326, 0, 1775037780], [130.396203, 33.580392, 0, 1775037840], [130.401825, 33.581805, 0, 1775037960], [130.404947, 33.583968, 0, 1775038080], [130.401717, 33.58824, 0, 1775038200], [130.411583, 33.591333, 0, 1775038320], [130.420616, 33.59013, 0, 1775038380]]}}, {"type": "Feature", "properties": {"trip_id": "七隈線_平日_0_054", "route_id": "七隈線", "route_color": "#009157", "route_type": "1", "trip_headsign": "博多"}, "geometry": {"type": "LineString", "coordinates": [[130.321122, 33.555156, 0, 1775037120], [130.329534, 33.552724, 0, 1775037180], [130.337913, 33.550533, 0, 1775037300], [130.346571, 33.548334, 0, 1775037420], [130.354993, 33.545839, 0, 1775037480], [130.362225, 33.547511, 0, 1775037600], [130.361667, 33.553207, 0, 1775037660], [130.361538, 33.559331, 0, 1775037780], [130.3654, 33.566099, 0, 1775037900], [130.369638, 33.574207, 0, 1775038020], [130.377331, 33.577693, 0, 1775038080], [130.386858, 33.577326, 0, 1775038200], [130.396203, 33.580392, 0, 1775038320], [130.401825, 33.581805, 0, 1775038440], [130.404947, 33.583968, 0, 1775038500], [130.401717, 33.58824, 0, 1775038620], [130.411583, 33.591333, 0, 1775038740], [130.420616, 33.59013, 0, 1775038860]]}}, {"type": "Feature", "properties": {"trip_id": "七隈線_平日_0_055", "route_id": "七隈線", "route_color": "#009157", "route_type": "1", "trip_headsign": "博多"}, "geometry": {"type": "LineString", "coordinates": [[130.321122, 33.555156, 0, 1775037540], [130.329534, 33.552724, 0, 1775037660], [130.337913, 33.550533, 0, 1775037720], [130.346571, 33.548334, 0, 1775037840], [130.354993, 33.545839, 0, 1775037960], [130.362225, 33.547511, 0, 1775038080], [130.361667, 33.553207, 0, 1775038140], [130.361538, 33.559331, 0, 1775038200], [130.3654, 33.566099, 0, 1775038320], [130.369638, 33.574207, 0, 1775038440], [130.377331, 33.577693, 0, 1775038560], [130.386858, 33.577326, 0, 1775038680], [130.396203, 33.580392, 0, 1775038740], [130.401825, 33.581805, 0, 1775038860], [130.404947, 33.583968, 0, 1775038980], [130.401717, 33.58824, 0, 1775039100], [130.411583, 33.591333, 0, 1775039220], [130.420616, 33.59013, 0, 1775039280]]}}, {"type": "Feature", "properties": {"trip_id": "七隈線_平日_0_056", "route_id": "七隈線", "route_color": "#009157", "route_type": "1", "trip_headsign": "博多"}, "geometry": {"type": "LineString", "coordinates": [[130.321122, 33.555156, 0, 1775038020], [130.329534, 33.552724, 0, 1775038080], [130.337913, 33.550533, 0, 1775038200], [130.346571, 33.548334, 0, 1775038320], [130.354993, 33.545839, 0, 1775038380], [130.362225, 33.547511, 0, 1775038500], [130.361667, 33.553207, 0, 1775038560], [130.361538, 33.559331, 0, 1775038680], [130.3654, 33.566099, 0, 1775038800], [130.369638, 33.574207, 0, 1775038920], [130.377331, 33.577693, 0, 1775038980], [130.386858, 33.577326, 0, 1775039100], [130.396203, 33.580392, 0, 1775039220], [130.401825, 33.581805, 0, 1775039340], [130.404947, 33.583968, 0, 1775039400], [130.401717, 33.58824, 0, 1775039520], [130.411583, 33.591333, 0, 1775039640], [130.420616, 33.59013, 0, 1775039760]]}}, {"type": "Feature", "properties": {"trip_id": "七隈線_平日_0_057", "route_id": "七隈線", "route_color": "#009157", "route_type": "1", "trip_headsign": "博多"}, "geometry": {"type": "LineString", "coordinates": [[130.321122, 33.555156, 0, 1775038440], [130.329534, 33.552724, 0, 1775038500], [130.337913, 33.550533, 0, 1775038620], [130.346571, 33.548334, 0, 1775038740], [130.354993, 33.545839, 0, 1775038800], [130.362225, 33.547511, 0, 1775038920], [130.361667, 33.553207, 0, 1775038980], [130.361538, 33.559331, 0, 1775039100], [130.3654, 33.566099, 0, 1775039220], [130.369638, 33.574207, 0, 1775039340], [130.377331, 33.577693, 0, 1775039400], [130.386858, 33.577326, 0, 1775039520], [130.396203, 33.580392, 0, 1775039640], [130.401825, 33.581805, 0, 1775039760], [130.404947, 33.583968, 0, 1775039820], [130.401717, 33.58824, 0, 1775039940], [130.411583, 33.591333, 0, 1775040060], [130.420616, 33.59013, 0, 1775040180]]}}, {"type": "Feature", "properties": {"trip_id": "七隈線_平日_0_058", "route_id": "七隈線", "route_color": "#009157", "route_type": "1", "trip_headsign": "博多"}, "geometry": {"type": "LineString", "coordinates": [[130.321122, 33.555156, 0, 1775038860], [130.329534, 33.552724, 0, 1775038920], [130.337913, 33.550533, 0, 1775039040], [130.346571, 33.548334, 0, 1775039160], [130.354993, 33.545839, 0, 1775039220], [130.362225, 33.547511, 0, 1775039340], [130.361667, 33.553207, 0, 1775039400], [130.361538, 33.559331, 0, 1775039520], [130.3654, 33.566099, 0, 1775039640], [130.369638, 33.574207, 0, 1775039760], [130.377331, 33.577693, 0, 1775039820], [130.386858, 33.577326, 0, 1775039940], [130.396203, 33.580392, 0, 1775040060], [130.401825, 33.581805, 0, 1775040180], [130.404947, 33.583968, 0, 1775040240], [130.401717, 33.58824, 0, 1775040360], [130.411583, 33.591333, 0, 1775040480], [130.420616, 33.59013, 0, 1775040600]]}}, {"type": "Feature", "properties": {"trip_id": "七隈線_平日_0_059", "route_id": "七隈線", "route_color": "#009157", "route_type": "1", "trip_headsign": "博多"}, "geometry": {"type": "LineString", "coordinates": [[130.321122, 33.555156, 0, 1775039280], [130.329534, 33.552724, 0, 1775039340], [130.337913, 33.550533, 0, 1775039460], [130.346571, 33.548334, 0, 1775039580], [130.354993, 33.545839, 0, 1775039640], [130.362225, 33.547511, 0, 1775039760], [130.361667, 33.553207, 0, 1775039820], [130.361538, 33.559331, 0, 1775039940], [130.3654, 33.566099, 0, 1775040060], [130.369638, 33.574207, 0, 1775040180], [130.377331, 33.577693, 0, 1775040240], [130.386858, 33.577326, 0, 1775040360], [130.396203, 33.580392, 0, 1775040480], [130.401825, 33.581805, 0, 1775040600], [130.404947, 33.583968, 0, 1775040660], [130.401717, 33.58824, 0, 1775040780], [130.411583, 33.591333, 0, 1775040900], [130.420616, 33.59013, 0, 1775041020]]}}, {"type": "Feature", "properties": {"trip_id": "七隈線_平日_0_060", "route_id": "七隈線", "route_color": "#009157", "route_type": "1", "trip_headsign": "博多"}, "geometry": {"type": "LineString", "coordinates": [[130.321122, 33.555156, 0, 1775039700], [130.329534, 33.552724, 0, 1775039820], [130.337913, 33.550533, 0, 1775039880], [130.346571, 33.548334, 0, 1775040000], [130.354993, 33.545839, 0, 1775040120], [130.362225, 33.547511, 0, 1775040240], [130.361667, 33.553207, 0, 1775040300], [130.361538, 33.559331, 0, 1775040360], [130.3654, 33.566099, 0, 1775040480], [130.369638, 33.574207, 0, 1775040600], [130.377331, 33.577693, 0, 1775040720], [130.386858, 33.577326, 0, 1775040840], [130.396203, 33.580392, 0, 1775040900], [130.401825, 33.581805, 0, 1775041020], [130.404947, 33.583968, 0, 1775041140], [130.401717, 33.58824, 0, 1775041260], [130.411583, 33.591333, 0, 1775041380], [130.420616, 33.59013, 0, 1775041440]]}}, {"type": "Feature", "properties": {"trip_id": "七隈線_平日_0_061", "route_id": "七隈線", "route_color": "#009157", "route_type": "1", "trip_headsign": "博多"}, "geometry": {"type": "LineString", "coordinates": [[130.321122, 33.555156, 0, 1775040180], [130.329534, 33.552724, 0, 1775040300], [130.337913, 33.550533, 0, 1775040360], [130.346571, 33.548334, 0, 1775040480], [130.354993, 33.545839, 0, 1775040600], [130.362225, 33.547511, 0, 1775040720], [130.361667, 33.553207, 0, 1775040780], [130.361538, 33.559331, 0, 1775040840], [130.3654, 33.566099, 0, 1775040960], [130.369638, 33.574207, 0, 1775041080], [130.377331, 33.577693, 0, 1775041200], [130.386858, 33.577326, 0, 1775041320], [130.396203, 33.580392, 0, 1775041380], [130.401825, 33.581805, 0, 1775041500], [130.404947, 33.583968, 0, 1775041620], [130.401717, 33.58824, 0, 1775041740], [130.411583, 33.591333, 0, 1775041860], [130.420616, 33.59013, 0, 1775041920]]}}, {"type": "Feature", "properties": {"trip_id": "七隈線_平日_0_062", "route_id": "七隈線", "route_color": "#009157", "route_type": "1", "trip_headsign": "博多"}, "geometry": {"type": "LineString", "coordinates": [[130.321122, 33.555156, 0, 1775040660], [130.329534, 33.552724, 0, 1775040780], [130.337913, 33.550533, 0, 1775040840], [130.346571, 33.548334, 0, 1775040960], [130.354993, 33.545839, 0, 1775041020], [130.362225, 33.547511, 0, 1775041140], [130.361667, 33.553207, 0, 1775041260], [130.361538, 33.559331, 0, 1775041320], [130.3654, 33.566099, 0, 1775041440], [130.369638, 33.574207, 0, 1775041560], [130.377331, 33.577693, 0, 1775041620], [130.386858, 33.577326, 0, 1775041740], [130.396203, 33.580392, 0, 1775041860], [130.401825, 33.581805, 0, 1775041980], [130.404947, 33.583968, 0, 1775042040], [130.401717, 33.58824, 0, 1775042220], [130.411583, 33.591333, 0, 1775042340], [130.420616, 33.59013, 0, 1775042400]]}}, {"type": "Feature", "properties": {"trip_id": "七隈線_平日_0_063", "route_id": "七隈線", "route_color": "#009157", "route_type": "1", "trip_headsign": "博多"}, "geometry": {"type": "LineString", "coordinates": [[130.321122, 33.555156, 0, 1775041140], [130.329534, 33.552724, 0, 1775041200], [130.337913, 33.550533, 0, 1775041320], [130.346571, 33.548334, 0, 1775041440], [130.354993, 33.545839, 0, 1775041500], [130.362225, 33.547511, 0, 1775041620], [130.361667, 33.553207, 0, 1775041680], [130.361538, 33.559331, 0, 1775041800], [130.3654, 33.566099, 0, 1775041920], [130.369638, 33.574207, 0, 1775042040], [130.377331, 33.577693, 0, 1775042100], [130.386858, 33.577326, 0, 1775042220], [130.396203, 33.580392, 0, 1775042340], [130.401825, 33.581805, 0, 1775042460], [130.404947, 33.583968, 0, 1775042520], [130.401717, 33.58824, 0, 1775042640], [130.411583, 33.591333, 0, 1775042760], [130.420616, 33.59013, 0, 1775042880]]}}, {"type": "Feature", "properties": {"trip_id": "七隈線_平日_0_064", "route_id": "七隈線", "route_color": "#009157", "route_type": "1", "trip_headsign": "博多"}, "geometry": {"type": "LineString", "coordinates": [[130.321122, 33.555156, 0, 1775041560], [130.329534, 33.552724, 0, 1775041620], [130.337913, 33.550533, 0, 1775041740], [130.346571, 33.548334, 0, 1775041860], [130.354993, 33.545839, 0, 1775041920], [130.362225, 33.547511, 0, 1775042040], [130.361667, 33.553207, 0, 1775042100], [130.361538, 33.559331, 0, 1775042220], [130.3654, 33.566099, 0, 1775042340], [130.369638, 33.574207, 0, 1775042460], [130.377331, 33.577693, 0, 1775042520], [130.386858, 33.577326, 0, 1775042640], [130.396203, 33.580392, 0, 1775042760], [130.401825, 33.581805, 0, 1775042880], [130.404947, 33.583968, 0, 1775042940], [130.401717, 33.58824, 0, 1775043060], [130.411583, 33.591333, 0, 1775043180], [130.420616, 33.59013, 0, 1775043300]]}}, {"type": "Feature", "properties": {"trip_id": "七隈線_平日_0_065", "route_id": "七隈線", "route_color": "#009157", "route_type": "1", "trip_headsign": "博多"}, "geometry": {"type": "LineString", "coordinates": [[130.321122, 33.555156, 0, 1775041980], [130.329534, 33.552724, 0, 1775042040], [130.337913, 33.550533, 0, 1775042160], [130.346571, 33.548334, 0, 1775042280], [130.354993, 33.545839, 0, 1775042340], [130.362225, 33.547511, 0, 1775042460], [130.361667, 33.553207, 0, 1775042520], [130.361538, 33.559331, 0, 1775042640], [130.3654, 33.566099, 0, 1775042760], [130.369638, 33.574207, 0, 1775042880], [130.377331, 33.577693, 0, 1775042940], [130.386858, 33.577326, 0, 1775043060], [130.396203, 33.580392, 0, 1775043180], [130.401825, 33.581805, 0, 1775043300], [130.404947, 33.583968, 0, 1775043360], [130.401717, 33.58824, 0, 1775043480], [130.411583, 33.591333, 0, 1775043600], [130.420616, 33.59013, 0, 1775043720]]}}, {"type": "Feature", "properties": {"trip_id": "七隈線_平日_0_066", "route_id": "七隈線", "route_color": "#009157", "route_type": "1", "trip_headsign": "博多"}, "geometry": {"type": "LineString", "coordinates": [[130.321122, 33.555156, 0, 1775042400], [130.329534, 33.552724, 0, 1775042520], [130.337913, 33.550533, 0, 1775042580], [130.346571, 33.548334, 0, 1775042700], [130.354993, 33.545839, 0, 1775042760], [130.362225, 33.547511, 0, 1775042880], [130.361667, 33.553207, 0, 1775043000], [130.361538, 33.559331, 0, 1775043060], [130.3654, 33.566099, 0, 1775043180], [130.369638, 33.574207, 0, 1775043300], [130.377331, 33.577693, 0, 1775043360], [130.386858, 33.577326, 0, 1775043480], [130.396203, 33.580392, 0, 1775043600], [130.401825, 33.581805, 0, 1775043720], [130.404947, 33.583968, 0, 1775043780], [130.401717, 33.58824, 0, 1775043960], [130.411583, 33.591333, 0, 1775044080], [130.420616, 33.59013, 0, 1775044140]]}}, {"type": "Feature", "properties": {"trip_id": "七隈線_平日_0_067", "route_id": "七隈線", "route_color": "#009157", "route_type": "1", "trip_headsign": "博多"}, "geometry": {"type": "LineString", "coordinates": [[130.321122, 33.555156, 0, 1775042820], [130.329534, 33.552724, 0, 1775042940], [130.337913, 33.550533, 0, 1775043000], [130.346571, 33.548334, 0, 1775043120], [130.354993, 33.545839, 0, 1775043240], [130.362225, 33.547511, 0, 1775043360], [130.361667, 33.553207, 0, 1775043420], [130.361538, 33.559331, 0, 1775043480], [130.3654, 33.566099, 0, 1775043600], [130.369638, 33.574207, 0, 1775043720], [130.377331, 33.577693, 0, 1775043840], [130.386858, 33.577326, 0, 1775043960], [130.396203, 33.580392, 0, 1775044020], [130.401825, 33.581805, 0, 1775044140], [130.404947, 33.583968, 0, 1775044260], [130.401717, 33.58824, 0, 1775044380], [130.411583, 33.591333, 0, 1775044500], [130.420616, 33.59013, 0, 1775044560]]}}, {"type": "Feature", "properties": {"trip_id": "七隈線_平日_0_068", "route_id": "七隈線", "route_color": "#009157", "route_type": "1", "trip_headsign": "博多"}, "geometry": {"type": "LineString", "coordinates": [[130.321122, 33.555156, 0, 1775043300], [130.329534, 33.552724, 0, 1775043360], [130.337913, 33.550533, 0, 1775043480], [130.346571, 33.548334, 0, 1775043600], [130.354993, 33.545839, 0, 1775043660], [130.362225, 33.547511, 0, 1775043780], [130.361667, 33.553207, 0, 1775043840], [130.361538, 33.559331, 0, 1775043960], [130.3654, 33.566099, 0, 1775044080], [130.369638, 33.574207, 0, 1775044200], [130.377331, 33.577693, 0, 1775044260], [130.386858, 33.577326, 0, 1775044380], [130.396203, 33.580392, 0, 1775044500], [130.401825, 33.581805, 0, 1775044620], [130.404947, 33.583968, 0, 1775044680], [130.401717, 33.58824, 0, 1775044800], [130.411583, 33.591333, 0, 1775044920], [130.420616, 33.59013, 0, 1775045040]]}}, {"type": "Feature", "properties": {"trip_id": "七隈線_平日_0_069", "route_id": "七隈線", "route_color": "#009157", "route_type": "1", "trip_headsign": "博多"}, "geometry": {"type": "LineString", "coordinates": [[130.321122, 33.555156, 0, 1775043720], [130.329534, 33.552724, 0, 1775043840], [130.337913, 33.550533, 0, 1775043960], [130.346571, 33.548334, 0, 1775044020], [130.354993, 33.545839, 0, 1775044140], [130.362225, 33.547511, 0, 1775044260], [130.361667, 33.553207, 0, 1775044320], [130.361538, 33.559331, 0, 1775044440], [130.3654, 33.566099, 0, 1775044500], [130.369638, 33.574207, 0, 1775044620], [130.377331, 33.577693, 0, 1775044740], [130.386858, 33.577326, 0, 1775044860], [130.396203, 33.580392, 0, 1775044980], [130.401825, 33.581805, 0, 1775045040], [130.404947, 33.583968, 0, 1775045160], [130.401717, 33.58824, 0, 1775045280], [130.411583, 33.591333, 0, 1775045400], [130.420616, 33.59013, 0, 1775045520]]}}, {"type": "Feature", "properties": {"trip_id": "七隈線_平日_0_070", "route_id": "七隈線", "route_color": "#009157", "route_type": "1", "trip_headsign": "博多"}, "geometry": {"type": "LineString", "coordinates": [[130.321122, 33.555156, 0, 1775044200], [130.329534, 33.552724, 0, 1775044320], [130.337913, 33.550533, 0, 1775044380], [130.346571, 33.548334, 0, 1775044500], [130.354993, 33.545839, 0, 1775044560], [130.362225, 33.547511, 0, 1775044680], [130.361667, 33.553207, 0, 1775044800], [130.361538, 33.559331, 0, 1775044860], [130.3654, 33.566099, 0, 1775044980], [130.369638, 33.574207, 0, 1775045100], [130.377331, 33.577693, 0, 1775045160], [130.386858, 33.577326, 0, 1775045280], [130.396203, 33.580392, 0, 1775045400], [130.401825, 33.581805, 0, 1775045520], [130.404947, 33.583968, 0, 1775045580], [130.401717, 33.58824, 0, 1775045760], [130.411583, 33.591333, 0, 1775045880], [130.420616, 33.59013, 0, 1775045940]]}}, {"type": "Feature", "properties": {"trip_id": "七隈線_平日_0_071", "route_id": "七隈線", "route_color": "#009157", "route_type": "1", "trip_headsign": "博多"}, "geometry": {"type": "LineString", "coordinates": [[130.321122, 33.555156, 0, 1775044680], [130.329534, 33.552724, 0, 1775044740], [130.337913, 33.550533, 0, 1775044860], [130.346571, 33.548334, 0, 1775044980], [130.354993, 33.545839, 0, 1775045040], [130.362225, 33.547511, 0, 1775045160], [130.361667, 33.553207, 0, 1775045220], [130.361538, 33.559331, 0, 1775045340], [130.3654, 33.566099, 0, 1775045460], [130.369638, 33.574207, 0, 1775045580], [130.377331, 33.577693, 0, 1775045640], [130.386858, 33.577326, 0, 1775045760], [130.396203, 33.580392, 0, 1775045880], [130.401825, 33.581805, 0, 1775046000], [130.404947, 33.583968, 0, 1775046060], [130.401717, 33.58824, 0, 1775046180], [130.411583, 33.591333, 0, 1775046300], [130.420616, 33.59013, 0, 1775046420]]}}, {"type": "Feature", "properties": {"trip_id": "七隈線_平日_0_072", "route_id": "七隈線", "route_color": "#009157", "route_type": "1", "trip_headsign": "博多"}, "geometry": {"type": "LineString", "coordinates": [[130.321122, 33.555156, 0, 1775045100], [130.329534, 33.552724, 0, 1775045220], [130.337913, 33.550533, 0, 1775045280], [130.346571, 33.548334, 0, 1775045400], [130.354993, 33.545839, 0, 1775045460], [130.362225, 33.547511, 0, 1775045580], [130.361667, 33.553207, 0, 1775045700], [130.361538, 33.559331, 0, 1775045760], [130.3654, 33.566099, 0, 1775045880], [130.369638, 33.574207, 0, 1775046000], [130.377331, 33.577693, 0, 1775046060], [130.386858, 33.577326, 0, 1775046180], [130.396203, 33.580392, 0, 1775046300], [130.401825, 33.581805, 0, 1775046420], [130.404947, 33.583968, 0, 1775046480], [130.401717, 33.58824, 0, 1775046660], [130.411583, 33.591333, 0, 1775046780], [130.420616, 33.59013, 0, 1775046840]]}}, {"type": "Feature", "properties": {"trip_id": "七隈線_平日_0_073", "route_id": "七隈線", "route_color": "#009157", "route_type": "1", "trip_headsign": "博多"}, "geometry": {"type": "LineString", "coordinates": [[130.321122, 33.555156, 0, 1775045520], [130.329534, 33.552724, 0, 1775045640], [130.337913, 33.550533, 0, 1775045760], [130.346571, 33.548334, 0, 1775045820], [130.354993, 33.545839, 0, 1775045940], [130.362225, 33.547511, 0, 1775046060], [130.361667, 33.553207, 0, 1775046120], [130.361538, 33.559331, 0, 1775046240], [130.3654, 33.566099, 0, 1775046300], [130.369638, 33.574207, 0, 1775046420], [130.377331, 33.577693, 0, 1775046540], [130.386858, 33.577326, 0, 1775046660], [130.396203, 33.580392, 0, 1775046780], [130.401825, 33.581805, 0, 1775046840], [130.404947, 33.583968, 0, 1775046960], [130.401717, 33.58824, 0, 1775047080], [130.411583, 33.591333, 0, 1775047200], [130.420616, 33.59013, 0, 1775047320]]}}, {"type": "Feature", "properties": {"trip_id": "七隈線_平日_0_074", "route_id": "七隈線", "route_color": "#009157", "route_type": "1", "trip_headsign": "博多"}, "geometry": {"type": "LineString", "coordinates": [[130.321122, 33.555156, 0, 1775046000], [130.329534, 33.552724, 0, 1775046120], [130.337913, 33.550533, 0, 1775046180], [130.346571, 33.548334, 0, 1775046300], [130.354993, 33.545839, 0, 1775046360], [130.362225, 33.547511, 0, 1775046480], [130.361667, 33.553207, 0, 1775046600], [130.361538, 33.559331, 0, 1775046660], [130.3654, 33.566099, 0, 1775046780], [130.369638, 33.574207, 0, 1775046900], [130.377331, 33.577693, 0, 1775046960], [130.386858, 33.577326, 0, 1775047080], [130.396203, 33.580392, 0, 1775047200], [130.401825, 33.581805, 0, 1775047320], [130.404947, 33.583968, 0, 1775047380], [130.401717, 33.58824, 0, 1775047560], [130.411583, 33.591333, 0, 1775047680], [130.420616, 33.59013, 0, 1775047740]]}}, {"type": "Feature", "properties": {"trip_id": "七隈線_平日_0_075", "route_id": "七隈線", "route_color": "#009157", "route_type": "1", "trip_headsign": "博多"}, "geometry": {"type": "LineString", "coordinates": [[130.321122, 33.555156, 0, 1775046420], [130.329534, 33.552724, 0, 1775046540], [130.337913, 33.550533, 0, 1775046660], [130.346571, 33.548334, 0, 1775046720], [130.354993, 33.545839, 0, 1775046840], [130.362225, 33.547511, 0, 1775046960], [130.361667, 33.553207, 0, 1775047020], [130.361538, 33.559331, 0, 1775047140], [130.3654, 33.566099, 0, 1775047200], [130.369638, 33.574207, 0, 1775047320], [130.377331, 33.577693, 0, 1775047440], [130.386858, 33.577326, 0, 1775047560], [130.396203, 33.580392, 0, 1775047680], [130.401825, 33.581805, 0, 1775047740], [130.404947, 33.583968, 0, 1775047860], [130.401717, 33.58824, 0, 1775047980], [130.411583, 33.591333, 0, 1775048100], [130.420616, 33.59013, 0, 1775048220]]}}, {"type": "Feature", "properties": {"trip_id": "七隈線_平日_0_076", "route_id": "七隈線", "route_color": "#009157", "route_type": "1", "trip_headsign": "博多"}, "geometry": {"type": "LineString", "coordinates": [[130.321122, 33.555156, 0, 1775046900], [130.329534, 33.552724, 0, 1775047020], [130.337913, 33.550533, 0, 1775047080], [130.346571, 33.548334, 0, 1775047200], [130.354993, 33.545839, 0, 1775047260], [130.362225, 33.547511, 0, 1775047380], [130.361667, 33.553207, 0, 1775047500], [130.361538, 33.559331, 0, 1775047560], [130.3654, 33.566099, 0, 1775047680], [130.369638, 33.574207, 0, 1775047800], [130.377331, 33.577693, 0, 1775047860], [130.386858, 33.577326, 0, 1775047980], [130.396203, 33.580392, 0, 1775048100], [130.401825, 33.581805, 0, 1775048220], [130.404947, 33.583968, 0, 1775048280], [130.401717, 33.58824, 0, 1775048460], [130.411583, 33.591333, 0, 1775048580], [130.420616, 33.59013, 0, 1775048640]]}}, {"type": "Feature", "properties": {"trip_id": "七隈線_平日_0_077", "route_id": "七隈線", "route_color": "#009157", "route_type": "1", "trip_headsign": "博多"}, "geometry": {"type": "LineString", "coordinates": [[130.321122, 33.555156, 0, 1775047320], [130.329534, 33.552724, 0, 1775047440], [130.337913, 33.550533, 0, 1775047560], [130.346571, 33.548334, 0, 1775047620], [130.354993, 33.545839, 0, 1775047740], [130.362225, 33.547511, 0, 1775047860], [130.361667, 33.553207, 0, 1775047920], [130.361538, 33.559331, 0, 1775048040], [130.3654, 33.566099, 0, 1775048100], [130.369638, 33.574207, 0, 1775048220], [130.377331, 33.577693, 0, 1775048340], [130.386858, 33.577326, 0, 1775048460], [130.396203, 33.580392, 0, 1775048580], [130.401825, 33.581805, 0, 1775048640], [130.404947, 33.583968, 0, 1775048760], [130.401717, 33.58824, 0, 1775048880], [130.411583, 33.591333, 0, 1775049000], [130.420616, 33.59013, 0, 1775049120]]}}, {"type": "Feature", "properties": {"trip_id": "七隈線_平日_0_078", "route_id": "七隈線", "route_color": "#009157", "route_type": "1", "trip_headsign": "博多"}, "geometry": {"type": "LineString", "coordinates": [[130.321122, 33.555156, 0, 1775047800], [130.329534, 33.552724, 0, 1775047920], [130.337913, 33.550533, 0, 1775047980], [130.346571, 33.548334, 0, 1775048100], [130.354993, 33.545839, 0, 1775048160], [130.362225, 33.547511, 0, 1775048280], [130.361667, 33.553207, 0, 1775048400], [130.361538, 33.559331, 0, 1775048460], [130.3654, 33.566099, 0, 1775048580], [130.369638, 33.574207, 0, 1775048700], [130.377331, 33.577693, 0, 1775048760], [130.386858, 33.577326, 0, 1775048880], [130.396203, 33.580392, 0, 1775049000], [130.401825, 33.581805, 0, 1775049120], [130.404947, 33.583968, 0, 1775049180], [130.401717, 33.58824, 0, 1775049360], [130.411583, 33.591333, 0, 1775049480], [130.420616, 33.59013, 0, 1775049540]]}}, {"type": "Feature", "properties": {"trip_id": "七隈線_平日_0_079", "route_id": "七隈線", "route_color": "#009157", "route_type": "1", "trip_headsign": "博多"}, "geometry": {"type": "LineString", "coordinates": [[130.321122, 33.555156, 0, 1775048220], [130.329534, 33.552724, 0, 1775048340], [130.337913, 33.550533, 0, 1775048460], [130.346571, 33.548334, 0, 1775048520], [130.354993, 33.545839, 0, 1775048640], [130.362225, 33.547511, 0, 1775048760], [130.361667, 33.553207, 0, 1775048820], [130.361538, 33.559331, 0, 1775048940], [130.3654, 33.566099, 0, 1775049000], [130.369638, 33.574207, 0, 1775049120], [130.377331, 33.577693, 0, 1775049240], [130.386858, 33.577326, 0, 1775049360], [130.396203, 33.580392, 0, 1775049480], [130.401825, 33.581805, 0, 1775049540], [130.404947, 33.583968, 0, 1775049660], [130.401717, 33.58824, 0, 1775049780], [130.411583, 33.591333, 0, 1775049900], [130.420616, 33.59013, 0, 1775050020]]}}, {"type": "Feature", "properties": {"trip_id": "七隈線_平日_0_080", "route_id": "七隈線", "route_color": "#009157", "route_type": "1", "trip_headsign": "博多"}, "geometry": {"type": "LineString", "coordinates": [[130.321122, 33.555156, 0, 1775048700], [130.329534, 33.552724, 0, 1775048820], [130.337913, 33.550533, 0, 1775048880], [130.346571, 33.548334, 0, 1775049000], [130.354993, 33.545839, 0, 1775049060], [130.362225, 33.547511, 0, 1775049180], [130.361667, 33.553207, 0, 1775049300], [130.361538, 33.559331, 0, 1775049360], [130.3654, 33.566099, 0, 1775049480], [130.369638, 33.574207, 0, 1775049600], [130.377331, 33.577693, 0, 1775049660], [130.386858, 33.577326, 0, 1775049780], [130.396203, 33.580392, 0, 1775049900], [130.401825, 33.581805, 0, 1775050020], [130.404947, 33.583968, 0, 1775050080], [130.401717, 33.58824, 0, 1775050260], [130.411583, 33.591333, 0, 1775050380], [130.420616, 33.59013, 0, 1775050440]]}}, {"type": "Feature", "properties": {"trip_id": "七隈線_平日_0_081", "route_id": "七隈線", "route_color": "#009157", "route_type": "1", "trip_headsign": "博多"}, "geometry": {"type": "LineString", "coordinates": [[130.321122, 33.555156, 0, 1775049120], [130.329534, 33.552724, 0, 1775049240], [130.337913, 33.550533, 0, 1775049360], [130.346571, 33.548334, 0, 1775049420], [130.354993, 33.545839, 0, 1775049540], [130.362225, 33.547511, 0, 1775049660], [130.361667, 33.553207, 0, 1775049720], [130.361538, 33.559331, 0, 1775049840], [130.3654, 33.566099, 0, 1775049900], [130.369638, 33.574207, 0, 1775050020], [130.377331, 33.577693, 0, 1775050140], [130.386858, 33.577326, 0, 1775050260], [130.396203, 33.580392, 0, 1775050380], [130.401825, 33.581805, 0, 1775050440], [130.404947, 33.583968, 0, 1775050560], [130.401717, 33.58824, 0, 1775050680], [130.411583, 33.591333, 0, 1775050800], [130.420616, 33.59013, 0, 1775050920]]}}, {"type": "Feature", "properties": {"trip_id": "七隈線_平日_0_082", "route_id": "七隈線", "route_color": "#009157", "route_type": "1", "trip_headsign": "博多"}, "geometry": {"type": "LineString", "coordinates": [[130.321122, 33.555156, 0, 1775049600], [130.329534, 33.552724, 0, 1775049720], [130.337913, 33.550533, 0, 1775049780], [130.346571, 33.548334, 0, 1775049900], [130.354993, 33.545839, 0, 1775049960], [130.362225, 33.547511, 0, 1775050080], [130.361667, 33.553207, 0, 1775050200], [130.361538, 33.559331, 0, 1775050260], [130.3654, 33.566099, 0, 1775050380], [130.369638, 33.574207, 0, 1775050500], [130.377331, 33.577693, 0, 1775050560], [130.386858, 33.577326, 0, 1775050680], [130.396203, 33.580392, 0, 1775050800], [130.401825, 33.581805, 0, 1775050920], [130.404947, 33.583968, 0, 1775050980], [130.401717, 33.58824, 0, 1775051160], [130.411583, 33.591333, 0, 1775051280], [130.420616, 33.59013, 0, 1775051340]]}}, {"type": "Feature", "properties": {"trip_id": "七隈線_平日_0_083", "route_id": "七隈線", "route_color": "#009157", "route_type": "1", "trip_headsign": "博多"}, "geometry": {"type": "LineString", "coordinates": [[130.321122, 33.555156, 0, 1775050020], [130.329534, 33.552724, 0, 1775050140], [130.337913, 33.550533, 0, 1775050260], [130.346571, 33.548334, 0, 1775050320], [130.354993, 33.545839, 0, 1775050440], [130.362225, 33.547511, 0, 1775050560], [130.361667, 33.553207, 0, 1775050620], [130.361538, 33.559331, 0, 1775050740], [130.3654, 33.566099, 0, 1775050800], [130.369638, 33.574207, 0, 1775050920], [130.377331, 33.577693, 0, 1775051040], [130.386858, 33.577326, 0, 1775051160], [130.396203, 33.580392, 0, 1775051280], [130.401825, 33.581805, 0, 1775051340], [130.404947, 33.583968, 0, 1775051460], [130.401717, 33.58824, 0, 1775051580], [130.411583, 33.591333, 0, 1775051700], [130.420616, 33.59013, 0, 1775051820]]}}, {"type": "Feature", "properties": {"trip_id": "七隈線_平日_0_084", "route_id": "七隈線", "route_color": "#009157", "route_type": "1", "trip_headsign": "博多"}, "geometry": {"type": "LineString", "coordinates": [[130.321122, 33.555156, 0, 1775050440], [130.329534, 33.552724, 0, 1775050560], [130.337913, 33.550533, 0, 1775050680], [130.346571, 33.548334, 0, 1775050740], [130.354993, 33.545839, 0, 1775050860], [130.362225, 33.547511, 0, 1775050980], [130.361667, 33.553207, 0, 1775051040], [130.361538, 33.559331, 0, 1775051160], [130.3654, 33.566099, 0, 1775051220], [130.369638, 33.574207, 0, 1775051340], [130.377331, 33.577693, 0, 1775051460], [130.386858, 33.577326, 0, 1775051580], [130.396203, 33.580392, 0, 1775051700], [130.401825, 33.581805, 0, 1775051760], [130.404947, 33.583968, 0, 1775051880], [130.401717, 33.58824, 0, 1775052000], [130.411583, 33.591333, 0, 1775052120], [130.420616, 33.59013, 0, 1775052240]]}}, {"type": "Feature", "properties": {"trip_id": "七隈線_平日_0_085", "route_id": "七隈線", "route_color": "#009157", "route_type": "1", "trip_headsign": "博多"}, "geometry": {"type": "LineString", "coordinates": [[130.321122, 33.555156, 0, 1775050920], [130.329534, 33.552724, 0, 1775051040], [130.337913, 33.550533, 0, 1775051160], [130.346571, 33.548334, 0, 1775051220], [130.354993, 33.545839, 0, 1775051340], [130.362225, 33.547511, 0, 1775051460], [130.361667, 33.553207, 0, 1775051520], [130.361538, 33.559331, 0, 1775051640], [130.3654, 33.566099, 0, 1775051700], [130.369638, 33.574207, 0, 1775051820], [130.377331, 33.577693, 0, 1775051940], [130.386858, 33.577326, 0, 1775052060], [130.396203, 33.580392, 0, 1775052180], [130.401825, 33.581805, 0, 1775052240], [130.404947, 33.583968, 0, 1775052360], [130.401717, 33.58824, 0, 1775052480], [130.411583, 33.591333, 0, 1775052600], [130.420616, 33.59013, 0, 1775052720]]}}, {"type": "Feature", "properties": {"trip_id": "七隈線_平日_0_086", "route_id": "七隈線", "route_color": "#009157", "route_type": "1", "trip_headsign": "博多"}, "geometry": {"type": "LineString", "coordinates": [[130.321122, 33.555156, 0, 1775051400], [130.329534, 33.552724, 0, 1775051520], [130.337913, 33.550533, 0, 1775051580], [130.346571, 33.548334, 0, 1775051700], [130.354993, 33.545839, 0, 1775051760], [130.362225, 33.547511, 0, 1775051880], [130.361667, 33.553207, 0, 1775052000], [130.361538, 33.559331, 0, 1775052060], [130.3654, 33.566099, 0, 1775052180], [130.369638, 33.574207, 0, 1775052300], [130.377331, 33.577693, 0, 1775052360], [130.386858, 33.577326, 0, 1775052480], [130.396203, 33.580392, 0, 1775052600], [130.401825, 33.581805, 0, 1775052720], [130.404947, 33.583968, 0, 1775052780], [130.401717, 33.58824, 0, 1775052960], [130.411583, 33.591333, 0, 1775053080], [130.420616, 33.59013, 0, 1775053140]]}}, {"type": "Feature", "properties": {"trip_id": "七隈線_平日_0_087", "route_id": "七隈線", "route_color": "#009157", "route_type": "1", "trip_headsign": "博多"}, "geometry": {"type": "LineString", "coordinates": [[130.321122, 33.555156, 0, 1775051820], [130.329534, 33.552724, 0, 1775051940], [130.337913, 33.550533, 0, 1775052060], [130.346571, 33.548334, 0, 1775052120], [130.354993, 33.545839, 0, 1775052240], [130.362225, 33.547511, 0, 1775052360], [130.361667, 33.553207, 0, 1775052420], [130.361538, 33.559331, 0, 1775052540], [130.3654, 33.566099, 0, 1775052600], [130.369638, 33.574207, 0, 1775052720], [130.377331, 33.577693, 0, 1775052840], [130.386858, 33.577326, 0, 1775052960], [130.396203, 33.580392, 0, 1775053080], [130.401825, 33.581805, 0, 1775053140], [130.404947, 33.583968, 0, 1775053260], [130.401717, 33.58824, 0, 1775053380], [130.411583, 33.591333, 0, 1775053500], [130.420616, 33.59013, 0, 1775053620]]}}, {"type": "Feature", "properties": {"trip_id": "七隈線_平日_0_088", "route_id": "七隈線", "route_color": "#009157", "route_type": "1", "trip_headsign": "博多"}, "geometry": {"type": "LineString", "coordinates": [[130.321122, 33.555156, 0, 1775052300], [130.329534, 33.552724, 0, 1775052420], [130.337913, 33.550533, 0, 1775052480], [130.346571, 33.548334, 0, 1775052600], [130.354993, 33.545839, 0, 1775052660], [130.362225, 33.547511, 0, 1775052780], [130.361667, 33.553207, 0, 1775052900], [130.361538, 33.559331, 0, 1775052960], [130.3654, 33.566099, 0, 1775053080], [130.369638, 33.574207, 0, 1775053200], [130.377331, 33.577693, 0, 1775053260], [130.386858, 33.577326, 0, 1775053380], [130.396203, 33.580392, 0, 1775053500], [130.401825, 33.581805, 0, 1775053620], [130.404947, 33.583968, 0, 1775053680], [130.401717, 33.58824, 0, 1775053860], [130.411583, 33.591333, 0, 1775053980], [130.420616, 33.59013, 0, 1775054040]]}}, {"type": "Feature", "properties": {"trip_id": "七隈線_平日_0_089", "route_id": "七隈線", "route_color": "#009157", "route_type": "1", "trip_headsign": "博多"}, "geometry": {"type": "LineString", "coordinates": [[130.321122, 33.555156, 0, 1775052720], [130.329534, 33.552724, 0, 1775052840], [130.337913, 33.550533, 0, 1775052960], [130.346571, 33.548334, 0, 1775053020], [130.354993, 33.545839, 0, 1775053140], [130.362225, 33.547511, 0, 1775053260], [130.361667, 33.553207, 0, 1775053320], [130.361538, 33.559331, 0, 1775053440], [130.3654, 33.566099, 0, 1775053500], [130.369638, 33.574207, 0, 1775053620], [130.377331, 33.577693, 0, 1775053740], [130.386858, 33.577326, 0, 1775053860], [130.396203, 33.580392, 0, 1775053980], [130.401825, 33.581805, 0, 1775054040], [130.404947, 33.583968, 0, 1775054160], [130.401717, 33.58824, 0, 1775054280], [130.411583, 33.591333, 0, 1775054400], [130.420616, 33.59013, 0, 1775054520]]}}, {"type": "Feature", "properties": {"trip_id": "七隈線_平日_0_090", "route_id": "七隈線", "route_color": "#009157", "route_type": "1", "trip_headsign": "博多"}, "geometry": {"type": "LineString", "coordinates": [[130.321122, 33.555156, 0, 1775053200], [130.329534, 33.552724, 0, 1775053320], [130.337913, 33.550533, 0, 1775053380], [130.346571, 33.548334, 0, 1775053500], [130.354993, 33.545839, 0, 1775053560], [130.362225, 33.547511, 0, 1775053680], [130.361667, 33.553207, 0, 1775053800], [130.361538, 33.559331, 0, 1775053860], [130.3654, 33.566099, 0, 1775053980], [130.369638, 33.574207, 0, 1775054100], [130.377331, 33.577693, 0, 1775054160], [130.386858, 33.577326, 0, 1775054280], [130.396203, 33.580392, 0, 1775054400], [130.401825, 33.581805, 0, 1775054520], [130.404947, 33.583968, 0, 1775054580], [130.401717, 33.58824, 0, 1775054760], [130.411583, 33.591333, 0, 1775054880], [130.420616, 33.59013, 0, 1775054940]]}}, {"type": "Feature", "properties": {"trip_id": "七隈線_平日_0_091", "route_id": "七隈線", "route_color": "#009157", "route_type": "1", "trip_headsign": "博多"}, "geometry": {"type": "LineString", "coordinates": [[130.321122, 33.555156, 0, 1775053620], [130.329534, 33.552724, 0, 1775053740], [130.337913, 33.550533, 0, 1775053860], [130.346571, 33.548334, 0, 1775053920], [130.354993, 33.545839, 0, 1775054040], [130.362225, 33.547511, 0, 1775054160], [130.361667, 33.553207, 0, 1775054220], [130.361538, 33.559331, 0, 1775054340], [130.3654, 33.566099, 0, 1775054400], [130.369638, 33.574207, 0, 1775054520], [130.377331, 33.577693, 0, 1775054640], [130.386858, 33.577326, 0, 1775054760], [130.396203, 33.580392, 0, 1775054880], [130.401825, 33.581805, 0, 1775054940], [130.404947, 33.583968, 0, 1775055060], [130.401717, 33.58824, 0, 1775055180], [130.411583, 33.591333, 0, 1775055300], [130.420616, 33.59013, 0, 1775055420]]}}, {"type": "Feature", "properties": {"trip_id": "七隈線_平日_0_092", "route_id": "七隈線", "route_color": "#009157", "route_type": "1", "trip_headsign": "博多"}, "geometry": {"type": "LineString", "coordinates": [[130.321122, 33.555156, 0, 1775054100], [130.329534, 33.552724, 0, 1775054220], [130.337913, 33.550533, 0, 1775054280], [130.346571, 33.548334, 0, 1775054400], [130.354993, 33.545839, 0, 1775054460], [130.362225, 33.547511, 0, 1775054580], [130.361667, 33.553207, 0, 1775054700], [130.361538, 33.559331, 0, 1775054760], [130.3654, 33.566099, 0, 1775054880], [130.369638, 33.574207, 0, 1775055000], [130.377331, 33.577693, 0, 1775055060], [130.386858, 33.577326, 0, 1775055180], [130.396203, 33.580392, 0, 1775055300], [130.401825, 33.581805, 0, 1775055420], [130.404947, 33.583968, 0, 1775055480], [130.401717, 33.58824, 0, 1775055660], [130.411583, 33.591333, 0, 1775055780], [130.420616, 33.59013, 0, 1775055840]]}}, {"type": "Feature", "properties": {"trip_id": "七隈線_平日_0_093", "route_id": "七隈線", "route_color": "#009157", "route_type": "1", "trip_headsign": "博多"}, "geometry": {"type": "LineString", "coordinates": [[130.321122, 33.555156, 0, 1775054520], [130.329534, 33.552724, 0, 1775054640], [130.337913, 33.550533, 0, 1775054700], [130.346571, 33.548334, 0, 1775054820], [130.354993, 33.545839, 0, 1775054880], [130.362225, 33.547511, 0, 1775055000], [130.361667, 33.553207, 0, 1775055120], [130.361538, 33.559331, 0, 1775055180], [130.3654, 33.566099, 0, 1775055300], [130.369638, 33.574207, 0, 1775055420], [130.377331, 33.577693, 0, 1775055480], [130.386858, 33.577326, 0, 1775055600], [130.396203, 33.580392, 0, 1775055720], [130.401825, 33.581805, 0, 1775055840], [130.404947, 33.583968, 0, 1775055900], [130.401717, 33.58824, 0, 1775056080], [130.411583, 33.591333, 0, 1775056200], [130.420616, 33.59013, 0, 1775056260]]}}, {"type": "Feature", "properties": {"trip_id": "七隈線_平日_0_094", "route_id": "七隈線", "route_color": "#009157", "route_type": "1", "trip_headsign": "博多"}, "geometry": {"type": "LineString", "coordinates": [[130.321122, 33.555156, 0, 1775055000], [130.329534, 33.552724, 0, 1775055120], [130.337913, 33.550533, 0, 1775055180], [130.346571, 33.548334, 0, 1775055300], [130.354993, 33.545839, 0, 1775055360], [130.362225, 33.547511, 0, 1775055480], [130.361667, 33.553207, 0, 1775055600], [130.361538, 33.559331, 0, 1775055660], [130.3654, 33.566099, 0, 1775055780], [130.369638, 33.574207, 0, 1775055900], [130.377331, 33.577693, 0, 1775055960], [130.386858, 33.577326, 0, 1775056080], [130.396203, 33.580392, 0, 1775056200], [130.401825, 33.581805, 0, 1775056320], [130.404947, 33.583968, 0, 1775056380], [130.401717, 33.58824, 0, 1775056560], [130.411583, 33.591333, 0, 1775056680], [130.420616, 33.59013, 0, 1775056740]]}}, {"type": "Feature", "properties": {"trip_id": "七隈線_平日_0_095", "route_id": "七隈線", "route_color": "#009157", "route_type": "1", "trip_headsign": "博多"}, "geometry": {"type": "LineString", "coordinates": [[130.321122, 33.555156, 0, 1775055420], [130.329534, 33.552724, 0, 1775055540], [130.337913, 33.550533, 0, 1775055660], [130.346571, 33.548334, 0, 1775055720], [130.354993, 33.545839, 0, 1775055840], [130.362225, 33.547511, 0, 1775055960], [130.361667, 33.553207, 0, 1775056020], [130.361538, 33.559331, 0, 1775056140], [130.3654, 33.566099, 0, 1775056200], [130.369638, 33.574207, 0, 1775056320], [130.377331, 33.577693, 0, 1775056440], [130.386858, 33.577326, 0, 1775056560], [130.396203, 33.580392, 0, 1775056680], [130.401825, 33.581805, 0, 1775056740], [130.404947, 33.583968, 0, 1775056860], [130.401717, 33.58824, 0, 1775056980], [130.411583, 33.591333, 0, 1775057100], [130.420616, 33.59013, 0, 1775057220]]}}, {"type": "Feature", "properties": {"trip_id": "七隈線_平日_0_096", "route_id": "七隈線", "route_color": "#009157", "route_type": "1", "trip_headsign": "博多"}, "geometry": {"type": "LineString", "coordinates": [[130.321122, 33.555156, 0, 1775055900], [130.329534, 33.552724, 0, 1775056020], [130.337913, 33.550533, 0, 1775056080], [130.346571, 33.548334, 0, 1775056200], [130.354993, 33.545839, 0, 1775056260], [130.362225, 33.547511, 0, 1775056380], [130.361667, 33.553207, 0, 1775056500], [130.361538, 33.559331, 0, 1775056560], [130.3654, 33.566099, 0, 1775056680], [130.369638, 33.574207, 0, 1775056800], [130.377331, 33.577693, 0, 1775056860], [130.386858, 33.577326, 0, 1775056980], [130.396203, 33.580392, 0, 1775057100], [130.401825, 33.581805, 0, 1775057220], [130.404947, 33.583968, 0, 1775057280], [130.401717, 33.58824, 0, 1775057460], [130.411583, 33.591333, 0, 1775057580], [130.420616, 33.59013, 0, 1775057640]]}}, {"type": "Feature", "properties": {"trip_id": "七隈線_平日_0_097", "route_id": "七隈線", "route_color": "#009157", "route_type": "1", "trip_headsign": "博多"}, "geometry": {"type": "LineString", "coordinates": [[130.321122, 33.555156, 0, 1775056320], [130.329534, 33.552724, 0, 1775056440], [130.337913, 33.550533, 0, 1775056560], [130.346571, 33.548334, 0, 1775056620], [130.354993, 33.545839, 0, 1775056740], [130.362225, 33.547511, 0, 1775056860], [130.361667, 33.553207, 0, 1775056920], [130.361538, 33.559331, 0, 1775057040], [130.3654, 33.566099, 0, 1775057100], [130.369638, 33.574207, 0, 1775057220], [130.377331, 33.577693, 0, 1775057340], [130.386858, 33.577326, 0, 1775057460], [130.396203, 33.580392, 0, 1775057580], [130.401825, 33.581805, 0, 1775057640], [130.404947, 33.583968, 0, 1775057760], [130.401717, 33.58824, 0, 1775057880], [130.411583, 33.591333, 0, 1775058000], [130.420616, 33.59013, 0, 1775058120]]}}, {"type": "Feature", "properties": {"trip_id": "七隈線_平日_0_098", "route_id": "七隈線", "route_color": "#009157", "route_type": "1", "trip_headsign": "博多"}, "geometry": {"type": "LineString", "coordinates": [[130.321122, 33.555156, 0, 1775056800], [130.329534, 33.552724, 0, 1775056920], [130.337913, 33.550533, 0, 1775056980], [130.346571, 33.548334, 0, 1775057100], [130.354993, 33.545839, 0, 1775057160], [130.362225, 33.547511, 0, 1775057280], [130.361667, 33.553207, 0, 1775057400], [130.361538, 33.559331, 0, 1775057460], [130.3654, 33.566099, 0, 1775057580], [130.369638, 33.574207, 0, 1775057700], [130.377331, 33.577693, 0, 1775057760], [130.386858, 33.577326, 0, 1775057880], [130.396203, 33.580392, 0, 1775058000], [130.401825, 33.581805, 0, 1775058120], [130.404947, 33.583968, 0, 1775058180], [130.401717, 33.58824, 0, 1775058360], [130.411583, 33.591333, 0, 1775058480], [130.420616, 33.59013, 0, 1775058540]]}}, {"type": "Feature", "properties": {"trip_id": "七隈線_平日_0_099", "route_id": "七隈線", "route_color": "#009157", "route_type": "1", "trip_headsign": "博多"}, "geometry": {"type": "LineString", "coordinates": [[130.321122, 33.555156, 0, 1775057220], [130.329534, 33.552724, 0, 1775057340], [130.337913, 33.550533, 0, 1775057460], [130.346571, 33.548334, 0, 1775057520], [130.354993, 33.545839, 0, 1775057640], [130.362225, 33.547511, 0, 1775057760], [130.361667, 33.553207, 0, 1775057820], [130.361538, 33.559331, 0, 1775057940], [130.3654, 33.566099, 0, 1775058000], [130.369638, 33.574207, 0, 1775058120], [130.377331, 33.577693, 0, 1775058240], [130.386858, 33.577326, 0, 1775058360], [130.396203, 33.580392, 0, 1775058480], [130.401825, 33.581805, 0, 1775058540], [130.404947, 33.583968, 0, 1775058660], [130.401717, 33.58824, 0, 1775058780], [130.411583, 33.591333, 0, 1775058900], [130.420616, 33.59013, 0, 1775059020]]}}, {"type": "Feature", "properties": {"trip_id": "七隈線_平日_0_100", "route_id": "七隈線", "route_color": "#009157", "route_type": "1", "trip_headsign": "博多"}, "geometry": {"type": "LineString", "coordinates": [[130.321122, 33.555156, 0, 1775057700], [130.329534, 33.552724, 0, 1775057820], [130.337913, 33.550533, 0, 1775057880], [130.346571, 33.548334, 0, 1775058000], [130.354993, 33.545839, 0, 1775058060], [130.362225, 33.547511, 0, 1775058180], [130.361667, 33.553207, 0, 1775058300], [130.361538, 33.559331, 0, 1775058360], [130.3654, 33.566099, 0, 1775058480], [130.369638, 33.574207, 0, 1775058600], [130.377331, 33.577693, 0, 1775058660], [130.386858, 33.577326, 0, 1775058780], [130.396203, 33.580392, 0, 1775058900], [130.401825, 33.581805, 0, 1775059020], [130.404947, 33.583968, 0, 1775059080], [130.401717, 33.58824, 0, 1775059260], [130.411583, 33.591333, 0, 1775059380], [130.420616, 33.59013, 0, 1775059440]]}}, {"type": "Feature", "properties": {"trip_id": "七隈線_平日_0_101", "route_id": "七隈線", "route_color": "#009157", "route_type": "1", "trip_headsign": "博多"}, "geometry": {"type": "LineString", "coordinates": [[130.321122, 33.555156, 0, 1775058120], [130.329534, 33.552724, 0, 1775058240], [130.337913, 33.550533, 0, 1775058300], [130.346571, 33.548334, 0, 1775058420], [130.354993, 33.545839, 0, 1775058540], [130.362225, 33.547511, 0, 1775058660], [130.361667, 33.553207, 0, 1775058720], [130.361538, 33.559331, 0, 1775058780], [130.3654, 33.566099, 0, 1775058900], [130.369638, 33.574207, 0, 1775059020], [130.377331, 33.577693, 0, 1775059140], [130.386858, 33.577326, 0, 1775059260], [130.396203, 33.580392, 0, 1775059320], [130.401825, 33.581805, 0, 1775059440], [130.404947, 33.583968, 0, 1775059560], [130.401717, 33.58824, 0, 1775059680], [130.411583, 33.591333, 0, 1775059800], [130.420616, 33.59013, 0, 1775059860]]}}, {"type": "Feature", "properties": {"trip_id": "七隈線_平日_0_102", "route_id": "七隈線", "route_color": "#009157", "route_type": "1", "trip_headsign": "博多"}, "geometry": {"type": "LineString", "coordinates": [[130.321122, 33.555156, 0, 1775058480], [130.329534, 33.552724, 0, 1775058600], [130.337913, 33.550533, 0, 1775058720], [130.346571, 33.548334, 0, 1775058780], [130.354993, 33.545839, 0, 1775058900], [130.362225, 33.547511, 0, 1775059020], [130.361667, 33.553207, 0, 1775059080], [130.361538, 33.559331, 0, 1775059200], [130.3654, 33.566099, 0, 1775059260], [130.369638, 33.574207, 0, 1775059380], [130.377331, 33.577693, 0, 1775059500], [130.386858, 33.577326, 0, 1775059620], [130.396203, 33.580392, 0, 1775059740], [130.401825, 33.581805, 0, 1775059800], [130.404947, 33.583968, 0, 1775059920], [130.401717, 33.58824, 0, 1775060040], [130.411583, 33.591333, 0, 1775060160], [130.420616, 33.59013, 0, 1775060280]]}}, {"type": "Feature", "properties": {"trip_id": "七隈線_平日_0_103", "route_id": "七隈線", "route_color": "#009157", "route_type": "1", "trip_headsign": "博多"}, "geometry": {"type": "LineString", "coordinates": [[130.321122, 33.555156, 0, 1775058900], [130.329534, 33.552724, 0, 1775058960], [130.337913, 33.550533, 0, 1775059080], [130.346571, 33.548334, 0, 1775059140], [130.354993, 33.545839, 0, 1775059260], [130.362225, 33.547511, 0, 1775059380], [130.361667, 33.553207, 0, 1775059440], [130.361538, 33.559331, 0, 1775059560], [130.3654, 33.566099, 0, 1775059620], [130.369638, 33.574207, 0, 1775059740], [130.377331, 33.577693, 0, 1775059860], [130.386858, 33.577326, 0, 1775059980], [130.396203, 33.580392, 0, 1775060100], [130.401825, 33.581805, 0, 1775060220], [130.404947, 33.583968, 0, 1775060280], [130.401717, 33.58824, 0, 1775060400], [130.411583, 33.591333, 0, 1775060520], [130.420616, 33.59013, 0, 1775060640]]}}, {"type": "Feature", "properties": {"trip_id": "七隈線_平日_0_104", "route_id": "七隈線", "route_color": "#009157", "route_type": "1", "trip_headsign": "博多"}, "geometry": {"type": "LineString", "coordinates": [[130.321122, 33.555156, 0, 1775059200], [130.329534, 33.552724, 0, 1775059320], [130.337913, 33.550533, 0, 1775059380], [130.346571, 33.548334, 0, 1775059500], [130.354993, 33.545839, 0, 1775059620], [130.362225, 33.547511, 0, 1775059740], [130.361667, 33.553207, 0, 1775059800], [130.361538, 33.559331, 0, 1775059860], [130.3654, 33.566099, 0, 1775059980], [130.369638, 33.574207, 0, 1775060100], [130.377331, 33.577693, 0, 1775060220], [130.386858, 33.577326, 0, 1775060340], [130.396203, 33.580392, 0, 1775060400], [130.401825, 33.581805, 0, 1775060520], [130.404947, 33.583968, 0, 1775060640], [130.401717, 33.58824, 0, 1775060760], [130.411583, 33.591333, 0, 1775060880], [130.420616, 33.59013, 0, 1775060940]]}}, {"type": "Feature", "properties": {"trip_id": "七隈線_平日_0_105", "route_id": "七隈線", "route_color": "#009157", "route_type": "1", "trip_headsign": "博多"}, "geometry": {"type": "LineString", "coordinates": [[130.321122, 33.555156, 0, 1775059560], [130.329534, 33.552724, 0, 1775059620], [130.337913, 33.550533, 0, 1775059740], [130.346571, 33.548334, 0, 1775059860], [130.354993, 33.545839, 0, 1775059920], [130.362225, 33.547511, 0, 1775060040], [130.361667, 33.553207, 0, 1775060100], [130.361538, 33.559331, 0, 1775060220], [130.3654, 33.566099, 0, 1775060340], [130.369638, 33.574207, 0, 1775060460], [130.377331, 33.577693, 0, 1775060520], [130.386858, 33.577326, 0, 1775060640], [130.396203, 33.580392, 0, 1775060760], [130.401825, 33.581805, 0, 1775060880], [130.404947, 33.583968, 0, 1775060940], [130.401717, 33.58824, 0, 1775061060], [130.411583, 33.591333, 0, 1775061180], [130.420616, 33.59013, 0, 1775061300]]}}, {"type": "Feature", "properties": {"trip_id": "七隈線_平日_0_106", "route_id": "七隈線", "route_color": "#009157", "route_type": "1", "trip_headsign": "博多"}, "geometry": {"type": "LineString", "coordinates": [[130.321122, 33.555156, 0, 1775059860], [130.329534, 33.552724, 0, 1775059920], [130.337913, 33.550533, 0, 1775060040], [130.346571, 33.548334, 0, 1775060160], [130.354993, 33.545839, 0, 1775060220], [130.362225, 33.547511, 0, 1775060340], [130.361667, 33.553207, 0, 1775060400], [130.361538, 33.559331, 0, 1775060520], [130.3654, 33.566099, 0, 1775060640], [130.369638, 33.574207, 0, 1775060760], [130.377331, 33.577693, 0, 1775060820], [130.386858, 33.577326, 0, 1775060940], [130.396203, 33.580392, 0, 1775061060], [130.401825, 33.581805, 0, 1775061180], [130.404947, 33.583968, 0, 1775061240], [130.401717, 33.58824, 0, 1775061360], [130.411583, 33.591333, 0, 1775061480], [130.420616, 33.59013, 0, 1775061600]]}}, {"type": "Feature", "properties": {"trip_id": "七隈線_平日_0_107", "route_id": "七隈線", "route_color": "#009157", "route_type": "1", "trip_headsign": "博多"}, "geometry": {"type": "LineString", "coordinates": [[130.321122, 33.555156, 0, 1775060160], [130.329534, 33.552724, 0, 1775060220], [130.337913, 33.550533, 0, 1775060340], [130.346571, 33.548334, 0, 1775060460], [130.354993, 33.545839, 0, 1775060520], [130.362225, 33.547511, 0, 1775060640], [130.361667, 33.553207, 0, 1775060700], [130.361538, 33.559331, 0, 1775060820], [130.3654, 33.566099, 0, 1775060940], [130.369638, 33.574207, 0, 1775061060], [130.377331, 33.577693, 0, 1775061120], [130.386858, 33.577326, 0, 1775061240], [130.396203, 33.580392, 0, 1775061360], [130.401825, 33.581805, 0, 1775061480], [130.404947, 33.583968, 0, 1775061540], [130.401717, 33.58824, 0, 1775061660], [130.411583, 33.591333, 0, 1775061780], [130.420616, 33.59013, 0, 1775061900]]}}, {"type": "Feature", "properties": {"trip_id": "七隈線_平日_0_108", "route_id": "七隈線", "route_color": "#009157", "route_type": "1", "trip_headsign": "博多"}, "geometry": {"type": "LineString", "coordinates": [[130.321122, 33.555156, 0, 1775060460], [130.329534, 33.552724, 0, 1775060520], [130.337913, 33.550533, 0, 1775060640], [130.346571, 33.548334, 0, 1775060760], [130.354993, 33.545839, 0, 1775060820], [130.362225, 33.547511, 0, 1775060940], [130.361667, 33.553207, 0, 1775061000], [130.361538, 33.559331, 0, 1775061120], [130.3654, 33.566099, 0, 1775061240], [130.369638, 33.574207, 0, 1775061360], [130.377331, 33.577693, 0, 1775061420], [130.386858, 33.577326, 0, 1775061540], [130.396203, 33.580392, 0, 1775061660], [130.401825, 33.581805, 0, 1775061780], [130.404947, 33.583968, 0, 1775061840], [130.401717, 33.58824, 0, 1775061960], [130.411583, 33.591333, 0, 1775062080], [130.420616, 33.59013, 0, 1775062200]]}}, {"type": "Feature", "properties": {"trip_id": "七隈線_平日_0_109", "route_id": "七隈線", "route_color": "#009157", "route_type": "1", "trip_headsign": "博多"}, "geometry": {"type": "LineString", "coordinates": [[130.321122, 33.555156, 0, 1775060760], [130.329534, 33.552724, 0, 1775060820], [130.337913, 33.550533, 0, 1775060940], [130.346571, 33.548334, 0, 1775061060], [130.354993, 33.545839, 0, 1775061120], [130.362225, 33.547511, 0, 1775061240], [130.361667, 33.553207, 0, 1775061300], [130.361538, 33.559331, 0, 1775061420], [130.3654, 33.566099, 0, 1775061540], [130.369638, 33.574207, 0, 1775061660], [130.377331, 33.577693, 0, 1775061720], [130.386858, 33.577326, 0, 1775061840], [130.396203, 33.580392, 0, 1775061960], [130.401825, 33.581805, 0, 1775062080], [130.404947, 33.583968, 0, 1775062140], [130.401717, 33.58824, 0, 1775062260], [130.411583, 33.591333, 0, 1775062380], [130.420616, 33.59013, 0, 1775062500]]}}, {"type": "Feature", "properties": {"trip_id": "七隈線_平日_0_110", "route_id": "七隈線", "route_color": "#009157", "route_type": "1", "trip_headsign": "博多"}, "geometry": {"type": "LineString", "coordinates": [[130.321122, 33.555156, 0, 1775061060], [130.329534, 33.552724, 0, 1775061120], [130.337913, 33.550533, 0, 1775061240], [130.346571, 33.548334, 0, 1775061360], [130.354993, 33.545839, 0, 1775061420], [130.362225, 33.547511, 0, 1775061540], [130.361667, 33.553207, 0, 1775061600], [130.361538, 33.559331, 0, 1775061720], [130.3654, 33.566099, 0, 1775061840], [130.369638, 33.574207, 0, 1775061960], [130.377331, 33.577693, 0, 1775062020], [130.386858, 33.577326, 0, 1775062140], [130.396203, 33.580392, 0, 1775062260], [130.401825, 33.581805, 0, 1775062380], [130.404947, 33.583968, 0, 1775062440], [130.401717, 33.58824, 0, 1775062560], [130.411583, 33.591333, 0, 1775062680], [130.420616, 33.59013, 0, 1775062800]]}}, {"type": "Feature", "properties": {"trip_id": "七隈線_平日_0_111", "route_id": "七隈線", "route_color": "#009157", "route_type": "1", "trip_headsign": "博多"}, "geometry": {"type": "LineString", "coordinates": [[130.321122, 33.555156, 0, 1775061360], [130.329534, 33.552724, 0, 1775061420], [130.337913, 33.550533, 0, 1775061540], [130.346571, 33.548334, 0, 1775061660], [130.354993, 33.545839, 0, 1775061720], [130.362225, 33.547511, 0, 1775061840], [130.361667, 33.553207, 0, 1775061900], [130.361538, 33.559331, 0, 1775062020], [130.3654, 33.566099, 0, 1775062140], [130.369638, 33.574207, 0, 1775062260], [130.377331, 33.577693, 0, 1775062320], [130.386858, 33.577326, 0, 1775062440], [130.396203, 33.580392, 0, 1775062560], [130.401825, 33.581805, 0, 1775062680], [130.404947, 33.583968, 0, 1775062740], [130.401717, 33.58824, 0, 1775062860], [130.411583, 33.591333, 0, 1775062980], [130.420616, 33.59013, 0, 1775063100]]}}, {"type": "Feature", "properties": {"trip_id": "七隈線_平日_0_112", "route_id": "七隈線", "route_color": "#009157", "route_type": "1", "trip_headsign": "博多"}, "geometry": {"type": "LineString", "coordinates": [[130.321122, 33.555156, 0, 1775061660], [130.329534, 33.552724, 0, 1775061720], [130.337913, 33.550533, 0, 1775061840], [130.346571, 33.548334, 0, 1775061960], [130.354993, 33.545839, 0, 1775062020], [130.362225, 33.547511, 0, 1775062140], [130.361667, 33.553207, 0, 1775062200], [130.361538, 33.559331, 0, 1775062320], [130.3654, 33.566099, 0, 1775062440], [130.369638, 33.574207, 0, 1775062560], [130.377331, 33.577693, 0, 1775062620], [130.386858, 33.577326, 0, 1775062740], [130.396203, 33.580392, 0, 1775062860], [130.401825, 33.581805, 0, 1775062980], [130.404947, 33.583968, 0, 1775063040], [130.401717, 33.58824, 0, 1775063160], [130.411583, 33.591333, 0, 1775063280], [130.420616, 33.59013, 0, 1775063400]]}}, {"type": "Feature", "properties": {"trip_id": "七隈線_平日_0_113", "route_id": "七隈線", "route_color": "#009157", "route_type": "1", "trip_headsign": "博多"}, "geometry": {"type": "LineString", "coordinates": [[130.321122, 33.555156, 0, 1775061960], [130.329534, 33.552724, 0, 1775062020], [130.337913, 33.550533, 0, 1775062140], [130.346571, 33.548334, 0, 1775062260], [130.354993, 33.545839, 0, 1775062320], [130.362225, 33.547511, 0, 1775062440], [130.361667, 33.553207, 0, 1775062500], [130.361538, 33.559331, 0, 1775062620], [130.3654, 33.566099, 0, 1775062740], [130.369638, 33.574207, 0, 1775062860], [130.377331, 33.577693, 0, 1775062920], [130.386858, 33.577326, 0, 1775063040], [130.396203, 33.580392, 0, 1775063160], [130.401825, 33.581805, 0, 1775063280], [130.404947, 33.583968, 0, 1775063340], [130.401717, 33.58824, 0, 1775063460], [130.411583, 33.591333, 0, 1775063580], [130.420616, 33.59013, 0, 1775063700]]}}, {"type": "Feature", "properties": {"trip_id": "七隈線_平日_0_114", "route_id": "七隈線", "route_color": "#009157", "route_type": "1", "trip_headsign": "博多"}, "geometry": {"type": "LineString", "coordinates": [[130.321122, 33.555156, 0, 1775062260], [130.329534, 33.552724, 0, 1775062320], [130.337913, 33.550533, 0, 1775062440], [130.346571, 33.548334, 0, 1775062560], [130.354993, 33.545839, 0, 1775062620], [130.362225, 33.547511, 0, 1775062740], [130.361667, 33.553207, 0, 1775062800], [130.361538, 33.559331, 0, 1775062920], [130.3654, 33.566099, 0, 1775063040], [130.369638, 33.574207, 0, 1775063160], [130.377331, 33.577693, 0, 1775063220], [130.386858, 33.577326, 0, 1775063340], [130.396203, 33.580392, 0, 1775063460], [130.401825, 33.581805, 0, 1775063580], [130.404947, 33.583968, 0, 1775063640], [130.401717, 33.58824, 0, 1775063760], [130.411583, 33.591333, 0, 1775063880], [130.420616, 33.59013, 0, 1775064000]]}}, {"type": "Feature", "properties": {"trip_id": "七隈線_平日_0_115", "route_id": "七隈線", "route_color": "#009157", "route_type": "1", "trip_headsign": "博多"}, "geometry": {"type": "LineString", "coordinates": [[130.321122, 33.555156, 0, 1775062560], [130.329534, 33.552724, 0, 1775062620], [130.337913, 33.550533, 0, 1775062740], [130.346571, 33.548334, 0, 1775062860], [130.354993, 33.545839, 0, 1775062920], [130.362225, 33.547511, 0, 1775063040], [130.361667, 33.553207, 0, 1775063100], [130.361538, 33.559331, 0, 1775063220], [130.3654, 33.566099, 0, 1775063340], [130.369638, 33.574207, 0, 1775063460], [130.377331, 33.577693, 0, 1775063520], [130.386858, 33.577326, 0, 1775063640], [130.396203, 33.580392, 0, 1775063760], [130.401825, 33.581805, 0, 1775063880], [130.404947, 33.583968, 0, 1775063940], [130.401717, 33.58824, 0, 1775064060], [130.411583, 33.591333, 0, 1775064180], [130.420616, 33.59013, 0, 1775064300]]}}, {"type": "Feature", "properties": {"trip_id": "七隈線_平日_0_116", "route_id": "七隈線", "route_color": "#009157", "route_type": "1", "trip_headsign": "博多"}, "geometry": {"type": "LineString", "coordinates": [[130.321122, 33.555156, 0, 1775062860], [130.329534, 33.552724, 0, 1775062920], [130.337913, 33.550533, 0, 1775063040], [130.346571, 33.548334, 0, 1775063160], [130.354993, 33.545839, 0, 1775063220], [130.362225, 33.547511, 0, 1775063340], [130.361667, 33.553207, 0, 1775063400], [130.361538, 33.559331, 0, 1775063520], [130.3654, 33.566099, 0, 1775063640], [130.369638, 33.574207, 0, 1775063760], [130.377331, 33.577693, 0, 1775063820], [130.386858, 33.577326, 0, 1775063940], [130.396203, 33.580392, 0, 1775064060], [130.401825, 33.581805, 0, 1775064180], [130.404947, 33.583968, 0, 1775064240], [130.401717, 33.58824, 0, 1775064360], [130.411583, 33.591333, 0, 1775064480], [130.420616, 33.59013, 0, 1775064600]]}}, {"type": "Feature", "properties": {"trip_id": "七隈線_平日_0_117", "route_id": "七隈線", "route_color": "#009157", "route_type": "1", "trip_headsign": "博多"}, "geometry": {"type": "LineString", "coordinates": [[130.321122, 33.555156, 0, 1775063160], [130.329534, 33.552724, 0, 1775063220], [130.337913, 33.550533, 0, 1775063340], [130.346571, 33.548334, 0, 1775063460], [130.354993, 33.545839, 0, 1775063520], [130.362225, 33.547511, 0, 1775063640], [130.361667, 33.553207, 0, 1775063700], [130.361538, 33.559331, 0, 1775063820], [130.3654, 33.566099, 0, 1775063940], [130.369638, 33.574207, 0, 1775064060], [130.377331, 33.577693, 0, 1775064120], [130.386858, 33.577326, 0, 1775064240], [130.396203, 33.580392, 0, 1775064360], [130.401825, 33.581805, 0, 1775064480], [130.404947, 33.583968, 0, 1775064540], [130.401717, 33.58824, 0, 1775064660], [130.411583, 33.591333, 0, 1775064780], [130.420616, 33.59013, 0, 1775064900]]}}, {"type": "Feature", "properties": {"trip_id": "七隈線_平日_0_118", "route_id": "七隈線", "route_color": "#009157", "route_type": "1", "trip_headsign": "博多"}, "geometry": {"type": "LineString", "coordinates": [[130.321122, 33.555156, 0, 1775063460], [130.329534, 33.552724, 0, 1775063520], [130.337913, 33.550533, 0, 1775063640], [130.346571, 33.548334, 0, 1775063760], [130.354993, 33.545839, 0, 1775063820], [130.362225, 33.547511, 0, 1775063940], [130.361667, 33.553207, 0, 1775064000], [130.361538, 33.559331, 0, 1775064120], [130.3654, 33.566099, 0, 1775064240], [130.369638, 33.574207, 0, 1775064360], [130.377331, 33.577693, 0, 1775064420], [130.386858, 33.577326, 0, 1775064540], [130.396203, 33.580392, 0, 1775064660], [130.401825, 33.581805, 0, 1775064780], [130.404947, 33.583968, 0, 1775064840], [130.401717, 33.58824, 0, 1775064960], [130.411583, 33.591333, 0, 1775065080], [130.420616, 33.59013, 0, 1775065200]]}}, {"type": "Feature", "properties": {"trip_id": "七隈線_平日_0_119", "route_id": "七隈線", "route_color": "#009157", "route_type": "1", "trip_headsign": "博多"}, "geometry": {"type": "LineString", "coordinates": [[130.321122, 33.555156, 0, 1775063760], [130.329534, 33.552724, 0, 1775063820], [130.337913, 33.550533, 0, 1775063940], [130.346571, 33.548334, 0, 1775064060], [130.354993, 33.545839, 0, 1775064120], [130.362225, 33.547511, 0, 1775064240], [130.361667, 33.553207, 0, 1775064300], [130.361538, 33.559331, 0, 1775064420], [130.3654, 33.566099, 0, 1775064540], [130.369638, 33.574207, 0, 1775064660], [130.377331, 33.577693, 0, 1775064720], [130.386858, 33.577326, 0, 1775064840], [130.396203, 33.580392, 0, 1775064960], [130.401825, 33.581805, 0, 1775065080], [130.404947, 33.583968, 0, 1775065140], [130.401717, 33.58824, 0, 1775065260], [130.411583, 33.591333, 0, 1775065380], [130.420616, 33.59013, 0, 1775065500]]}}, {"type": "Feature", "properties": {"trip_id": "七隈線_平日_0_120", "route_id": "七隈線", "route_color": "#009157", "route_type": "1", "trip_headsign": "博多"}, "geometry": {"type": "LineString", "coordinates": [[130.321122, 33.555156, 0, 1775064000], [130.329534, 33.552724, 0, 1775064120], [130.337913, 33.550533, 0, 1775064180], [130.346571, 33.548334, 0, 1775064300], [130.354993, 33.545839, 0, 1775064420], [130.362225, 33.547511, 0, 1775064540], [130.361667, 33.553207, 0, 1775064600], [130.361538, 33.559331, 0, 1775064660], [130.3654, 33.566099, 0, 1775064780], [130.369638, 33.574207, 0, 1775064900], [130.377331, 33.577693, 0, 1775065020], [130.386858, 33.577326, 0, 1775065140], [130.396203, 33.580392, 0, 1775065200], [130.401825, 33.581805, 0, 1775065320], [130.404947, 33.583968, 0, 1775065440], [130.401717, 33.58824, 0, 1775065560], [130.411583, 33.591333, 0, 1775065680], [130.420616, 33.59013, 0, 1775065740]]}}, {"type": "Feature", "properties": {"trip_id": "七隈線_平日_0_121", "route_id": "七隈線", "route_color": "#009157", "route_type": "1", "trip_headsign": "博多"}, "geometry": {"type": "LineString", "coordinates": [[130.321122, 33.555156, 0, 1775064240], [130.329534, 33.552724, 0, 1775064360], [130.337913, 33.550533, 0, 1775064480], [130.346571, 33.548334, 0, 1775064540], [130.354993, 33.545839, 0, 1775064660], [130.362225, 33.547511, 0, 1775064780], [130.361667, 33.553207, 0, 1775064840], [130.361538, 33.559331, 0, 1775064960], [130.3654, 33.566099, 0, 1775065020], [130.369638, 33.574207, 0, 1775065140], [130.377331, 33.577693, 0, 1775065260], [130.386858, 33.577326, 0, 1775065380], [130.396203, 33.580392, 0, 1775065500], [130.401825, 33.581805, 0, 1775065560], [130.404947, 33.583968, 0, 1775065680], [130.401717, 33.58824, 0, 1775065800], [130.411583, 33.591333, 0, 1775065920], [130.420616, 33.59013, 0, 1775066040]]}}, {"type": "Feature", "properties": {"trip_id": "七隈線_平日_0_122", "route_id": "七隈線", "route_color": "#009157", "route_type": "1", "trip_headsign": "博多"}, "geometry": {"type": "LineString", "coordinates": [[130.321122, 33.555156, 0, 1775064540], [130.329534, 33.552724, 0, 1775064600], [130.337913, 33.550533, 0, 1775064720], [130.346571, 33.548334, 0, 1775064840], [130.354993, 33.545839, 0, 1775064900], [130.362225, 33.547511, 0, 1775065020], [130.361667, 33.553207, 0, 1775065080], [130.361538, 33.559331, 0, 1775065200], [130.3654, 33.566099, 0, 1775065320], [130.369638, 33.574207, 0, 1775065440], [130.377331, 33.577693, 0, 1775065500], [130.386858, 33.577326, 0, 1775065620], [130.396203, 33.580392, 0, 1775065740], [130.401825, 33.581805, 0, 1775065860], [130.404947, 33.583968, 0, 1775065920], [130.401717, 33.58824, 0, 1775066040], [130.411583, 33.591333, 0, 1775066160], [130.420616, 33.59013, 0, 1775066280]]}}, {"type": "Feature", "properties": {"trip_id": "七隈線_平日_0_123", "route_id": "七隈線", "route_color": "#009157", "route_type": "1", "trip_headsign": "博多"}, "geometry": {"type": "LineString", "coordinates": [[130.321122, 33.555156, 0, 1775064780], [130.329534, 33.552724, 0, 1775064840], [130.337913, 33.550533, 0, 1775064960], [130.346571, 33.548334, 0, 1775065080], [130.354993, 33.545839, 0, 1775065140], [130.362225, 33.547511, 0, 1775065260], [130.361667, 33.553207, 0, 1775065320], [130.361538, 33.559331, 0, 1775065440], [130.3654, 33.566099, 0, 1775065560], [130.369638, 33.574207, 0, 1775065680], [130.377331, 33.577693, 0, 1775065740], [130.386858, 33.577326, 0, 1775065860], [130.396203, 33.580392, 0, 1775065980], [130.401825, 33.581805, 0, 1775066100], [130.404947, 33.583968, 0, 1775066160], [130.401717, 33.58824, 0, 1775066280], [130.411583, 33.591333, 0, 1775066400], [130.420616, 33.59013, 0, 1775066520]]}}, {"type": "Feature", "properties": {"trip_id": "七隈線_平日_0_124", "route_id": "七隈線", "route_color": "#009157", "route_type": "1", "trip_headsign": "博多"}, "geometry": {"type": "LineString", "coordinates": [[130.321122, 33.555156, 0, 1775065020], [130.329534, 33.552724, 0, 1775065080], [130.337913, 33.550533, 0, 1775065200], [130.346571, 33.548334, 0, 1775065320], [130.354993, 33.545839, 0, 1775065380], [130.362225, 33.547511, 0, 1775065500], [130.361667, 33.553207, 0, 1775065560], [130.361538, 33.559331, 0, 1775065680], [130.3654, 33.566099, 0, 1775065800], [130.369638, 33.574207, 0, 1775065920], [130.377331, 33.577693, 0, 1775065980], [130.386858, 33.577326, 0, 1775066100], [130.396203, 33.580392, 0, 1775066220], [130.401825, 33.581805, 0, 1775066340], [130.404947, 33.583968, 0, 1775066400], [130.401717, 33.58824, 0, 1775066520], [130.411583, 33.591333, 0, 1775066640], [130.420616, 33.59013, 0, 1775066760]]}}, {"type": "Feature", "properties": {"trip_id": "七隈線_平日_0_125", "route_id": "七隈線", "route_color": "#009157", "route_type": "1", "trip_headsign": "博多"}, "geometry": {"type": "LineString", "coordinates": [[130.321122, 33.555156, 0, 1775065260], [130.329534, 33.552724, 0, 1775065320], [130.337913, 33.550533, 0, 1775065440], [130.346571, 33.548334, 0, 1775065560], [130.354993, 33.545839, 0, 1775065620], [130.362225, 33.547511, 0, 1775065740], [130.361667, 33.553207, 0, 1775065800], [130.361538, 33.559331, 0, 1775065920], [130.3654, 33.566099, 0, 1775066040], [130.369638, 33.574207, 0, 1775066160], [130.377331, 33.577693, 0, 1775066220], [130.386858, 33.577326, 0, 1775066340], [130.396203, 33.580392, 0, 1775066460], [130.401825, 33.581805, 0, 1775066580], [130.404947, 33.583968, 0, 1775066640], [130.401717, 33.58824, 0, 1775066760], [130.411583, 33.591333, 0, 1775066880], [130.420616, 33.59013, 0, 1775067000]]}}, {"type": "Feature", "properties": {"trip_id": "七隈線_平日_0_126", "route_id": "七隈線", "route_color": "#009157", "route_type": "1", "trip_headsign": "博多"}, "geometry": {"type": "LineString", "coordinates": [[130.321122, 33.555156, 0, 1775065500], [130.329534, 33.552724, 0, 1775065560], [130.337913, 33.550533, 0, 1775065680], [130.346571, 33.548334, 0, 1775065800], [130.354993, 33.545839, 0, 1775065860], [130.362225, 33.547511, 0, 1775065980], [130.361667, 33.553207, 0, 1775066040], [130.361538, 33.559331, 0, 1775066160], [130.3654, 33.566099, 0, 1775066280], [130.369638, 33.574207, 0, 1775066400], [130.377331, 33.577693, 0, 1775066460], [130.386858, 33.577326, 0, 1775066580], [130.396203, 33.580392, 0, 1775066700], [130.401825, 33.581805, 0, 1775066820], [130.404947, 33.583968, 0, 1775066880], [130.401717, 33.58824, 0, 1775067000], [130.411583, 33.591333, 0, 1775067120], [130.420616, 33.59013, 0, 1775067240]]}}, {"type": "Feature", "properties": {"trip_id": "七隈線_平日_0_127", "route_id": "七隈線", "route_color": "#009157", "route_type": "1", "trip_headsign": "博多"}, "geometry": {"type": "LineString", "coordinates": [[130.321122, 33.555156, 0, 1775065740], [130.329534, 33.552724, 0, 1775065800], [130.337913, 33.550533, 0, 1775065920], [130.346571, 33.548334, 0, 1775066040], [130.354993, 33.545839, 0, 1775066100], [130.362225, 33.547511, 0, 1775066220], [130.361667, 33.553207, 0, 1775066280], [130.361538, 33.559331, 0, 1775066400], [130.3654, 33.566099, 0, 1775066520], [130.369638, 33.574207, 0, 1775066640], [130.377331, 33.577693, 0, 1775066700], [130.386858, 33.577326, 0, 1775066820], [130.396203, 33.580392, 0, 1775066940], [130.401825, 33.581805, 0, 1775067060], [130.404947, 33.583968, 0, 1775067120], [130.401717, 33.58824, 0, 1775067240], [130.411583, 33.591333, 0, 1775067360], [130.420616, 33.59013, 0, 1775067480]]}}, {"type": "Feature", "properties": {"trip_id": "七隈線_平日_0_128", "route_id": "七隈線", "route_color": "#009157", "route_type": "1", "trip_headsign": "博多"}, "geometry": {"type": "LineString", "coordinates": [[130.321122, 33.555156, 0, 1775065980], [130.329534, 33.552724, 0, 1775066040], [130.337913, 33.550533, 0, 1775066160], [130.346571, 33.548334, 0, 1775066280], [130.354993, 33.545839, 0, 1775066340], [130.362225, 33.547511, 0, 1775066460], [130.361667, 33.553207, 0, 1775066520], [130.361538, 33.559331, 0, 1775066640], [130.3654, 33.566099, 0, 1775066760], [130.369638, 33.574207, 0, 1775066880], [130.377331, 33.577693, 0, 1775066940], [130.386858, 33.577326, 0, 1775067060], [130.396203, 33.580392, 0, 1775067180], [130.401825, 33.581805, 0, 1775067300], [130.404947, 33.583968, 0, 1775067360], [130.401717, 33.58824, 0, 1775067480], [130.411583, 33.591333, 0, 1775067600], [130.420616, 33.59013, 0, 1775067720]]}}, {"type": "Feature", "properties": {"trip_id": "七隈線_平日_0_129", "route_id": "七隈線", "route_color": "#009157", "route_type": "1", "trip_headsign": "博多"}, "geometry": {"type": "LineString", "coordinates": [[130.321122, 33.555156, 0, 1775066220], [130.329534, 33.552724, 0, 1775066280], [130.337913, 33.550533, 0, 1775066400], [130.346571, 33.548334, 0, 1775066520], [130.354993, 33.545839, 0, 1775066580], [130.362225, 33.547511, 0, 1775066700], [130.361667, 33.553207, 0, 1775066760], [130.361538, 33.559331, 0, 1775066880], [130.3654, 33.566099, 0, 1775067000], [130.369638, 33.574207, 0, 1775067120], [130.377331, 33.577693, 0, 1775067180], [130.386858, 33.577326, 0, 1775067300], [130.396203, 33.580392, 0, 1775067420], [130.401825, 33.581805, 0, 1775067540], [130.404947, 33.583968, 0, 1775067600], [130.401717, 33.58824, 0, 1775067720], [130.411583, 33.591333, 0, 1775067840], [130.420616, 33.59013, 0, 1775067960]]}}, {"type": "Feature", "properties": {"trip_id": "七隈線_平日_0_130", "route_id": "七隈線", "route_color": "#009157", "route_type": "1", "trip_headsign": "博多"}, "geometry": {"type": "LineString", "coordinates": [[130.321122, 33.555156, 0, 1775066460], [130.329534, 33.552724, 0, 1775066520], [130.337913, 33.550533, 0, 1775066640], [130.346571, 33.548334, 0, 1775066760], [130.354993, 33.545839, 0, 1775066820], [130.362225, 33.547511, 0, 1775066940], [130.361667, 33.553207, 0, 1775067000], [130.361538, 33.559331, 0, 1775067120], [130.3654, 33.566099, 0, 1775067240], [130.369638, 33.574207, 0, 1775067360], [130.377331, 33.577693, 0, 1775067420], [130.386858, 33.577326, 0, 1775067540], [130.396203, 33.580392, 0, 1775067660], [130.401825, 33.581805, 0, 1775067780], [130.404947, 33.583968, 0, 1775067840], [130.401717, 33.58824, 0, 1775067960], [130.411583, 33.591333, 0, 1775068080], [130.420616, 33.59013, 0, 1775068200]]}}, {"type": "Feature", "properties": {"trip_id": "七隈線_平日_0_131", "route_id": "七隈線", "route_color": "#009157", "route_type": "1", "trip_headsign": "博多"}, "geometry": {"type": "LineString", "coordinates": [[130.321122, 33.555156, 0, 1775066700], [130.329534, 33.552724, 0, 1775066760], [130.337913, 33.550533, 0, 1775066880], [130.346571, 33.548334, 0, 1775067000], [130.354993, 33.545839, 0, 1775067060], [130.362225, 33.547511, 0, 1775067180], [130.361667, 33.553207, 0, 1775067240], [130.361538, 33.559331, 0, 1775067360], [130.3654, 33.566099, 0, 1775067480], [130.369638, 33.574207, 0, 1775067600], [130.377331, 33.577693, 0, 1775067660], [130.386858, 33.577326, 0, 1775067780], [130.396203, 33.580392, 0, 1775067900], [130.401825, 33.581805, 0, 1775068020], [130.404947, 33.583968, 0, 1775068080], [130.401717, 33.58824, 0, 1775068200], [130.411583, 33.591333, 0, 1775068320], [130.420616, 33.59013, 0, 1775068440]]}}, {"type": "Feature", "properties": {"trip_id": "七隈線_平日_0_132", "route_id": "七隈線", "route_color": "#009157", "route_type": "1", "trip_headsign": "博多"}, "geometry": {"type": "LineString", "coordinates": [[130.321122, 33.555156, 0, 1775066940], [130.329534, 33.552724, 0, 1775067000], [130.337913, 33.550533, 0, 1775067120], [130.346571, 33.548334, 0, 1775067240], [130.354993, 33.545839, 0, 1775067300], [130.362225, 33.547511, 0, 1775067420], [130.361667, 33.553207, 0, 1775067480], [130.361538, 33.559331, 0, 1775067600], [130.3654, 33.566099, 0, 1775067720], [130.369638, 33.574207, 0, 1775067840], [130.377331, 33.577693, 0, 1775067900], [130.386858, 33.577326, 0, 1775068020], [130.396203, 33.580392, 0, 1775068140], [130.401825, 33.581805, 0, 1775068260], [130.404947, 33.583968, 0, 1775068320], [130.401717, 33.58824, 0, 1775068440], [130.411583, 33.591333, 0, 1775068560], [130.420616, 33.59013, 0, 1775068680]]}}, {"type": "Feature", "properties": {"trip_id": "七隈線_平日_0_133", "route_id": "七隈線", "route_color": "#009157", "route_type": "1", "trip_headsign": "博多"}, "geometry": {"type": "LineString", "coordinates": [[130.321122, 33.555156, 0, 1775067180], [130.329534, 33.552724, 0, 1775067240], [130.337913, 33.550533, 0, 1775067360], [130.346571, 33.548334, 0, 1775067480], [130.354993, 33.545839, 0, 1775067540], [130.362225, 33.547511, 0, 1775067660], [130.361667, 33.553207, 0, 1775067720], [130.361538, 33.559331, 0, 1775067840], [130.3654, 33.566099, 0, 1775067960], [130.369638, 33.574207, 0, 1775068080], [130.377331, 33.577693, 0, 1775068140], [130.386858, 33.577326, 0, 1775068260], [130.396203, 33.580392, 0, 1775068380], [130.401825, 33.581805, 0, 1775068500], [130.404947, 33.583968, 0, 1775068560], [130.401717, 33.58824, 0, 1775068680], [130.411583, 33.591333, 0, 1775068800], [130.420616, 33.59013, 0, 1775068920]]}}, {"type": "Feature", "properties": {"trip_id": "七隈線_平日_0_134", "route_id": "七隈線", "route_color": "#009157", "route_type": "1", "trip_headsign": "博多"}, "geometry": {"type": "LineString", "coordinates": [[130.321122, 33.555156, 0, 1775067420], [130.329534, 33.552724, 0, 1775067540], [130.337913, 33.550533, 0, 1775067600], [130.346571, 33.548334, 0, 1775067720], [130.354993, 33.545839, 0, 1775067840], [130.362225, 33.547511, 0, 1775067960], [130.361667, 33.553207, 0, 1775068020], [130.361538, 33.559331, 0, 1775068080], [130.3654, 33.566099, 0, 1775068200], [130.369638, 33.574207, 0, 1775068320], [130.377331, 33.577693, 0, 1775068440], [130.386858, 33.577326, 0, 1775068560], [130.396203, 33.580392, 0, 1775068620], [130.401825, 33.581805, 0, 1775068740], [130.404947, 33.583968, 0, 1775068860], [130.401717, 33.58824, 0, 1775068980], [130.411583, 33.591333, 0, 1775069100], [130.420616, 33.59013, 0, 1775069160]]}}, {"type": "Feature", "properties": {"trip_id": "七隈線_平日_0_135", "route_id": "七隈線", "route_color": "#009157", "route_type": "1", "trip_headsign": "博多"}, "geometry": {"type": "LineString", "coordinates": [[130.321122, 33.555156, 0, 1775067720], [130.329534, 33.552724, 0, 1775067780], [130.337913, 33.550533, 0, 1775067900], [130.346571, 33.548334, 0, 1775068020], [130.354993, 33.545839, 0, 1775068080], [130.362225, 33.547511, 0, 1775068200], [130.361667, 33.553207, 0, 1775068260], [130.361538, 33.559331, 0, 1775068380], [130.3654, 33.566099, 0, 1775068500], [130.369638, 33.574207, 0, 1775068620], [130.377331, 33.577693, 0, 1775068680], [130.386858, 33.577326, 0, 1775068800], [130.396203, 33.580392, 0, 1775068920], [130.401825, 33.581805, 0, 1775069040], [130.404947, 33.583968, 0, 1775069100], [130.401717, 33.58824, 0, 1775069220], [130.411583, 33.591333, 0, 1775069340], [130.420616, 33.59013, 0, 1775069460]]}}, {"type": "Feature", "properties": {"trip_id": "七隈線_平日_0_136", "route_id": "七隈線", "route_color": "#009157", "route_type": "1", "trip_headsign": "博多"}, "geometry": {"type": "LineString", "coordinates": [[130.321122, 33.555156, 0, 1775067960], [130.329534, 33.552724, 0, 1775068080], [130.337913, 33.550533, 0, 1775068140], [130.346571, 33.548334, 0, 1775068260], [130.354993, 33.545839, 0, 1775068380], [130.362225, 33.547511, 0, 1775068500], [130.361667, 33.553207, 0, 1775068560], [130.361538, 33.559331, 0, 1775068620], [130.3654, 33.566099, 0, 1775068740], [130.369638, 33.574207, 0, 1775068860], [130.377331, 33.577693, 0, 1775068980], [130.386858, 33.577326, 0, 1775069100], [130.396203, 33.580392, 0, 1775069160], [130.401825, 33.581805, 0, 1775069280], [130.404947, 33.583968, 0, 1775069400], [130.401717, 33.58824, 0, 1775069520], [130.411583, 33.591333, 0, 1775069640], [130.420616, 33.59013, 0, 1775069700]]}}, {"type": "Feature", "properties": {"trip_id": "七隈線_平日_0_137", "route_id": "七隈線", "route_color": "#009157", "route_type": "1", "trip_headsign": "博多"}, "geometry": {"type": "LineString", "coordinates": [[130.321122, 33.555156, 0, 1775068260], [130.329534, 33.552724, 0, 1775068320], [130.337913, 33.550533, 0, 1775068440], [130.346571, 33.548334, 0, 1775068560], [130.354993, 33.545839, 0, 1775068620], [130.362225, 33.547511, 0, 1775068740], [130.361667, 33.553207, 0, 1775068800], [130.361538, 33.559331, 0, 1775068920], [130.3654, 33.566099, 0, 1775069040], [130.369638, 33.574207, 0, 1775069160], [130.377331, 33.577693, 0, 1775069220], [130.386858, 33.577326, 0, 1775069340], [130.396203, 33.580392, 0, 1775069460], [130.401825, 33.581805, 0, 1775069580], [130.404947, 33.583968, 0, 1775069640], [130.401717, 33.58824, 0, 1775069760], [130.411583, 33.591333, 0, 1775069880], [130.420616, 33.59013, 0, 1775070000]]}}, {"type": "Feature", "properties": {"trip_id": "七隈線_平日_0_138", "route_id": "七隈線", "route_color": "#009157", "route_type": "1", "trip_headsign": "博多"}, "geometry": {"type": "LineString", "coordinates": [[130.321122, 33.555156, 0, 1775068500], [130.329534, 33.552724, 0, 1775068620], [130.337913, 33.550533, 0, 1775068680], [130.346571, 33.548334, 0, 1775068800], [130.354993, 33.545839, 0, 1775068920], [130.362225, 33.547511, 0, 1775069040], [130.361667, 33.553207, 0, 1775069100], [130.361538, 33.559331, 0, 1775069160], [130.3654, 33.566099, 0, 1775069280], [130.369638, 33.574207, 0, 1775069400], [130.377331, 33.577693, 0, 1775069520], [130.386858, 33.577326, 0, 1775069640], [130.396203, 33.580392, 0, 1775069700], [130.401825, 33.581805, 0, 1775069820], [130.404947, 33.583968, 0, 1775069940], [130.401717, 33.58824, 0, 1775070060], [130.411583, 33.591333, 0, 1775070180], [130.420616, 33.59013, 0, 1775070240]]}}, {"type": "Feature", "properties": {"trip_id": "七隈線_平日_0_139", "route_id": "七隈線", "route_color": "#009157", "route_type": "1", "trip_headsign": "博多"}, "geometry": {"type": "LineString", "coordinates": [[130.321122, 33.555156, 0, 1775068740], [130.329534, 33.552724, 0, 1775068860], [130.337913, 33.550533, 0, 1775068920], [130.346571, 33.548334, 0, 1775069040], [130.354993, 33.545839, 0, 1775069160], [130.362225, 33.547511, 0, 1775069280], [130.361667, 33.553207, 0, 1775069340], [130.361538, 33.559331, 0, 1775069400], [130.3654, 33.566099, 0, 1775069520], [130.369638, 33.574207, 0, 1775069640], [130.377331, 33.577693, 0, 1775069760], [130.386858, 33.577326, 0, 1775069880], [130.396203, 33.580392, 0, 1775070000], [130.401825, 33.581805, 0, 1775070120], [130.404947, 33.583968, 0, 1775070180], [130.401717, 33.58824, 0, 1775070300], [130.411583, 33.591333, 0, 1775070420], [130.420616, 33.59013, 0, 1775070540]]}}, {"type": "Feature", "properties": {"trip_id": "七隈線_平日_0_140", "route_id": "七隈線", "route_color": "#009157", "route_type": "1", "trip_headsign": "博多"}, "geometry": {"type": "LineString", "coordinates": [[130.321122, 33.555156, 0, 1775069100], [130.329534, 33.552724, 0, 1775069160], [130.337913, 33.550533, 0, 1775069280], [130.346571, 33.548334, 0, 1775069400], [130.354993, 33.545839, 0, 1775069460], [130.362225, 33.547511, 0, 1775069580], [130.361667, 33.553207, 0, 1775069640], [130.361538, 33.559331, 0, 1775069760], [130.3654, 33.566099, 0, 1775069880], [130.369638, 33.574207, 0, 1775070000], [130.377331, 33.577693, 0, 1775070060], [130.386858, 33.577326, 0, 1775070180], [130.396203, 33.580392, 0, 1775070300], [130.401825, 33.581805, 0, 1775070420], [130.404947, 33.583968, 0, 1775070480], [130.401717, 33.58824, 0, 1775070600], [130.411583, 33.591333, 0, 1775070720], [130.420616, 33.59013, 0, 1775070840]]}}, {"type": "Feature", "properties": {"trip_id": "七隈線_平日_0_141", "route_id": "七隈線", "route_color": "#009157", "route_type": "1", "trip_headsign": "博多"}, "geometry": {"type": "LineString", "coordinates": [[130.321122, 33.555156, 0, 1775069400], [130.329534, 33.552724, 0, 1775069460], [130.337913, 33.550533, 0, 1775069580], [130.346571, 33.548334, 0, 1775069700], [130.354993, 33.545839, 0, 1775069760], [130.362225, 33.547511, 0, 1775069880], [130.361667, 33.553207, 0, 1775069940], [130.361538, 33.559331, 0, 1775070060], [130.3654, 33.566099, 0, 1775070180], [130.369638, 33.574207, 0, 1775070300], [130.377331, 33.577693, 0, 1775070360], [130.386858, 33.577326, 0, 1775070480], [130.396203, 33.580392, 0, 1775070600], [130.401825, 33.581805, 0, 1775070720], [130.404947, 33.583968, 0, 1775070780], [130.401717, 33.58824, 0, 1775070900], [130.411583, 33.591333, 0, 1775071020], [130.420616, 33.59013, 0, 1775071140]]}}, {"type": "Feature", "properties": {"trip_id": "七隈線_平日_0_142", "route_id": "七隈線", "route_color": "#009157", "route_type": "1", "trip_headsign": "博多"}, "geometry": {"type": "LineString", "coordinates": [[130.321122, 33.555156, 0, 1775069700], [130.329534, 33.552724, 0, 1775069760], [130.337913, 33.550533, 0, 1775069880], [130.346571, 33.548334, 0, 1775070000], [130.354993, 33.545839, 0, 1775070060], [130.362225, 33.547511, 0, 1775070180], [130.361667, 33.553207, 0, 1775070240], [130.361538, 33.559331, 0, 1775070360], [130.3654, 33.566099, 0, 1775070480], [130.369638, 33.574207, 0, 1775070600], [130.377331, 33.577693, 0, 1775070660], [130.386858, 33.577326, 0, 1775070780], [130.396203, 33.580392, 0, 1775070900], [130.401825, 33.581805, 0, 1775071020], [130.404947, 33.583968, 0, 1775071080], [130.401717, 33.58824, 0, 1775071200], [130.411583, 33.591333, 0, 1775071320], [130.420616, 33.59013, 0, 1775071440]]}}, {"type": "Feature", "properties": {"trip_id": "七隈線_平日_0_143", "route_id": "七隈線", "route_color": "#009157", "route_type": "1", "trip_headsign": "博多"}, "geometry": {"type": "LineString", "coordinates": [[130.321122, 33.555156, 0, 1775070000], [130.329534, 33.552724, 0, 1775070060], [130.337913, 33.550533, 0, 1775070180], [130.346571, 33.548334, 0, 1775070300], [130.354993, 33.545839, 0, 1775070360], [130.362225, 33.547511, 0, 1775070480], [130.361667, 33.553207, 0, 1775070540], [130.361538, 33.559331, 0, 1775070660], [130.3654, 33.566099, 0, 1775070780], [130.369638, 33.574207, 0, 1775070900], [130.377331, 33.577693, 0, 1775070960], [130.386858, 33.577326, 0, 1775071080], [130.396203, 33.580392, 0, 1775071200], [130.401825, 33.581805, 0, 1775071320], [130.404947, 33.583968, 0, 1775071380], [130.401717, 33.58824, 0, 1775071500], [130.411583, 33.591333, 0, 1775071620], [130.420616, 33.59013, 0, 1775071740]]}}, {"type": "Feature", "properties": {"trip_id": "七隈線_平日_0_144", "route_id": "七隈線", "route_color": "#009157", "route_type": "1", "trip_headsign": "博多"}, "geometry": {"type": "LineString", "coordinates": [[130.321122, 33.555156, 0, 1775070300], [130.329534, 33.552724, 0, 1775070360], [130.337913, 33.550533, 0, 1775070480], [130.346571, 33.548334, 0, 1775070600], [130.354993, 33.545839, 0, 1775070660], [130.362225, 33.547511, 0, 1775070780], [130.361667, 33.553207, 0, 1775070840], [130.361538, 33.559331, 0, 1775070960], [130.3654, 33.566099, 0, 1775071080], [130.369638, 33.574207, 0, 1775071200], [130.377331, 33.577693, 0, 1775071260], [130.386858, 33.577326, 0, 1775071380], [130.396203, 33.580392, 0, 1775071500], [130.401825, 33.581805, 0, 1775071620], [130.404947, 33.583968, 0, 1775071680], [130.401717, 33.58824, 0, 1775071800], [130.411583, 33.591333, 0, 1775071920], [130.420616, 33.59013, 0, 1775072040]]}}, {"type": "Feature", "properties": {"trip_id": "七隈線_平日_0_145", "route_id": "七隈線", "route_color": "#009157", "route_type": "1", "trip_headsign": "博多"}, "geometry": {"type": "LineString", "coordinates": [[130.321122, 33.555156, 0, 1775070660], [130.329534, 33.552724, 0, 1775070720], [130.337913, 33.550533, 0, 1775070840], [130.346571, 33.548334, 0, 1775070960], [130.354993, 33.545839, 0, 1775071020], [130.362225, 33.547511, 0, 1775071140], [130.361667, 33.553207, 0, 1775071200], [130.361538, 33.559331, 0, 1775071320], [130.3654, 33.566099, 0, 1775071440], [130.369638, 33.574207, 0, 1775071560], [130.377331, 33.577693, 0, 1775071620], [130.386858, 33.577326, 0, 1775071740], [130.396203, 33.580392, 0, 1775071860], [130.401825, 33.581805, 0, 1775071980], [130.404947, 33.583968, 0, 1775072040], [130.401717, 33.58824, 0, 1775072160], [130.411583, 33.591333, 0, 1775072280], [130.420616, 33.59013, 0, 1775072400]]}}, {"type": "Feature", "properties": {"trip_id": "七隈線_平日_0_146", "route_id": "七隈線", "route_color": "#009157", "route_type": "1", "trip_headsign": "博多"}, "geometry": {"type": "LineString", "coordinates": [[130.321122, 33.555156, 0, 1775071020], [130.329534, 33.552724, 0, 1775071080], [130.337913, 33.550533, 0, 1775071200], [130.346571, 33.548334, 0, 1775071320], [130.354993, 33.545839, 0, 1775071380], [130.362225, 33.547511, 0, 1775071500], [130.361667, 33.553207, 0, 1775071560], [130.361538, 33.559331, 0, 1775071680], [130.3654, 33.566099, 0, 1775071800], [130.369638, 33.574207, 0, 1775071920], [130.377331, 33.577693, 0, 1775071980], [130.386858, 33.577326, 0, 1775072100], [130.396203, 33.580392, 0, 1775072220], [130.401825, 33.581805, 0, 1775072340], [130.404947, 33.583968, 0, 1775072400], [130.401717, 33.58824, 0, 1775072520], [130.411583, 33.591333, 0, 1775072640], [130.420616, 33.59013, 0, 1775072760]]}}, {"type": "Feature", "properties": {"trip_id": "七隈線_平日_0_147", "route_id": "七隈線", "route_color": "#009157", "route_type": "1", "trip_headsign": "博多"}, "geometry": {"type": "LineString", "coordinates": [[130.321122, 33.555156, 0, 1775071380], [130.329534, 33.552724, 0, 1775071440], [130.337913, 33.550533, 0, 1775071560], [130.346571, 33.548334, 0, 1775071680], [130.354993, 33.545839, 0, 1775071740], [130.362225, 33.547511, 0, 1775071860], [130.361667, 33.553207, 0, 1775071920], [130.361538, 33.559331, 0, 1775072040], [130.3654, 33.566099, 0, 1775072160], [130.369638, 33.574207, 0, 1775072280], [130.377331, 33.577693, 0, 1775072340], [130.386858, 33.577326, 0, 1775072460], [130.396203, 33.580392, 0, 1775072580], [130.401825, 33.581805, 0, 1775072700], [130.404947, 33.583968, 0, 1775072760], [130.401717, 33.58824, 0, 1775072880], [130.411583, 33.591333, 0, 1775073000], [130.420616, 33.59013, 0, 1775073120]]}}, {"type": "Feature", "properties": {"trip_id": "七隈線_平日_0_148", "route_id": "七隈線", "route_color": "#009157", "route_type": "1", "trip_headsign": "博多"}, "geometry": {"type": "LineString", "coordinates": [[130.321122, 33.555156, 0, 1775071740], [130.329534, 33.552724, 0, 1775071800], [130.337913, 33.550533, 0, 1775071920], [130.346571, 33.548334, 0, 1775072040], [130.354993, 33.545839, 0, 1775072100], [130.362225, 33.547511, 0, 1775072220], [130.361667, 33.553207, 0, 1775072280], [130.361538, 33.559331, 0, 1775072400], [130.3654, 33.566099, 0, 1775072520], [130.369638, 33.574207, 0, 1775072640], [130.377331, 33.577693, 0, 1775072700], [130.386858, 33.577326, 0, 1775072820], [130.396203, 33.580392, 0, 1775072940], [130.401825, 33.581805, 0, 1775073060], [130.404947, 33.583968, 0, 1775073120], [130.401717, 33.58824, 0, 1775073240], [130.411583, 33.591333, 0, 1775073360], [130.420616, 33.59013, 0, 1775073480]]}}, {"type": "Feature", "properties": {"trip_id": "七隈線_平日_0_149", "route_id": "七隈線", "route_color": "#009157", "route_type": "1", "trip_headsign": "博多"}, "geometry": {"type": "LineString", "coordinates": [[130.321122, 33.555156, 0, 1775072100], [130.329534, 33.552724, 0, 1775072160], [130.337913, 33.550533, 0, 1775072280], [130.346571, 33.548334, 0, 1775072400], [130.354993, 33.545839, 0, 1775072460], [130.362225, 33.547511, 0, 1775072580], [130.361667, 33.553207, 0, 1775072640], [130.361538, 33.559331, 0, 1775072760], [130.3654, 33.566099, 0, 1775072880], [130.369638, 33.574207, 0, 1775073000], [130.377331, 33.577693, 0, 1775073060], [130.386858, 33.577326, 0, 1775073180], [130.396203, 33.580392, 0, 1775073300], [130.401825, 33.581805, 0, 1775073420], [130.404947, 33.583968, 0, 1775073480], [130.401717, 33.58824, 0, 1775073600], [130.411583, 33.591333, 0, 1775073720], [130.420616, 33.59013, 0, 1775073840]]}}, {"type": "Feature", "properties": {"trip_id": "七隈線_平日_0_150", "route_id": "七隈線", "route_color": "#009157", "route_type": "1", "trip_headsign": "博多"}, "geometry": {"type": "LineString", "coordinates": [[130.321122, 33.555156, 0, 1775072460], [130.329534, 33.552724, 0, 1775072520], [130.337913, 33.550533, 0, 1775072640], [130.346571, 33.548334, 0, 1775072760], [130.354993, 33.545839, 0, 1775072820], [130.362225, 33.547511, 0, 1775072940], [130.361667, 33.553207, 0, 1775073000], [130.361538, 33.559331, 0, 1775073120], [130.3654, 33.566099, 0, 1775073240], [130.369638, 33.574207, 0, 1775073360], [130.377331, 33.577693, 0, 1775073420], [130.386858, 33.577326, 0, 1775073540], [130.396203, 33.580392, 0, 1775073660], [130.401825, 33.581805, 0, 1775073780], [130.404947, 33.583968, 0, 1775073840], [130.401717, 33.58824, 0, 1775073960], [130.411583, 33.591333, 0, 1775074080], [130.420616, 33.59013, 0, 1775074200]]}}, {"type": "Feature", "properties": {"trip_id": "七隈線_平日_0_151", "route_id": "七隈線", "route_color": "#009157", "route_type": "1", "trip_headsign": "博多"}, "geometry": {"type": "LineString", "coordinates": [[130.321122, 33.555156, 0, 1775072880], [130.329534, 33.552724, 0, 1775072940], [130.337913, 33.550533, 0, 1775073060], [130.346571, 33.548334, 0, 1775073180], [130.354993, 33.545839, 0, 1775073240], [130.362225, 33.547511, 0, 1775073360], [130.361667, 33.553207, 0, 1775073420], [130.361538, 33.559331, 0, 1775073540], [130.3654, 33.566099, 0, 1775073660], [130.369638, 33.574207, 0, 1775073780], [130.377331, 33.577693, 0, 1775073840], [130.386858, 33.577326, 0, 1775073960], [130.396203, 33.580392, 0, 1775074080], [130.401825, 33.581805, 0, 1775074200], [130.404947, 33.583968, 0, 1775074260], [130.401717, 33.58824, 0, 1775074380], [130.411583, 33.591333, 0, 1775074500], [130.420616, 33.59013, 0, 1775074620]]}}, {"type": "Feature", "properties": {"trip_id": "七隈線_平日_0_152", "route_id": "七隈線", "route_color": "#009157", "route_type": "1", "trip_headsign": "博多"}, "geometry": {"type": "LineString", "coordinates": [[130.321122, 33.555156, 0, 1775073300], [130.329534, 33.552724, 0, 1775073360], [130.337913, 33.550533, 0, 1775073480], [130.346571, 33.548334, 0, 1775073600], [130.354993, 33.545839, 0, 1775073660], [130.362225, 33.547511, 0, 1775073780], [130.361667, 33.553207, 0, 1775073840], [130.361538, 33.559331, 0, 1775073960], [130.3654, 33.566099, 0, 1775074080], [130.369638, 33.574207, 0, 1775074200], [130.377331, 33.577693, 0, 1775074260], [130.386858, 33.577326, 0, 1775074380], [130.396203, 33.580392, 0, 1775074500], [130.401825, 33.581805, 0, 1775074620], [130.404947, 33.583968, 0, 1775074680], [130.401717, 33.58824, 0, 1775074800], [130.411583, 33.591333, 0, 1775074920], [130.420616, 33.59013, 0, 1775075040]]}}, {"type": "Feature", "properties": {"trip_id": "七隈線_平日_0_153", "route_id": "七隈線", "route_color": "#009157", "route_type": "1", "trip_headsign": "博多"}, "geometry": {"type": "LineString", "coordinates": [[130.321122, 33.555156, 0, 1775073720], [130.329534, 33.552724, 0, 1775073780], [130.337913, 33.550533, 0, 1775073900], [130.346571, 33.548334, 0, 1775074020], [130.354993, 33.545839, 0, 1775074080], [130.362225, 33.547511, 0, 1775074200], [130.361667, 33.553207, 0, 1775074260], [130.361538, 33.559331, 0, 1775074380], [130.3654, 33.566099, 0, 1775074500], [130.369638, 33.574207, 0, 1775074620], [130.377331, 33.577693, 0, 1775074680], [130.386858, 33.577326, 0, 1775074800], [130.396203, 33.580392, 0, 1775074920], [130.401825, 33.581805, 0, 1775075040], [130.404947, 33.583968, 0, 1775075100], [130.401717, 33.58824, 0, 1775075220], [130.411583, 33.591333, 0, 1775075340], [130.420616, 33.59013, 0, 1775075460]]}}, {"type": "Feature", "properties": {"trip_id": "七隈線_平日_0_154", "route_id": "七隈線", "route_color": "#009157", "route_type": "1", "trip_headsign": "博多"}, "geometry": {"type": "LineString", "coordinates": [[130.321122, 33.555156, 0, 1775074140], [130.329534, 33.552724, 0, 1775074200], [130.337913, 33.550533, 0, 1775074320], [130.346571, 33.548334, 0, 1775074440], [130.354993, 33.545839, 0, 1775074500], [130.362225, 33.547511, 0, 1775074620], [130.361667, 33.553207, 0, 1775074680], [130.361538, 33.559331, 0, 1775074800], [130.3654, 33.566099, 0, 1775074920], [130.369638, 33.574207, 0, 1775075040], [130.377331, 33.577693, 0, 1775075100], [130.386858, 33.577326, 0, 1775075220], [130.396203, 33.580392, 0, 1775075340], [130.401825, 33.581805, 0, 1775075460], [130.404947, 33.583968, 0, 1775075520], [130.401717, 33.58824, 0, 1775075640], [130.411583, 33.591333, 0, 1775075760], [130.420616, 33.59013, 0, 1775075880]]}}, {"type": "Feature", "properties": {"trip_id": "七隈線_平日_0_155", "route_id": "七隈線", "route_color": "#009157", "route_type": "1", "trip_headsign": "博多"}, "geometry": {"type": "LineString", "coordinates": [[130.321122, 33.555156, 0, 1775074560], [130.329534, 33.552724, 0, 1775074680], [130.337913, 33.550533, 0, 1775074740], [130.346571, 33.548334, 0, 1775074860], [130.354993, 33.545839, 0, 1775074980], [130.362225, 33.547511, 0, 1775075100], [130.361667, 33.553207, 0, 1775075160], [130.361538, 33.559331, 0, 1775075220], [130.3654, 33.566099, 0, 1775075340], [130.369638, 33.574207, 0, 1775075460], [130.377331, 33.577693, 0, 1775075580], [130.386858, 33.577326, 0, 1775075700], [130.396203, 33.580392, 0, 1775075760], [130.401825, 33.581805, 0, 1775075880], [130.404947, 33.583968, 0, 1775076000], [130.401717, 33.58824, 0, 1775076120], [130.411583, 33.591333, 0, 1775076240], [130.420616, 33.59013, 0, 1775076300]]}}, {"type": "Feature", "properties": {"trip_id": "七隈線_平日_0_156", "route_id": "七隈線", "route_color": "#009157", "route_type": "1", "trip_headsign": "博多"}, "geometry": {"type": "LineString", "coordinates": [[130.321122, 33.555156, 0, 1775075040], [130.329534, 33.552724, 0, 1775075100], [130.337913, 33.550533, 0, 1775075220], [130.346571, 33.548334, 0, 1775075340], [130.354993, 33.545839, 0, 1775075400], [130.362225, 33.547511, 0, 1775075520], [130.361667, 33.553207, 0, 1775075580], [130.361538, 33.559331, 0, 1775075700], [130.3654, 33.566099, 0, 1775075820], [130.369638, 33.574207, 0, 1775075940], [130.377331, 33.577693, 0, 1775076000], [130.386858, 33.577326, 0, 1775076120], [130.396203, 33.580392, 0, 1775076240], [130.401825, 33.581805, 0, 1775076360], [130.404947, 33.583968, 0, 1775076420], [130.401717, 33.58824, 0, 1775076540], [130.411583, 33.591333, 0, 1775076660], [130.420616, 33.59013, 0, 1775076780]]}}, {"type": "Feature", "properties": {"trip_id": "七隈線_平日_0_157", "route_id": "七隈線", "route_color": "#009157", "route_type": "1", "trip_headsign": "博多"}, "geometry": {"type": "LineString", "coordinates": [[130.321122, 33.555156, 0, 1775075460], [130.329534, 33.552724, 0, 1775075580], [130.337913, 33.550533, 0, 1775075640], [130.346571, 33.548334, 0, 1775075760], [130.354993, 33.545839, 0, 1775075880], [130.362225, 33.547511, 0, 1775076000], [130.361667, 33.553207, 0, 1775076060], [130.361538, 33.559331, 0, 1775076120], [130.3654, 33.566099, 0, 1775076240], [130.369638, 33.574207, 0, 1775076360], [130.377331, 33.577693, 0, 1775076480], [130.386858, 33.577326, 0, 1775076600], [130.396203, 33.580392, 0, 1775076660], [130.401825, 33.581805, 0, 1775076780], [130.404947, 33.583968, 0, 1775076900], [130.401717, 33.58824, 0, 1775077020], [130.411583, 33.591333, 0, 1775077140], [130.420616, 33.59013, 0, 1775077200]]}}, {"type": "Feature", "properties": {"trip_id": "七隈線_平日_0_158", "route_id": "七隈線", "route_color": "#009157", "route_type": "1", "trip_headsign": "博多"}, "geometry": {"type": "LineString", "coordinates": [[130.321122, 33.555156, 0, 1775075940], [130.329534, 33.552724, 0, 1775076000], [130.337913, 33.550533, 0, 1775076120], [130.346571, 33.548334, 0, 1775076240], [130.354993, 33.545839, 0, 1775076300], [130.362225, 33.547511, 0, 1775076420], [130.361667, 33.553207, 0, 1775076480], [130.361538, 33.559331, 0, 1775076600], [130.3654, 33.566099, 0, 1775076720], [130.369638, 33.574207, 0, 1775076840], [130.377331, 33.577693, 0, 1775076900], [130.386858, 33.577326, 0, 1775077020], [130.396203, 33.580392, 0, 1775077140], [130.401825, 33.581805, 0, 1775077260], [130.404947, 33.583968, 0, 1775077320], [130.401717, 33.58824, 0, 1775077440], [130.411583, 33.591333, 0, 1775077560], [130.420616, 33.59013, 0, 1775077680]]}}, {"type": "Feature", "properties": {"trip_id": "七隈線_平日_0_159", "route_id": "七隈線", "route_color": "#009157", "route_type": "1", "trip_headsign": "博多"}, "geometry": {"type": "LineString", "coordinates": [[130.321122, 33.555156, 0, 1775076360], [130.329534, 33.552724, 0, 1775076480], [130.337913, 33.550533, 0, 1775076540], [130.346571, 33.548334, 0, 1775076660], [130.354993, 33.545839, 0, 1775076780], [130.362225, 33.547511, 0, 1775076900], [130.361667, 33.553207, 0, 1775076960], [130.361538, 33.559331, 0, 1775077020], [130.3654, 33.566099, 0, 1775077140], [130.369638, 33.574207, 0, 1775077260], [130.377331, 33.577693, 0, 1775077380], [130.386858, 33.577326, 0, 1775077500], [130.396203, 33.580392, 0, 1775077560], [130.401825, 33.581805, 0, 1775077680], [130.404947, 33.583968, 0, 1775077800], [130.401717, 33.58824, 0, 1775077920], [130.411583, 33.591333, 0, 1775078040], [130.420616, 33.59013, 0, 1775078100]]}}, {"type": "Feature", "properties": {"trip_id": "七隈線_平日_0_160", "route_id": "七隈線", "route_color": "#009157", "route_type": "1", "trip_headsign": "博多"}, "geometry": {"type": "LineString", "coordinates": [[130.321122, 33.555156, 0, 1775076840], [130.329534, 33.552724, 0, 1775076900], [130.337913, 33.550533, 0, 1775077020], [130.346571, 33.548334, 0, 1775077140], [130.354993, 33.545839, 0, 1775077200], [130.362225, 33.547511, 0, 1775077320], [130.361667, 33.553207, 0, 1775077380], [130.361538, 33.559331, 0, 1775077500], [130.3654, 33.566099, 0, 1775077620], [130.369638, 33.574207, 0, 1775077740], [130.377331, 33.577693, 0, 1775077800], [130.386858, 33.577326, 0, 1775077920], [130.396203, 33.580392, 0, 1775078040], [130.401825, 33.581805, 0, 1775078160], [130.404947, 33.583968, 0, 1775078220], [130.401717, 33.58824, 0, 1775078340], [130.411583, 33.591333, 0, 1775078460], [130.420616, 33.59013, 0, 1775078580]]}}, {"type": "Feature", "properties": {"trip_id": "七隈線_平日_0_161", "route_id": "七隈線", "route_color": "#009157", "route_type": "1", "trip_headsign": "博多"}, "geometry": {"type": "LineString", "coordinates": [[130.321122, 33.555156, 0, 1775077260], [130.329534, 33.552724, 0, 1775077380], [130.337913, 33.550533, 0, 1775077440], [130.346571, 33.548334, 0, 1775077560], [130.354993, 33.545839, 0, 1775077680], [130.362225, 33.547511, 0, 1775077800], [130.361667, 33.553207, 0, 1775077860], [130.361538, 33.559331, 0, 1775077920], [130.3654, 33.566099, 0, 1775078040], [130.369638, 33.574207, 0, 1775078160], [130.377331, 33.577693, 0, 1775078280], [130.386858, 33.577326, 0, 1775078400], [130.396203, 33.580392, 0, 1775078460], [130.401825, 33.581805, 0, 1775078580], [130.404947, 33.583968, 0, 1775078700], [130.401717, 33.58824, 0, 1775078820], [130.411583, 33.591333, 0, 1775078940], [130.420616, 33.59013, 0, 1775079000]]}}, {"type": "Feature", "properties": {"trip_id": "七隈線_平日_0_162", "route_id": "七隈線", "route_color": "#009157", "route_type": "1", "trip_headsign": "博多"}, "geometry": {"type": "LineString", "coordinates": [[130.321122, 33.555156, 0, 1775077800], [130.329534, 33.552724, 0, 1775077920], [130.337913, 33.550533, 0, 1775077980], [130.346571, 33.548334, 0, 1775078100], [130.354993, 33.545839, 0, 1775078220], [130.362225, 33.547511, 0, 1775078340], [130.361667, 33.553207, 0, 1775078400], [130.361538, 33.559331, 0, 1775078460], [130.3654, 33.566099, 0, 1775078580], [130.369638, 33.574207, 0, 1775078700], [130.377331, 33.577693, 0, 1775078820], [130.386858, 33.577326, 0, 1775078940], [130.396203, 33.580392, 0, 1775079000], [130.401825, 33.581805, 0, 1775079120], [130.404947, 33.583968, 0, 1775079240], [130.401717, 33.58824, 0, 1775079360], [130.411583, 33.591333, 0, 1775079480], [130.420616, 33.59013, 0, 1775079540]]}}, {"type": "Feature", "properties": {"trip_id": "七隈線_平日_0_163", "route_id": "七隈線", "route_color": "#009157", "route_type": "1", "trip_headsign": "博多"}, "geometry": {"type": "LineString", "coordinates": [[130.321122, 33.555156, 0, 1775078400], [130.329534, 33.552724, 0, 1775078460], [130.337913, 33.550533, 0, 1775078580], [130.346571, 33.548334, 0, 1775078700], [130.354993, 33.545839, 0, 1775078760], [130.362225, 33.547511, 0, 1775078880], [130.361667, 33.553207, 0, 1775078940], [130.361538, 33.559331, 0, 1775079060], [130.3654, 33.566099, 0, 1775079180], [130.369638, 33.574207, 0, 1775079300], [130.377331, 33.577693, 0, 1775079360], [130.386858, 33.577326, 0, 1775079480], [130.396203, 33.580392, 0, 1775079600], [130.401825, 33.581805, 0, 1775079720], [130.404947, 33.583968, 0, 1775079780], [130.401717, 33.58824, 0, 1775079900], [130.411583, 33.591333, 0, 1775080020], [130.420616, 33.59013, 0, 1775080140]]}}, {"type": "Feature", "properties": {"trip_id": "七隈線_平日_0_164", "route_id": "七隈線", "route_color": "#009157", "route_type": "1", "trip_headsign": "博多"}, "geometry": {"type": "LineString", "coordinates": [[130.321122, 33.555156, 0, 1775079000], [130.329534, 33.552724, 0, 1775079060], [130.337913, 33.550533, 0, 1775079180], [130.346571, 33.548334, 0, 1775079300], [130.354993, 33.545839, 0, 1775079360], [130.362225, 33.547511, 0, 1775079480], [130.361667, 33.553207, 0, 1775079540], [130.361538, 33.559331, 0, 1775079660], [130.3654, 33.566099, 0, 1775079780], [130.369638, 33.574207, 0, 1775079900], [130.377331, 33.577693, 0, 1775079960], [130.386858, 33.577326, 0, 1775080080], [130.396203, 33.580392, 0, 1775080200], [130.401825, 33.581805, 0, 1775080320], [130.404947, 33.583968, 0, 1775080380], [130.401717, 33.58824, 0, 1775080500], [130.411583, 33.591333, 0, 1775080620], [130.420616, 33.59013, 0, 1775080740]]}}, {"type": "Feature", "properties": {"trip_id": "七隈線_平日_0_165", "route_id": "七隈線", "route_color": "#009157", "route_type": "1", "trip_headsign": "博多"}, "geometry": {"type": "LineString", "coordinates": [[130.321122, 33.555156, 0, 1775079600], [130.329534, 33.552724, 0, 1775079660], [130.337913, 33.550533, 0, 1775079780], [130.346571, 33.548334, 0, 1775079900], [130.354993, 33.545839, 0, 1775079960], [130.362225, 33.547511, 0, 1775080080], [130.361667, 33.553207, 0, 1775080140], [130.361538, 33.559331, 0, 1775080260], [130.3654, 33.566099, 0, 1775080380], [130.369638, 33.574207, 0, 1775080500], [130.377331, 33.577693, 0, 1775080560], [130.386858, 33.577326, 0, 1775080680], [130.396203, 33.580392, 0, 1775080800], [130.401825, 33.581805, 0, 1775080920], [130.404947, 33.583968, 0, 1775080980], [130.401717, 33.58824, 0, 1775081100], [130.411583, 33.591333, 0, 1775081220], [130.420616, 33.59013, 0, 1775081340]]}}, {"type": "Feature", "properties": {"trip_id": "七隈線_平日_0_166", "route_id": "七隈線", "route_color": "#009157", "route_type": "1", "trip_headsign": "博多"}, "geometry": {"type": "LineString", "coordinates": [[130.321122, 33.555156, 0, 1775080200], [130.329534, 33.552724, 0, 1775080260], [130.337913, 33.550533, 0, 1775080380], [130.346571, 33.548334, 0, 1775080500], [130.354993, 33.545839, 0, 1775080560], [130.362225, 33.547511, 0, 1775080680], [130.361667, 33.553207, 0, 1775080740], [130.361538, 33.559331, 0, 1775080860], [130.3654, 33.566099, 0, 1775080980], [130.369638, 33.574207, 0, 1775081100], [130.377331, 33.577693, 0, 1775081160], [130.386858, 33.577326, 0, 1775081280], [130.396203, 33.580392, 0, 1775081400], [130.401825, 33.581805, 0, 1775081520], [130.404947, 33.583968, 0, 1775081580], [130.401717, 33.58824, 0, 1775081700], [130.411583, 33.591333, 0, 1775081820], [130.420616, 33.59013, 0, 1775081940]]}}, {"type": "Feature", "properties": {"trip_id": "七隈線_平日_0_167", "route_id": "七隈線", "route_color": "#009157", "route_type": "1", "trip_headsign": "博多"}, "geometry": {"type": "LineString", "coordinates": [[130.321122, 33.555156, 0, 1775080800], [130.329534, 33.552724, 0, 1775080860], [130.337913, 33.550533, 0, 1775080980], [130.346571, 33.548334, 0, 1775081100], [130.354993, 33.545839, 0, 1775081160], [130.362225, 33.547511, 0, 1775081280], [130.361667, 33.553207, 0, 1775081340], [130.361538, 33.559331, 0, 1775081460], [130.3654, 33.566099, 0, 1775081580], [130.369638, 33.574207, 0, 1775081700], [130.377331, 33.577693, 0, 1775081760], [130.386858, 33.577326, 0, 1775081880], [130.396203, 33.580392, 0, 1775082000], [130.401825, 33.581805, 0, 1775082120], [130.404947, 33.583968, 0, 1775082180], [130.401717, 33.58824, 0, 1775082300], [130.411583, 33.591333, 0, 1775082420], [130.420616, 33.59013, 0, 1775082540]]}}, {"type": "Feature", "properties": {"trip_id": "七隈線_平日_0_168", "route_id": "七隈線", "route_color": "#009157", "route_type": "1", "trip_headsign": "博多"}, "geometry": {"type": "LineString", "coordinates": [[130.321122, 33.555156, 0, 1775081400], [130.329534, 33.552724, 0, 1775081460], [130.337913, 33.550533, 0, 1775081580], [130.346571, 33.548334, 0, 1775081700], [130.354993, 33.545839, 0, 1775081760], [130.362225, 33.547511, 0, 1775081880], [130.361667, 33.553207, 0, 1775081940], [130.361538, 33.559331, 0, 1775082060], [130.3654, 33.566099, 0, 1775082180], [130.369638, 33.574207, 0, 1775082300], [130.377331, 33.577693, 0, 1775082360], [130.386858, 33.577326, 0, 1775082480], [130.396203, 33.580392, 0, 1775082600], [130.401825, 33.581805, 0, 1775082720], [130.404947, 33.583968, 0, 1775082780], [130.401717, 33.58824, 0, 1775082900], [130.411583, 33.591333, 0, 1775083020], [130.420616, 33.59013, 0, 1775083140]]}}, {"type": "Feature", "properties": {"trip_id": "七隈線_平日_0_169", "route_id": "七隈線", "route_color": "#009157", "route_type": "1", "trip_headsign": "博多"}, "geometry": {"type": "LineString", "coordinates": [[130.321122, 33.555156, 0, 1775082000], [130.329534, 33.552724, 0, 1775082060], [130.337913, 33.550533, 0, 1775082180], [130.346571, 33.548334, 0, 1775082300], [130.354993, 33.545839, 0, 1775082360], [130.362225, 33.547511, 0, 1775082480], [130.361667, 33.553207, 0, 1775082540], [130.361538, 33.559331, 0, 1775082660], [130.3654, 33.566099, 0, 1775082780], [130.369638, 33.574207, 0, 1775082900], [130.377331, 33.577693, 0, 1775082960], [130.386858, 33.577326, 0, 1775083080], [130.396203, 33.580392, 0, 1775083200], [130.401825, 33.581805, 0, 1775083320], [130.404947, 33.583968, 0, 1775083380], [130.401717, 33.58824, 0, 1775083500], [130.411583, 33.591333, 0, 1775083620], [130.420616, 33.59013, 0, 1775083740]]}}, {"type": "Feature", "properties": {"trip_id": "七隈線_平日_0_170", "route_id": "七隈線", "route_color": "#009157", "route_type": "1", "trip_headsign": "博多"}, "geometry": {"type": "LineString", "coordinates": [[130.321122, 33.555156, 0, 1775082600], [130.329534, 33.552724, 0, 1775082660], [130.337913, 33.550533, 0, 1775082780], [130.346571, 33.548334, 0, 1775082900], [130.354993, 33.545839, 0, 1775082960], [130.362225, 33.547511, 0, 1775083080], [130.361667, 33.553207, 0, 1775083140], [130.361538, 33.559331, 0, 1775083260], [130.3654, 33.566099, 0, 1775083380], [130.369638, 33.574207, 0, 1775083500], [130.377331, 33.577693, 0, 1775083560], [130.386858, 33.577326, 0, 1775083680], [130.396203, 33.580392, 0, 1775083800], [130.401825, 33.581805, 0, 1775083920], [130.404947, 33.583968, 0, 1775083980], [130.401717, 33.58824, 0, 1775084100], [130.411583, 33.591333, 0, 1775084220], [130.420616, 33.59013, 0, 1775084340]]}}, {"type": "Feature", "properties": {"trip_id": "七隈線_平日_0_171", "route_id": "七隈線", "route_color": "#009157", "route_type": "1", "trip_headsign": "博多"}, "geometry": {"type": "LineString", "coordinates": [[130.321122, 33.555156, 0, 1775083320], [130.329534, 33.552724, 0, 1775083380], [130.337913, 33.550533, 0, 1775083500], [130.346571, 33.548334, 0, 1775083620], [130.354993, 33.545839, 0, 1775083680], [130.362225, 33.547511, 0, 1775083800], [130.361667, 33.553207, 0, 1775083860], [130.361538, 33.559331, 0, 1775083980], [130.3654, 33.566099, 0, 1775084100], [130.369638, 33.574207, 0, 1775084220], [130.377331, 33.577693, 0, 1775084280], [130.386858, 33.577326, 0, 1775084400], [130.396203, 33.580392, 0, 1775084520], [130.401825, 33.581805, 0, 1775084640], [130.404947, 33.583968, 0, 1775084700], [130.401717, 33.58824, 0, 1775084820], [130.411583, 33.591333, 0, 1775084940], [130.420616, 33.59013, 0, 1775085060]]}}, {"type": "Feature", "properties": {"trip_id": "七隈線_平日_0_172", "route_id": "七隈線", "route_color": "#009157", "route_type": "1", "trip_headsign": "博多"}, "geometry": {"type": "LineString", "coordinates": [[130.321122, 33.555156, 0, 1775084040], [130.329534, 33.552724, 0, 1775084100], [130.337913, 33.550533, 0, 1775084220], [130.346571, 33.548334, 0, 1775084340], [130.354993, 33.545839, 0, 1775084400], [130.362225, 33.547511, 0, 1775084520], [130.361667, 33.553207, 0, 1775084580], [130.361538, 33.559331, 0, 1775084700], [130.3654, 33.566099, 0, 1775084820], [130.369638, 33.574207, 0, 1775084940], [130.377331, 33.577693, 0, 1775085000], [130.386858, 33.577326, 0, 1775085120], [130.396203, 33.580392, 0, 1775085240], [130.401825, 33.581805, 0, 1775085360], [130.404947, 33.583968, 0, 1775085420], [130.401717, 33.58824, 0, 1775085540], [130.411583, 33.591333, 0, 1775085660], [130.420616, 33.59013, 0, 1775085780]]}}, {"type": "Feature", "properties": {"trip_id": "七隈線_平日_0_173", "route_id": "七隈線", "route_color": "#009157", "route_type": "1", "trip_headsign": "博多"}, "geometry": {"type": "LineString", "coordinates": [[130.321122, 33.555156, 0, 1775084760], [130.329534, 33.552724, 0, 1775084820], [130.337913, 33.550533, 0, 1775084940], [130.346571, 33.548334, 0, 1775085060], [130.354993, 33.545839, 0, 1775085120], [130.362225, 33.547511, 0, 1775085240], [130.361667, 33.553207, 0, 1775085300], [130.361538, 33.559331, 0, 1775085420], [130.3654, 33.566099, 0, 1775085540], [130.369638, 33.574207, 0, 1775085660], [130.377331, 33.577693, 0, 1775085720], [130.386858, 33.577326, 0, 1775085840], [130.396203, 33.580392, 0, 1775085960], [130.401825, 33.581805, 0, 1775086080], [130.404947, 33.583968, 0, 1775086140], [130.401717, 33.58824, 0, 1775086260], [130.411583, 33.591333, 0, 1775086380], [130.420616, 33.59013, 0, 1775086500]]}}, {"type": "Feature", "properties": {"trip_id": "七隈線_平日_0_174", "route_id": "七隈線", "route_color": "#009157", "route_type": "1", "trip_headsign": "博多"}, "geometry": {"type": "LineString", "coordinates": [[130.321122, 33.555156, 0, 1775085480], [130.329534, 33.552724, 0, 1775085540], [130.337913, 33.550533, 0, 1775085660], [130.346571, 33.548334, 0, 1775085780], [130.354993, 33.545839, 0, 1775085840], [130.362225, 33.547511, 0, 1775085960], [130.361667, 33.553207, 0, 1775086020], [130.361538, 33.559331, 0, 1775086140], [130.3654, 33.566099, 0, 1775086260], [130.369638, 33.574207, 0, 1775086380], [130.377331, 33.577693, 0, 1775086440], [130.386858, 33.577326, 0, 1775086560], [130.396203, 33.580392, 0, 1775086680], [130.401825, 33.581805, 0, 1775086800], [130.404947, 33.583968, 0, 1775086860], [130.401717, 33.58824, 0, 1775086980], [130.411583, 33.591333, 0, 1775087100], [130.420616, 33.59013, 0, 1775087220]]}}, {"type": "Feature", "properties": {"trip_id": "七隈線_平日_0_175", "route_id": "七隈線", "route_color": "#009157", "route_type": "1", "trip_headsign": "博多"}, "geometry": {"type": "LineString", "coordinates": [[130.321122, 33.555156, 0, 1775086380], [130.329534, 33.552724, 0, 1775086440], [130.337913, 33.550533, 0, 1775086560], [130.346571, 33.548334, 0, 1775086680], [130.354993, 33.545839, 0, 1775086740], [130.362225, 33.547511, 0, 1775086860], [130.361667, 33.553207, 0, 1775086920], [130.361538, 33.559331, 0, 1775087040], [130.3654, 33.566099, 0, 1775087160], [130.369638, 33.574207, 0, 1775087280], [130.377331, 33.577693, 0, 1775087340], [130.386858, 33.577326, 0, 1775087460], [130.396203, 33.580392, 0, 1775087580], [130.401825, 33.581805, 0, 1775087700], [130.404947, 33.583968, 0, 1775087760], [130.401717, 33.58824, 0, 1775087880], [130.411583, 33.591333, 0, 1775088000], [130.420616, 33.59013, 0, 1775088120]]}}, {"type": "Feature", "properties": {"trip_id": "七隈線_平日_0_176", "route_id": "七隈線", "route_color": "#009157", "route_type": "1", "trip_headsign": "博多"}, "geometry": {"type": "LineString", "coordinates": [[130.321122, 33.555156, 0, 1775087220], [130.329534, 33.552724, 0, 1775087280], [130.337913, 33.550533, 0, 1775087400], [130.346571, 33.548334, 0, 1775087520], [130.354993, 33.545839, 0, 1775087580], [130.362225, 33.547511, 0, 1775087700], [130.361667, 33.553207, 0, 1775087760], [130.361538, 33.559331, 0, 1775087880], [130.3654, 33.566099, 0, 1775088000], [130.369638, 33.574207, 0, 1775088120], [130.377331, 33.577693, 0, 1775088180], [130.386858, 33.577326, 0, 1775088300], [130.396203, 33.580392, 0, 1775088420], [130.401825, 33.581805, 0, 1775088540], [130.404947, 33.583968, 0, 1775088600], [130.401717, 33.58824, 0, 1775088720], [130.411583, 33.591333, 0, 1775088840], [130.420616, 33.59013, 0, 1775088960]]}}, {"type": "Feature", "properties": {"trip_id": "七隈線_平日_0_177", "route_id": "七隈線", "route_color": "#009157", "route_type": "1", "trip_headsign": "博多"}, "geometry": {"type": "LineString", "coordinates": [[130.321122, 33.555156, 0, 1775088180], [130.329534, 33.552724, 0, 1775088240], [130.337913, 33.550533, 0, 1775088360], [130.346571, 33.548334, 0, 1775088480], [130.354993, 33.545839, 0, 1775088540], [130.362225, 33.547511, 0, 1775088660], [130.361667, 33.553207, 0, 1775088720], [130.361538, 33.559331, 0, 1775088840], [130.3654, 33.566099, 0, 1775088960], [130.369638, 33.574207, 0, 1775089080], [130.377331, 33.577693, 0, 1775089140], [130.386858, 33.577326, 0, 1775089260], [130.396203, 33.580392, 0, 1775089380], [130.401825, 33.581805, 0, 1775089500], [130.404947, 33.583968, 0, 1775089560], [130.401717, 33.58824, 0, 1775089680], [130.411583, 33.591333, 0, 1775089800], [130.420616, 33.59013, 0, 1775089920]]}}, {"type": "Feature", "properties": {"trip_id": "七隈線_平日_1_001", "route_id": "七隈線", "route_color": "#009157", "route_type": "1", "trip_headsign": "橋本"}, "geometry": {"type": "LineString", "coordinates": [[130.420616, 33.59013, 0, 1775021400], [130.411583, 33.591333, 0, 1775021520], [130.401717, 33.58824, 0, 1775021640], [130.404947, 33.583968, 0, 1775021760], [130.401825, 33.581805, 0, 1775021880], [130.396203, 33.580392, 0, 1775021940], [130.386858, 33.577326, 0, 1775022060], [130.377331, 33.577693, 0, 1775022180], [130.369638, 33.574207, 0, 1775022300], [130.3654, 33.566099, 0, 1775022360], [130.361538, 33.559331, 0, 1775022480], [130.361667, 33.553207, 0, 1775022540], [130.362225, 33.547511, 0, 1775022660], [130.354993, 33.545839, 0, 1775022780], [130.346571, 33.548334, 0, 1775022840], [130.337913, 33.550533, 0, 1775022960], [130.329534, 33.552724, 0, 1775023020], [130.321122, 33.555156, 0, 1775023140]]}}, {"type": "Feature", "properties": {"trip_id": "七隈線_平日_1_002", "route_id": "七隈線", "route_color": "#009157", "route_type": "1", "trip_headsign": "橋本"}, "geometry": {"type": "LineString", "coordinates": [[130.420616, 33.59013, 0, 1775022600], [130.411583, 33.591333, 0, 1775022660], [130.401717, 33.58824, 0, 1775022840], [130.404947, 33.583968, 0, 1775022900], [130.401825, 33.581805, 0, 1775023020], [130.396203, 33.580392, 0, 1775023140], [130.386858, 33.577326, 0, 1775023260], [130.377331, 33.577693, 0, 1775023380], [130.369638, 33.574207, 0, 1775023440], [130.3654, 33.566099, 0, 1775023560], [130.361538, 33.559331, 0, 1775023680], [130.361667, 33.553207, 0, 1775023740], [130.362225, 33.547511, 0, 1775023860], [130.354993, 33.545839, 0, 1775023920], [130.346571, 33.548334, 0, 1775024040], [130.337913, 33.550533, 0, 1775024100], [130.329534, 33.552724, 0, 1775024220], [130.321122, 33.555156, 0, 1775024340]]}}, {"type": "Feature", "properties": {"trip_id": "七隈線_平日_1_003", "route_id": "七隈線", "route_color": "#009157", "route_type": "1", "trip_headsign": "橋本"}, "geometry": {"type": "LineString", "coordinates": [[130.420616, 33.59013, 0, 1775023380], [130.411583, 33.591333, 0, 1775023440], [130.401717, 33.58824, 0, 1775023620], [130.404947, 33.583968, 0, 1775023680], [130.401825, 33.581805, 0, 1775023800], [130.396203, 33.580392, 0, 1775023920], [130.386858, 33.577326, 0, 1775024040], [130.377331, 33.577693, 0, 1775024160], [130.369638, 33.574207, 0, 1775024220], [130.3654, 33.566099, 0, 1775024340], [130.361538, 33.559331, 0, 1775024460], [130.361667, 33.553207, 0, 1775024520], [130.362225, 33.547511, 0, 1775024640], [130.354993, 33.545839, 0, 1775024700], [130.346571, 33.548334, 0, 1775024820], [130.337913, 33.550533, 0, 1775024880], [130.329534, 33.552724, 0, 1775025000], [130.321122, 33.555156, 0, 1775025120]]}}, {"type": "Feature", "properties": {"trip_id": "七隈線_平日_1_004", "route_id": "七隈線", "route_color": "#009157", "route_type": "1", "trip_headsign": "橋本"}, "geometry": {"type": "LineString", "coordinates": [[130.420616, 33.59013, 0, 1775024100], [130.411583, 33.591333, 0, 1775024160], [130.401717, 33.58824, 0, 1775024340], [130.404947, 33.583968, 0, 1775024400], [130.401825, 33.581805, 0, 1775024520], [130.396203, 33.580392, 0, 1775024640], [130.386858, 33.577326, 0, 1775024760], [130.377331, 33.577693, 0, 1775024880], [130.369638, 33.574207, 0, 1775024940], [130.3654, 33.566099, 0, 1775025060], [130.361538, 33.559331, 0, 1775025180], [130.361667, 33.553207, 0, 1775025240], [130.362225, 33.547511, 0, 1775025360], [130.354993, 33.545839, 0, 1775025420], [130.346571, 33.548334, 0, 1775025540], [130.337913, 33.550533, 0, 1775025600], [130.329534, 33.552724, 0, 1775025720], [130.321122, 33.555156, 0, 1775025840]]}}, {"type": "Feature", "properties": {"trip_id": "七隈線_平日_1_005", "route_id": "七隈線", "route_color": "#009157", "route_type": "1", "trip_headsign": "橋本"}, "geometry": {"type": "LineString", "coordinates": [[130.420616, 33.59013, 0, 1775024700], [130.411583, 33.591333, 0, 1775024760], [130.401717, 33.58824, 0, 1775024940], [130.404947, 33.583968, 0, 1775025000], [130.401825, 33.581805, 0, 1775025120], [130.396203, 33.580392, 0, 1775025240], [130.386858, 33.577326, 0, 1775025360], [130.377331, 33.577693, 0, 1775025480], [130.369638, 33.574207, 0, 1775025540], [130.3654, 33.566099, 0, 1775025660], [130.361538, 33.559331, 0, 1775025780], [130.361667, 33.553207, 0, 1775025840], [130.362225, 33.547511, 0, 1775025960], [130.354993, 33.545839, 0, 1775026020], [130.346571, 33.548334, 0, 1775026140], [130.337913, 33.550533, 0, 1775026200], [130.329534, 33.552724, 0, 1775026320], [130.321122, 33.555156, 0, 1775026440]]}}, {"type": "Feature", "properties": {"trip_id": "七隈線_平日_1_006", "route_id": "七隈線", "route_color": "#009157", "route_type": "1", "trip_headsign": "橋本"}, "geometry": {"type": "LineString", "coordinates": [[130.420616, 33.59013, 0, 1775025300], [130.411583, 33.591333, 0, 1775025360], [130.401717, 33.58824, 0, 1775025540], [130.404947, 33.583968, 0, 1775025600], [130.401825, 33.581805, 0, 1775025720], [130.396203, 33.580392, 0, 1775025840], [130.386858, 33.577326, 0, 1775025960], [130.377331, 33.577693, 0, 1775026080], [130.369638, 33.574207, 0, 1775026140], [130.3654, 33.566099, 0, 1775026260], [130.361538, 33.559331, 0, 1775026380], [130.361667, 33.553207, 0, 1775026440], [130.362225, 33.547511, 0, 1775026560], [130.354993, 33.545839, 0, 1775026620], [130.346571, 33.548334, 0, 1775026740], [130.337913, 33.550533, 0, 1775026800], [130.329534, 33.552724, 0, 1775026920], [130.321122, 33.555156, 0, 1775027040]]}}, {"type": "Feature", "properties": {"trip_id": "七隈線_平日_1_007", "route_id": "七隈線", "route_color": "#009157", "route_type": "1", "trip_headsign": "橋本"}, "geometry": {"type": "LineString", "coordinates": [[130.420616, 33.59013, 0, 1775025780], [130.411583, 33.591333, 0, 1775025840], [130.401717, 33.58824, 0, 1775026020], [130.404947, 33.583968, 0, 1775026080], [130.401825, 33.581805, 0, 1775026200], [130.396203, 33.580392, 0, 1775026320], [130.386858, 33.577326, 0, 1775026440], [130.377331, 33.577693, 0, 1775026560], [130.369638, 33.574207, 0, 1775026620], [130.3654, 33.566099, 0, 1775026740], [130.361538, 33.559331, 0, 1775026860], [130.361667, 33.553207, 0, 1775026920], [130.362225, 33.547511, 0, 1775027040], [130.354993, 33.545839, 0, 1775027100], [130.346571, 33.548334, 0, 1775027220], [130.337913, 33.550533, 0, 1775027280], [130.329534, 33.552724, 0, 1775027400], [130.321122, 33.555156, 0, 1775027520]]}}, {"type": "Feature", "properties": {"trip_id": "七隈線_平日_1_008", "route_id": "七隈線", "route_color": "#009157", "route_type": "1", "trip_headsign": "橋本"}, "geometry": {"type": "LineString", "coordinates": [[130.420616, 33.59013, 0, 1775026260], [130.411583, 33.591333, 0, 1775026320], [130.401717, 33.58824, 0, 1775026500], [130.404947, 33.583968, 0, 1775026560], [130.401825, 33.581805, 0, 1775026680], [130.396203, 33.580392, 0, 1775026800], [130.386858, 33.577326, 0, 1775026920], [130.377331, 33.577693, 0, 1775027040], [130.369638, 33.574207, 0, 1775027100], [130.3654, 33.566099, 0, 1775027220], [130.361538, 33.559331, 0, 1775027340], [130.361667, 33.553207, 0, 1775027400], [130.362225, 33.547511, 0, 1775027520], [130.354993, 33.545839, 0, 1775027580], [130.346571, 33.548334, 0, 1775027700], [130.337913, 33.550533, 0, 1775027760], [130.329534, 33.552724, 0, 1775027880], [130.321122, 33.555156, 0, 1775028000]]}}, {"type": "Feature", "properties": {"trip_id": "七隈線_平日_1_009", "route_id": "七隈線", "route_color": "#009157", "route_type": "1", "trip_headsign": "橋本"}, "geometry": {"type": "LineString", "coordinates": [[130.420616, 33.59013, 0, 1775026620], [130.411583, 33.591333, 0, 1775026740], [130.401717, 33.58824, 0, 1775026860], [130.404947, 33.583968, 0, 1775026980], [130.401825, 33.581805, 0, 1775027100], [130.396203, 33.580392, 0, 1775027160], [130.386858, 33.577326, 0, 1775027280], [130.377331, 33.577693, 0, 1775027400], [130.369638, 33.574207, 0, 1775027520], [130.3654, 33.566099, 0, 1775027580], [130.361538, 33.559331, 0, 1775027700], [130.361667, 33.553207, 0, 1775027760], [130.362225, 33.547511, 0, 1775027880], [130.354993, 33.545839, 0, 1775028000], [130.346571, 33.548334, 0, 1775028060], [130.337913, 33.550533, 0, 1775028180], [130.329534, 33.552724, 0, 1775028240], [130.321122, 33.555156, 0, 1775028360]]}}, {"type": "Feature", "properties": {"trip_id": "七隈線_平日_1_010", "route_id": "七隈線", "route_color": "#009157", "route_type": "1", "trip_headsign": "橋本"}, "geometry": {"type": "LineString", "coordinates": [[130.420616, 33.59013, 0, 1775027040], [130.411583, 33.591333, 0, 1775027160], [130.401717, 33.58824, 0, 1775027280], [130.404947, 33.583968, 0, 1775027400], [130.401825, 33.581805, 0, 1775027520], [130.396203, 33.580392, 0, 1775027580], [130.386858, 33.577326, 0, 1775027700], [130.377331, 33.577693, 0, 1775027820], [130.369638, 33.574207, 0, 1775027940], [130.3654, 33.566099, 0, 1775028060], [130.361538, 33.559331, 0, 1775028120], [130.361667, 33.553207, 0, 1775028240], [130.362225, 33.547511, 0, 1775028300], [130.354993, 33.545839, 0, 1775028420], [130.346571, 33.548334, 0, 1775028540], [130.337913, 33.550533, 0, 1775028600], [130.329534, 33.552724, 0, 1775028720], [130.321122, 33.555156, 0, 1775028780]]}}, {"type": "Feature", "properties": {"trip_id": "七隈線_平日_1_011", "route_id": "七隈線", "route_color": "#009157", "route_type": "1", "trip_headsign": "橋本"}, "geometry": {"type": "LineString", "coordinates": [[130.420616, 33.59013, 0, 1775027460], [130.411583, 33.591333, 0, 1775027580], [130.401717, 33.58824, 0, 1775027700], [130.404947, 33.583968, 0, 1775027820], [130.401825, 33.581805, 0, 1775027940], [130.396203, 33.580392, 0, 1775028000], [130.386858, 33.577326, 0, 1775028120], [130.377331, 33.577693, 0, 1775028240], [130.369638, 33.574207, 0, 1775028360], [130.3654, 33.566099, 0, 1775028480], [130.361538, 33.559331, 0, 1775028540], [130.361667, 33.553207, 0, 1775028660], [130.362225, 33.547511, 0, 1775028720], [130.354993, 33.545839, 0, 1775028840], [130.346571, 33.548334, 0, 1775028900], [130.337913, 33.550533, 0, 1775029020], [130.329534, 33.552724, 0, 1775029080], [130.321122, 33.555156, 0, 1775029200]]}}, {"type": "Feature", "properties": {"trip_id": "七隈線_平日_1_012", "route_id": "七隈線", "route_color": "#009157", "route_type": "1", "trip_headsign": "橋本"}, "geometry": {"type": "LineString", "coordinates": [[130.420616, 33.59013, 0, 1775027820], [130.411583, 33.591333, 0, 1775027940], [130.401717, 33.58824, 0, 1775028060], [130.404947, 33.583968, 0, 1775028180], [130.401825, 33.581805, 0, 1775028300], [130.396203, 33.580392, 0, 1775028360], [130.386858, 33.577326, 0, 1775028480], [130.377331, 33.577693, 0, 1775028600], [130.369638, 33.574207, 0, 1775028720], [130.3654, 33.566099, 0, 1775028840], [130.361538, 33.559331, 0, 1775028900], [130.361667, 33.553207, 0, 1775029020], [130.362225, 33.547511, 0, 1775029080], [130.354993, 33.545839, 0, 1775029200], [130.346571, 33.548334, 0, 1775029320], [130.337913, 33.550533, 0, 1775029380], [130.329534, 33.552724, 0, 1775029500], [130.321122, 33.555156, 0, 1775029560]]}}, {"type": "Feature", "properties": {"trip_id": "七隈線_平日_1_013", "route_id": "七隈線", "route_color": "#009157", "route_type": "1", "trip_headsign": "橋本"}, "geometry": {"type": "LineString", "coordinates": [[130.420616, 33.59013, 0, 1775028240], [130.411583, 33.591333, 0, 1775028300], [130.401717, 33.58824, 0, 1775028480], [130.404947, 33.583968, 0, 1775028540], [130.401825, 33.581805, 0, 1775028660], [130.396203, 33.580392, 0, 1775028780], [130.386858, 33.577326, 0, 1775028900], [130.377331, 33.577693, 0, 1775029020], [130.369638, 33.574207, 0, 1775029080], [130.3654, 33.566099, 0, 1775029200], [130.361538, 33.559331, 0, 1775029320], [130.361667, 33.553207, 0, 1775029380], [130.362225, 33.547511, 0, 1775029500], [130.354993, 33.545839, 0, 1775029560], [130.346571, 33.548334, 0, 1775029680], [130.337913, 33.550533, 0, 1775029740], [130.329534, 33.552724, 0, 1775029860], [130.321122, 33.555156, 0, 1775029980]]}}, {"type": "Feature", "properties": {"trip_id": "七隈線_平日_1_014", "route_id": "七隈線", "route_color": "#009157", "route_type": "1", "trip_headsign": "橋本"}, "geometry": {"type": "LineString", "coordinates": [[130.420616, 33.59013, 0, 1775028600], [130.411583, 33.591333, 0, 1775028660], [130.401717, 33.58824, 0, 1775028840], [130.404947, 33.583968, 0, 1775028900], [130.401825, 33.581805, 0, 1775029020], [130.396203, 33.580392, 0, 1775029140], [130.386858, 33.577326, 0, 1775029260], [130.377331, 33.577693, 0, 1775029380], [130.369638, 33.574207, 0, 1775029440], [130.3654, 33.566099, 0, 1775029560], [130.361538, 33.559331, 0, 1775029680], [130.361667, 33.553207, 0, 1775029740], [130.362225, 33.547511, 0, 1775029860], [130.354993, 33.545839, 0, 1775029920], [130.346571, 33.548334, 0, 1775030040], [130.337913, 33.550533, 0, 1775030100], [130.329534, 33.552724, 0, 1775030220], [130.321122, 33.555156, 0, 1775030340]]}}, {"type": "Feature", "properties": {"trip_id": "七隈線_平日_1_015", "route_id": "七隈線", "route_color": "#009157", "route_type": "1", "trip_headsign": "橋本"}, "geometry": {"type": "LineString", "coordinates": [[130.420616, 33.59013, 0, 1775028960], [130.411583, 33.591333, 0, 1775029080], [130.401717, 33.58824, 0, 1775029200], [130.404947, 33.583968, 0, 1775029320], [130.401825, 33.581805, 0, 1775029380], [130.396203, 33.580392, 0, 1775029500], [130.386858, 33.577326, 0, 1775029620], [130.377331, 33.577693, 0, 1775029740], [130.369638, 33.574207, 0, 1775029800], [130.3654, 33.566099, 0, 1775029920], [130.361538, 33.559331, 0, 1775030040], [130.361667, 33.553207, 0, 1775030100], [130.362225, 33.547511, 0, 1775030220], [130.354993, 33.545839, 0, 1775030280], [130.346571, 33.548334, 0, 1775030400], [130.337913, 33.550533, 0, 1775030460], [130.329534, 33.552724, 0, 1775030580], [130.321122, 33.555156, 0, 1775030700]]}}, {"type": "Feature", "properties": {"trip_id": "七隈線_平日_1_016", "route_id": "七隈線", "route_color": "#009157", "route_type": "1", "trip_headsign": "橋本"}, "geometry": {"type": "LineString", "coordinates": [[130.420616, 33.59013, 0, 1775029320], [130.411583, 33.591333, 0, 1775029440], [130.401717, 33.58824, 0, 1775029560], [130.404947, 33.583968, 0, 1775029680], [130.401825, 33.581805, 0, 1775029800], [130.396203, 33.580392, 0, 1775029860], [130.386858, 33.577326, 0, 1775029980], [130.377331, 33.577693, 0, 1775030100], [130.369638, 33.574207, 0, 1775030220], [130.3654, 33.566099, 0, 1775030340], [130.361538, 33.559331, 0, 1775030400], [130.361667, 33.553207, 0, 1775030520], [130.362225, 33.547511, 0, 1775030580], [130.354993, 33.545839, 0, 1775030700], [130.346571, 33.548334, 0, 1775030760], [130.337913, 33.550533, 0, 1775030880], [130.329534, 33.552724, 0, 1775030940], [130.321122, 33.555156, 0, 1775031060]]}}, {"type": "Feature", "properties": {"trip_id": "七隈線_平日_1_017", "route_id": "七隈線", "route_color": "#009157", "route_type": "1", "trip_headsign": "橋本"}, "geometry": {"type": "LineString", "coordinates": [[130.420616, 33.59013, 0, 1775029560], [130.411583, 33.591333, 0, 1775029680], [130.401717, 33.58824, 0, 1775029800], [130.404947, 33.583968, 0, 1775029920], [130.401825, 33.581805, 0, 1775029980], [130.396203, 33.580392, 0, 1775030100], [130.386858, 33.577326, 0, 1775030220], [130.377331, 33.577693, 0, 1775030280], [130.369638, 33.574207, 0, 1775030400], [130.3654, 33.566099, 0, 1775030520], [130.361538, 33.559331, 0, 1775030580], [130.361667, 33.553207, 0, 1775030700], [130.362225, 33.547511, 0, 1775030760], [130.354993, 33.545839, 0, 1775030880], [130.346571, 33.548334, 0, 1775031000], [130.337913, 33.550533, 0, 1775031060], [130.329534, 33.552724, 0, 1775031180], [130.321122, 33.555156, 0, 1775031300]]}}, {"type": "Feature", "properties": {"trip_id": "七隈線_平日_1_018", "route_id": "七隈線", "route_color": "#009157", "route_type": "1", "trip_headsign": "橋本"}, "geometry": {"type": "LineString", "coordinates": [[130.420616, 33.59013, 0, 1775029860], [130.411583, 33.591333, 0, 1775029980], [130.401717, 33.58824, 0, 1775030100], [130.404947, 33.583968, 0, 1775030220], [130.401825, 33.581805, 0, 1775030340], [130.396203, 33.580392, 0, 1775030400], [130.386858, 33.577326, 0, 1775030520], [130.377331, 33.577693, 0, 1775030640], [130.369638, 33.574207, 0, 1775030760], [130.3654, 33.566099, 0, 1775030820], [130.361538, 33.559331, 0, 1775030940], [130.361667, 33.553207, 0, 1775031000], [130.362225, 33.547511, 0, 1775031120], [130.354993, 33.545839, 0, 1775031240], [130.346571, 33.548334, 0, 1775031300], [130.337913, 33.550533, 0, 1775031420], [130.329534, 33.552724, 0, 1775031480], [130.321122, 33.555156, 0, 1775031600]]}}, {"type": "Feature", "properties": {"trip_id": "七隈線_平日_1_019", "route_id": "七隈線", "route_color": "#009157", "route_type": "1", "trip_headsign": "橋本"}, "geometry": {"type": "LineString", "coordinates": [[130.420616, 33.59013, 0, 1775030100], [130.411583, 33.591333, 0, 1775030160], [130.401717, 33.58824, 0, 1775030280], [130.404947, 33.583968, 0, 1775030400], [130.401825, 33.581805, 0, 1775030520], [130.396203, 33.580392, 0, 1775030580], [130.386858, 33.577326, 0, 1775030700], [130.377331, 33.577693, 0, 1775030820], [130.369638, 33.574207, 0, 1775030940], [130.3654, 33.566099, 0, 1775031060], [130.361538, 33.559331, 0, 1775031120], [130.361667, 33.553207, 0, 1775031240], [130.362225, 33.547511, 0, 1775031300], [130.354993, 33.545839, 0, 1775031420], [130.346571, 33.548334, 0, 1775031480], [130.337913, 33.550533, 0, 1775031600], [130.329534, 33.552724, 0, 1775031720], [130.321122, 33.555156, 0, 1775031780]]}}, {"type": "Feature", "properties": {"trip_id": "七隈線_平日_1_020", "route_id": "七隈線", "route_color": "#009157", "route_type": "1", "trip_headsign": "橋本"}, "geometry": {"type": "LineString", "coordinates": [[130.420616, 33.59013, 0, 1775030400], [130.411583, 33.591333, 0, 1775030460], [130.401717, 33.58824, 0, 1775030640], [130.404947, 33.583968, 0, 1775030700], [130.401825, 33.581805, 0, 1775030820], [130.396203, 33.580392, 0, 1775030940], [130.386858, 33.577326, 0, 1775031060], [130.377331, 33.577693, 0, 1775031120], [130.369638, 33.574207, 0, 1775031240], [130.3654, 33.566099, 0, 1775031360], [130.361538, 33.559331, 0, 1775031420], [130.361667, 33.553207, 0, 1775031540], [130.362225, 33.547511, 0, 1775031600], [130.354993, 33.545839, 0, 1775031720], [130.346571, 33.548334, 0, 1775031840], [130.337913, 33.550533, 0, 1775031900], [130.329534, 33.552724, 0, 1775032020], [130.321122, 33.555156, 0, 1775032140]]}}, {"type": "Feature", "properties": {"trip_id": "七隈線_平日_1_021", "route_id": "七隈線", "route_color": "#009157", "route_type": "1", "trip_headsign": "橋本"}, "geometry": {"type": "LineString", "coordinates": [[130.420616, 33.59013, 0, 1775030580], [130.411583, 33.591333, 0, 1775030700], [130.401717, 33.58824, 0, 1775030820], [130.404947, 33.583968, 0, 1775030940], [130.401825, 33.581805, 0, 1775031000], [130.396203, 33.580392, 0, 1775031120], [130.386858, 33.577326, 0, 1775031240], [130.377331, 33.577693, 0, 1775031360], [130.369638, 33.574207, 0, 1775031420], [130.3654, 33.566099, 0, 1775031540], [130.361538, 33.559331, 0, 1775031660], [130.361667, 33.553207, 0, 1775031720], [130.362225, 33.547511, 0, 1775031840], [130.354993, 33.545839, 0, 1775031900], [130.346571, 33.548334, 0, 1775032020], [130.337913, 33.550533, 0, 1775032140], [130.329534, 33.552724, 0, 1775032200], [130.321122, 33.555156, 0, 1775032320]]}}, {"type": "Feature", "properties": {"trip_id": "七隈線_平日_1_022", "route_id": "七隈線", "route_color": "#009157", "route_type": "1", "trip_headsign": "橋本"}, "geometry": {"type": "LineString", "coordinates": [[130.420616, 33.59013, 0, 1775030820], [130.411583, 33.591333, 0, 1775030940], [130.401717, 33.58824, 0, 1775031060], [130.404947, 33.583968, 0, 1775031180], [130.401825, 33.581805, 0, 1775031300], [130.396203, 33.580392, 0, 1775031360], [130.386858, 33.577326, 0, 1775031480], [130.377331, 33.577693, 0, 1775031600], [130.369638, 33.574207, 0, 1775031720], [130.3654, 33.566099, 0, 1775031780], [130.361538, 33.559331, 0, 1775031900], [130.361667, 33.553207, 0, 1775031960], [130.362225, 33.547511, 0, 1775032080], [130.354993, 33.545839, 0, 1775032200], [130.346571, 33.548334, 0, 1775032260], [130.337913, 33.550533, 0, 1775032380], [130.329534, 33.552724, 0, 1775032440], [130.321122, 33.555156, 0, 1775032560]]}}, {"type": "Feature", "properties": {"trip_id": "七隈線_平日_1_023", "route_id": "七隈線", "route_color": "#009157", "route_type": "1", "trip_headsign": "橋本"}, "geometry": {"type": "LineString", "coordinates": [[130.420616, 33.59013, 0, 1775031060], [130.411583, 33.591333, 0, 1775031120], [130.401717, 33.58824, 0, 1775031240], [130.404947, 33.583968, 0, 1775031360], [130.401825, 33.581805, 0, 1775031480], [130.396203, 33.580392, 0, 1775031540], [130.386858, 33.577326, 0, 1775031660], [130.377331, 33.577693, 0, 1775031780], [130.369638, 33.574207, 0, 1775031900], [130.3654, 33.566099, 0, 1775032020], [130.361538, 33.559331, 0, 1775032080], [130.361667, 33.553207, 0, 1775032200], [130.362225, 33.547511, 0, 1775032260], [130.354993, 33.545839, 0, 1775032380], [130.346571, 33.548334, 0, 1775032440], [130.337913, 33.550533, 0, 1775032560], [130.329534, 33.552724, 0, 1775032680], [130.321122, 33.555156, 0, 1775032740]]}}, {"type": "Feature", "properties": {"trip_id": "七隈線_平日_1_024", "route_id": "七隈線", "route_color": "#009157", "route_type": "1", "trip_headsign": "橋本"}, "geometry": {"type": "LineString", "coordinates": [[130.420616, 33.59013, 0, 1775031300], [130.411583, 33.591333, 0, 1775031420], [130.401717, 33.58824, 0, 1775031540], [130.404947, 33.583968, 0, 1775031660], [130.401825, 33.581805, 0, 1775031780], [130.396203, 33.580392, 0, 1775031840], [130.386858, 33.577326, 0, 1775031960], [130.377331, 33.577693, 0, 1775032080], [130.369638, 33.574207, 0, 1775032200], [130.3654, 33.566099, 0, 1775032260], [130.361538, 33.559331, 0, 1775032380], [130.361667, 33.553207, 0, 1775032440], [130.362225, 33.547511, 0, 1775032560], [130.354993, 33.545839, 0, 1775032680], [130.346571, 33.548334, 0, 1775032740], [130.337913, 33.550533, 0, 1775032860], [130.329534, 33.552724, 0, 1775032920], [130.321122, 33.555156, 0, 1775033040]]}}, {"type": "Feature", "properties": {"trip_id": "七隈線_平日_1_025", "route_id": "七隈線", "route_color": "#009157", "route_type": "1", "trip_headsign": "橋本"}, "geometry": {"type": "LineString", "coordinates": [[130.420616, 33.59013, 0, 1775031480], [130.411583, 33.591333, 0, 1775031600], [130.401717, 33.58824, 0, 1775031720], [130.404947, 33.583968, 0, 1775031840], [130.401825, 33.581805, 0, 1775031960], [130.396203, 33.580392, 0, 1775032020], [130.386858, 33.577326, 0, 1775032140], [130.377331, 33.577693, 0, 1775032260], [130.369638, 33.574207, 0, 1775032380], [130.3654, 33.566099, 0, 1775032440], [130.361538, 33.559331, 0, 1775032560], [130.361667, 33.553207, 0, 1775032620], [130.362225, 33.547511, 0, 1775032740], [130.354993, 33.545839, 0, 1775032860], [130.346571, 33.548334, 0, 1775032920], [130.337913, 33.550533, 0, 1775033040], [130.329534, 33.552724, 0, 1775033100], [130.321122, 33.555156, 0, 1775033220]]}}, {"type": "Feature", "properties": {"trip_id": "七隈線_平日_1_026", "route_id": "七隈線", "route_color": "#009157", "route_type": "1", "trip_headsign": "橋本"}, "geometry": {"type": "LineString", "coordinates": [[130.420616, 33.59013, 0, 1775031660], [130.411583, 33.591333, 0, 1775031780], [130.401717, 33.58824, 0, 1775031900], [130.404947, 33.583968, 0, 1775032020], [130.401825, 33.581805, 0, 1775032140], [130.396203, 33.580392, 0, 1775032200], [130.386858, 33.577326, 0, 1775032320], [130.377331, 33.577693, 0, 1775032440], [130.369638, 33.574207, 0, 1775032560], [130.3654, 33.566099, 0, 1775032620], [130.361538, 33.559331, 0, 1775032740], [130.361667, 33.553207, 0, 1775032800], [130.362225, 33.547511, 0, 1775032920], [130.354993, 33.545839, 0, 1775033040], [130.346571, 33.548334, 0, 1775033100], [130.337913, 33.550533, 0, 1775033220], [130.329534, 33.552724, 0, 1775033280], [130.321122, 33.555156, 0, 1775033400]]}}, {"type": "Feature", "properties": {"trip_id": "七隈線_平日_1_027", "route_id": "七隈線", "route_color": "#009157", "route_type": "1", "trip_headsign": "橋本"}, "geometry": {"type": "LineString", "coordinates": [[130.420616, 33.59013, 0, 1775031840], [130.411583, 33.591333, 0, 1775031960], [130.401717, 33.58824, 0, 1775032080], [130.404947, 33.583968, 0, 1775032200], [130.401825, 33.581805, 0, 1775032320], [130.396203, 33.580392, 0, 1775032380], [130.386858, 33.577326, 0, 1775032500], [130.377331, 33.577693, 0, 1775032620], [130.369638, 33.574207, 0, 1775032740], [130.3654, 33.566099, 0, 1775032800], [130.361538, 33.559331, 0, 1775032920], [130.361667, 33.553207, 0, 1775032980], [130.362225, 33.547511, 0, 1775033100], [130.354993, 33.545839, 0, 1775033220], [130.346571, 33.548334, 0, 1775033280], [130.337913, 33.550533, 0, 1775033400], [130.329534, 33.552724, 0, 1775033460], [130.321122, 33.555156, 0, 1775033580]]}}, {"type": "Feature", "properties": {"trip_id": "七隈線_平日_1_028", "route_id": "七隈線", "route_color": "#009157", "route_type": "1", "trip_headsign": "橋本"}, "geometry": {"type": "LineString", "coordinates": [[130.420616, 33.59013, 0, 1775032020], [130.411583, 33.591333, 0, 1775032140], [130.401717, 33.58824, 0, 1775032260], [130.404947, 33.583968, 0, 1775032380], [130.401825, 33.581805, 0, 1775032500], [130.396203, 33.580392, 0, 1775032560], [130.386858, 33.577326, 0, 1775032680], [130.377331, 33.577693, 0, 1775032800], [130.369638, 33.574207, 0, 1775032920], [130.3654, 33.566099, 0, 1775032980], [130.361538, 33.559331, 0, 1775033100], [130.361667, 33.553207, 0, 1775033160], [130.362225, 33.547511, 0, 1775033280], [130.354993, 33.545839, 0, 1775033400], [130.346571, 33.548334, 0, 1775033460], [130.337913, 33.550533, 0, 1775033580], [130.329534, 33.552724, 0, 1775033640], [130.321122, 33.555156, 0, 1775033760]]}}, {"type": "Feature", "properties": {"trip_id": "七隈線_平日_1_029", "route_id": "七隈線", "route_color": "#009157", "route_type": "1", "trip_headsign": "橋本"}, "geometry": {"type": "LineString", "coordinates": [[130.420616, 33.59013, 0, 1775032200], [130.411583, 33.591333, 0, 1775032320], [130.401717, 33.58824, 0, 1775032440], [130.404947, 33.583968, 0, 1775032560], [130.401825, 33.581805, 0, 1775032680], [130.396203, 33.580392, 0, 1775032740], [130.386858, 33.577326, 0, 1775032860], [130.377331, 33.577693, 0, 1775032980], [130.369638, 33.574207, 0, 1775033100], [130.3654, 33.566099, 0, 1775033160], [130.361538, 33.559331, 0, 1775033280], [130.361667, 33.553207, 0, 1775033340], [130.362225, 33.547511, 0, 1775033460], [130.354993, 33.545839, 0, 1775033580], [130.346571, 33.548334, 0, 1775033640], [130.337913, 33.550533, 0, 1775033760], [130.329534, 33.552724, 0, 1775033820], [130.321122, 33.555156, 0, 1775033940]]}}, {"type": "Feature", "properties": {"trip_id": "七隈線_平日_1_030", "route_id": "七隈線", "route_color": "#009157", "route_type": "1", "trip_headsign": "橋本"}, "geometry": {"type": "LineString", "coordinates": [[130.420616, 33.59013, 0, 1775032380], [130.411583, 33.591333, 0, 1775032500], [130.401717, 33.58824, 0, 1775032620], [130.404947, 33.583968, 0, 1775032740], [130.401825, 33.581805, 0, 1775032860], [130.396203, 33.580392, 0, 1775032920], [130.386858, 33.577326, 0, 1775033040], [130.377331, 33.577693, 0, 1775033160], [130.369638, 33.574207, 0, 1775033280], [130.3654, 33.566099, 0, 1775033340], [130.361538, 33.559331, 0, 1775033460], [130.361667, 33.553207, 0, 1775033520], [130.362225, 33.547511, 0, 1775033640], [130.354993, 33.545839, 0, 1775033760], [130.346571, 33.548334, 0, 1775033820], [130.337913, 33.550533, 0, 1775033940], [130.329534, 33.552724, 0, 1775034000], [130.321122, 33.555156, 0, 1775034120]]}}, {"type": "Feature", "properties": {"trip_id": "七隈線_平日_1_031", "route_id": "七隈線", "route_color": "#009157", "route_type": "1", "trip_headsign": "橋本"}, "geometry": {"type": "LineString", "coordinates": [[130.420616, 33.59013, 0, 1775032560], [130.411583, 33.591333, 0, 1775032680], [130.401717, 33.58824, 0, 1775032800], [130.404947, 33.583968, 0, 1775032920], [130.401825, 33.581805, 0, 1775033040], [130.396203, 33.580392, 0, 1775033100], [130.386858, 33.577326, 0, 1775033220], [130.377331, 33.577693, 0, 1775033340], [130.369638, 33.574207, 0, 1775033460], [130.3654, 33.566099, 0, 1775033520], [130.361538, 33.559331, 0, 1775033640], [130.361667, 33.553207, 0, 1775033700], [130.362225, 33.547511, 0, 1775033820], [130.354993, 33.545839, 0, 1775033940], [130.346571, 33.548334, 0, 1775034000], [130.337913, 33.550533, 0, 1775034120], [130.329534, 33.552724, 0, 1775034180], [130.321122, 33.555156, 0, 1775034300]]}}, {"type": "Feature", "properties": {"trip_id": "七隈線_平日_1_032", "route_id": "七隈線", "route_color": "#009157", "route_type": "1", "trip_headsign": "橋本"}, "geometry": {"type": "LineString", "coordinates": [[130.420616, 33.59013, 0, 1775032740], [130.411583, 33.591333, 0, 1775032860], [130.401717, 33.58824, 0, 1775032980], [130.404947, 33.583968, 0, 1775033100], [130.401825, 33.581805, 0, 1775033220], [130.396203, 33.580392, 0, 1775033280], [130.386858, 33.577326, 0, 1775033400], [130.377331, 33.577693, 0, 1775033520], [130.369638, 33.574207, 0, 1775033640], [130.3654, 33.566099, 0, 1775033700], [130.361538, 33.559331, 0, 1775033820], [130.361667, 33.553207, 0, 1775033880], [130.362225, 33.547511, 0, 1775034000], [130.354993, 33.545839, 0, 1775034120], [130.346571, 33.548334, 0, 1775034180], [130.337913, 33.550533, 0, 1775034300], [130.329534, 33.552724, 0, 1775034360], [130.321122, 33.555156, 0, 1775034480]]}}, {"type": "Feature", "properties": {"trip_id": "七隈線_平日_1_033", "route_id": "七隈線", "route_color": "#009157", "route_type": "1", "trip_headsign": "橋本"}, "geometry": {"type": "LineString", "coordinates": [[130.420616, 33.59013, 0, 1775032920], [130.411583, 33.591333, 0, 1775033040], [130.401717, 33.58824, 0, 1775033160], [130.404947, 33.583968, 0, 1775033280], [130.401825, 33.581805, 0, 1775033400], [130.396203, 33.580392, 0, 1775033460], [130.386858, 33.577326, 0, 1775033580], [130.377331, 33.577693, 0, 1775033700], [130.369638, 33.574207, 0, 1775033820], [130.3654, 33.566099, 0, 1775033880], [130.361538, 33.559331, 0, 1775034000], [130.361667, 33.553207, 0, 1775034060], [130.362225, 33.547511, 0, 1775034180], [130.354993, 33.545839, 0, 1775034300], [130.346571, 33.548334, 0, 1775034360], [130.337913, 33.550533, 0, 1775034480], [130.329534, 33.552724, 0, 1775034540], [130.321122, 33.555156, 0, 1775034660]]}}, {"type": "Feature", "properties": {"trip_id": "七隈線_平日_1_034", "route_id": "七隈線", "route_color": "#009157", "route_type": "1", "trip_headsign": "橋本"}, "geometry": {"type": "LineString", "coordinates": [[130.420616, 33.59013, 0, 1775033100], [130.411583, 33.591333, 0, 1775033220], [130.401717, 33.58824, 0, 1775033340], [130.404947, 33.583968, 0, 1775033460], [130.401825, 33.581805, 0, 1775033580], [130.396203, 33.580392, 0, 1775033640], [130.386858, 33.577326, 0, 1775033760], [130.377331, 33.577693, 0, 1775033880], [130.369638, 33.574207, 0, 1775034000], [130.3654, 33.566099, 0, 1775034120], [130.361538, 33.559331, 0, 1775034180], [130.361667, 33.553207, 0, 1775034300], [130.362225, 33.547511, 0, 1775034360], [130.354993, 33.545839, 0, 1775034480], [130.346571, 33.548334, 0, 1775034540], [130.337913, 33.550533, 0, 1775034660], [130.329534, 33.552724, 0, 1775034720], [130.321122, 33.555156, 0, 1775034840]]}}, {"type": "Feature", "properties": {"trip_id": "七隈線_平日_1_035", "route_id": "七隈線", "route_color": "#009157", "route_type": "1", "trip_headsign": "橋本"}, "geometry": {"type": "LineString", "coordinates": [[130.420616, 33.59013, 0, 1775033340], [130.411583, 33.591333, 0, 1775033460], [130.401717, 33.58824, 0, 1775033580], [130.404947, 33.583968, 0, 1775033700], [130.401825, 33.581805, 0, 1775033820], [130.396203, 33.580392, 0, 1775033880], [130.386858, 33.577326, 0, 1775034000], [130.377331, 33.577693, 0, 1775034120], [130.369638, 33.574207, 0, 1775034240], [130.3654, 33.566099, 0, 1775034360], [130.361538, 33.559331, 0, 1775034420], [130.361667, 33.553207, 0, 1775034540], [130.362225, 33.547511, 0, 1775034600], [130.354993, 33.545839, 0, 1775034720], [130.346571, 33.548334, 0, 1775034840], [130.337913, 33.550533, 0, 1775034900], [130.329534, 33.552724, 0, 1775035020], [130.321122, 33.555156, 0, 1775035080]]}}, {"type": "Feature", "properties": {"trip_id": "七隈線_平日_1_036", "route_id": "七隈線", "route_color": "#009157", "route_type": "1", "trip_headsign": "橋本"}, "geometry": {"type": "LineString", "coordinates": [[130.420616, 33.59013, 0, 1775033640], [130.411583, 33.591333, 0, 1775033700], [130.401717, 33.58824, 0, 1775033880], [130.404947, 33.583968, 0, 1775033940], [130.401825, 33.581805, 0, 1775034060], [130.396203, 33.580392, 0, 1775034180], [130.386858, 33.577326, 0, 1775034300], [130.377331, 33.577693, 0, 1775034420], [130.369638, 33.574207, 0, 1775034480], [130.3654, 33.566099, 0, 1775034600], [130.361538, 33.559331, 0, 1775034720], [130.361667, 33.553207, 0, 1775034780], [130.362225, 33.547511, 0, 1775034900], [130.354993, 33.545839, 0, 1775034960], [130.346571, 33.548334, 0, 1775035080], [130.337913, 33.550533, 0, 1775035140], [130.329534, 33.552724, 0, 1775035260], [130.321122, 33.555156, 0, 1775035380]]}}, {"type": "Feature", "properties": {"trip_id": "七隈線_平日_1_037", "route_id": "七隈線", "route_color": "#009157", "route_type": "1", "trip_headsign": "橋本"}, "geometry": {"type": "LineString", "coordinates": [[130.420616, 33.59013, 0, 1775033880], [130.411583, 33.591333, 0, 1775033940], [130.401717, 33.58824, 0, 1775034120], [130.404947, 33.583968, 0, 1775034240], [130.401825, 33.581805, 0, 1775034300], [130.396203, 33.580392, 0, 1775034420], [130.386858, 33.577326, 0, 1775034540], [130.377331, 33.577693, 0, 1775034660], [130.369638, 33.574207, 0, 1775034720], [130.3654, 33.566099, 0, 1775034840], [130.361538, 33.559331, 0, 1775034960], [130.361667, 33.553207, 0, 1775035020], [130.362225, 33.547511, 0, 1775035140], [130.354993, 33.545839, 0, 1775035200], [130.346571, 33.548334, 0, 1775035320], [130.337913, 33.550533, 0, 1775035440], [130.329534, 33.552724, 0, 1775035500], [130.321122, 33.555156, 0, 1775035620]]}}, {"type": "Feature", "properties": {"trip_id": "七隈線_平日_1_038", "route_id": "七隈線", "route_color": "#009157", "route_type": "1", "trip_headsign": "橋本"}, "geometry": {"type": "LineString", "coordinates": [[130.420616, 33.59013, 0, 1775034120], [130.411583, 33.591333, 0, 1775034240], [130.401717, 33.58824, 0, 1775034360], [130.404947, 33.583968, 0, 1775034480], [130.401825, 33.581805, 0, 1775034600], [130.396203, 33.580392, 0, 1775034660], [130.386858, 33.577326, 0, 1775034780], [130.377331, 33.577693, 0, 1775034900], [130.369638, 33.574207, 0, 1775035020], [130.3654, 33.566099, 0, 1775035080], [130.361538, 33.559331, 0, 1775035200], [130.361667, 33.553207, 0, 1775035260], [130.362225, 33.547511, 0, 1775035380], [130.354993, 33.545839, 0, 1775035500], [130.346571, 33.548334, 0, 1775035560], [130.337913, 33.550533, 0, 1775035680], [130.329534, 33.552724, 0, 1775035740], [130.321122, 33.555156, 0, 1775035860]]}}, {"type": "Feature", "properties": {"trip_id": "七隈線_平日_1_039", "route_id": "七隈線", "route_color": "#009157", "route_type": "1", "trip_headsign": "橋本"}, "geometry": {"type": "LineString", "coordinates": [[130.420616, 33.59013, 0, 1775034360], [130.411583, 33.591333, 0, 1775034420], [130.401717, 33.58824, 0, 1775034600], [130.404947, 33.583968, 0, 1775034720], [130.401825, 33.581805, 0, 1775034780], [130.396203, 33.580392, 0, 1775034900], [130.386858, 33.577326, 0, 1775035020], [130.377331, 33.577693, 0, 1775035140], [130.369638, 33.574207, 0, 1775035200], [130.3654, 33.566099, 0, 1775035320], [130.361538, 33.559331, 0, 1775035440], [130.361667, 33.553207, 0, 1775035500], [130.362225, 33.547511, 0, 1775035620], [130.354993, 33.545839, 0, 1775035680], [130.346571, 33.548334, 0, 1775035800], [130.337913, 33.550533, 0, 1775035920], [130.329534, 33.552724, 0, 1775035980], [130.321122, 33.555156, 0, 1775036100]]}}, {"type": "Feature", "properties": {"trip_id": "七隈線_平日_1_040", "route_id": "七隈線", "route_color": "#009157", "route_type": "1", "trip_headsign": "橋本"}, "geometry": {"type": "LineString", "coordinates": [[130.420616, 33.59013, 0, 1775034600], [130.411583, 33.591333, 0, 1775034660], [130.401717, 33.58824, 0, 1775034840], [130.404947, 33.583968, 0, 1775034900], [130.401825, 33.581805, 0, 1775035020], [130.396203, 33.580392, 0, 1775035140], [130.386858, 33.577326, 0, 1775035260], [130.377331, 33.577693, 0, 1775035380], [130.369638, 33.574207, 0, 1775035440], [130.3654, 33.566099, 0, 1775035560], [130.361538, 33.559331, 0, 1775035680], [130.361667, 33.553207, 0, 1775035740], [130.362225, 33.547511, 0, 1775035860], [130.354993, 33.545839, 0, 1775035920], [130.346571, 33.548334, 0, 1775036040], [130.337913, 33.550533, 0, 1775036100], [130.329534, 33.552724, 0, 1775036220], [130.321122, 33.555156, 0, 1775036340]]}}, {"type": "Feature", "properties": {"trip_id": "七隈線_平日_1_041", "route_id": "七隈線", "route_color": "#009157", "route_type": "1", "trip_headsign": "橋本"}, "geometry": {"type": "LineString", "coordinates": [[130.420616, 33.59013, 0, 1775034780], [130.411583, 33.591333, 0, 1775034900], [130.401717, 33.58824, 0, 1775035020], [130.404947, 33.583968, 0, 1775035140], [130.401825, 33.581805, 0, 1775035260], [130.396203, 33.580392, 0, 1775035320], [130.386858, 33.577326, 0, 1775035440], [130.377331, 33.577693, 0, 1775035560], [130.369638, 33.574207, 0, 1775035680], [130.3654, 33.566099, 0, 1775035800], [130.361538, 33.559331, 0, 1775035860], [130.361667, 33.553207, 0, 1775035980], [130.362225, 33.547511, 0, 1775036040], [130.354993, 33.545839, 0, 1775036160], [130.346571, 33.548334, 0, 1775036280], [130.337913, 33.550533, 0, 1775036340], [130.329534, 33.552724, 0, 1775036460], [130.321122, 33.555156, 0, 1775036520]]}}, {"type": "Feature", "properties": {"trip_id": "七隈線_平日_1_042", "route_id": "七隈線", "route_color": "#009157", "route_type": "1", "trip_headsign": "橋本"}, "geometry": {"type": "LineString", "coordinates": [[130.420616, 33.59013, 0, 1775035020], [130.411583, 33.591333, 0, 1775035140], [130.401717, 33.58824, 0, 1775035260], [130.404947, 33.583968, 0, 1775035380], [130.401825, 33.581805, 0, 1775035500], [130.396203, 33.580392, 0, 1775035560], [130.386858, 33.577326, 0, 1775035680], [130.377331, 33.577693, 0, 1775035800], [130.369638, 33.574207, 0, 1775035920], [130.3654, 33.566099, 0, 1775036040], [130.361538, 33.559331, 0, 1775036100], [130.361667, 33.553207, 0, 1775036220], [130.362225, 33.547511, 0, 1775036280], [130.354993, 33.545839, 0, 1775036400], [130.346571, 33.548334, 0, 1775036520], [130.337913, 33.550533, 0, 1775036580], [130.329534, 33.552724, 0, 1775036700], [130.321122, 33.555156, 0, 1775036760]]}}, {"type": "Feature", "properties": {"trip_id": "七隈線_平日_1_043", "route_id": "七隈線", "route_color": "#009157", "route_type": "1", "trip_headsign": "橋本"}, "geometry": {"type": "LineString", "coordinates": [[130.420616, 33.59013, 0, 1775035320], [130.411583, 33.591333, 0, 1775035380], [130.401717, 33.58824, 0, 1775035560], [130.404947, 33.583968, 0, 1775035620], [130.401825, 33.581805, 0, 1775035740], [130.396203, 33.580392, 0, 1775035860], [130.386858, 33.577326, 0, 1775035980], [130.377331, 33.577693, 0, 1775036100], [130.369638, 33.574207, 0, 1775036160], [130.3654, 33.566099, 0, 1775036280], [130.361538, 33.559331, 0, 1775036400], [130.361667, 33.553207, 0, 1775036460], [130.362225, 33.547511, 0, 1775036580], [130.354993, 33.545839, 0, 1775036640], [130.346571, 33.548334, 0, 1775036760], [130.337913, 33.550533, 0, 1775036820], [130.329534, 33.552724, 0, 1775036940], [130.321122, 33.555156, 0, 1775037060]]}}, {"type": "Feature", "properties": {"trip_id": "七隈線_平日_1_044", "route_id": "七隈線", "route_color": "#009157", "route_type": "1", "trip_headsign": "橋本"}, "geometry": {"type": "LineString", "coordinates": [[130.420616, 33.59013, 0, 1775035560], [130.411583, 33.591333, 0, 1775035680], [130.401717, 33.58824, 0, 1775035800], [130.404947, 33.583968, 0, 1775035920], [130.401825, 33.581805, 0, 1775036040], [130.396203, 33.580392, 0, 1775036100], [130.386858, 33.577326, 0, 1775036220], [130.377331, 33.577693, 0, 1775036340], [130.369638, 33.574207, 0, 1775036460], [130.3654, 33.566099, 0, 1775036580], [130.361538, 33.559331, 0, 1775036640], [130.361667, 33.553207, 0, 1775036760], [130.362225, 33.547511, 0, 1775036820], [130.354993, 33.545839, 0, 1775036940], [130.346571, 33.548334, 0, 1775037060], [130.337913, 33.550533, 0, 1775037120], [130.329534, 33.552724, 0, 1775037240], [130.321122, 33.555156, 0, 1775037300]]}}, {"type": "Feature", "properties": {"trip_id": "七隈線_平日_1_045", "route_id": "七隈線", "route_color": "#009157", "route_type": "1", "trip_headsign": "橋本"}, "geometry": {"type": "LineString", "coordinates": [[130.420616, 33.59013, 0, 1775035860], [130.411583, 33.591333, 0, 1775035980], [130.401717, 33.58824, 0, 1775036100], [130.404947, 33.583968, 0, 1775036220], [130.401825, 33.581805, 0, 1775036340], [130.396203, 33.580392, 0, 1775036400], [130.386858, 33.577326, 0, 1775036520], [130.377331, 33.577693, 0, 1775036640], [130.369638, 33.574207, 0, 1775036700], [130.3654, 33.566099, 0, 1775036820], [130.361538, 33.559331, 0, 1775036940], [130.361667, 33.553207, 0, 1775037000], [130.362225, 33.547511, 0, 1775037120], [130.354993, 33.545839, 0, 1775037240], [130.346571, 33.548334, 0, 1775037300], [130.337913, 33.550533, 0, 1775037420], [130.329534, 33.552724, 0, 1775037480], [130.321122, 33.555156, 0, 1775037600]]}}, {"type": "Feature", "properties": {"trip_id": "七隈線_平日_1_046", "route_id": "七隈線", "route_color": "#009157", "route_type": "1", "trip_headsign": "橋本"}, "geometry": {"type": "LineString", "coordinates": [[130.420616, 33.59013, 0, 1775036100], [130.411583, 33.591333, 0, 1775036220], [130.401717, 33.58824, 0, 1775036340], [130.404947, 33.583968, 0, 1775036460], [130.401825, 33.581805, 0, 1775036580], [130.396203, 33.580392, 0, 1775036640], [130.386858, 33.577326, 0, 1775036760], [130.377331, 33.577693, 0, 1775036880], [130.369638, 33.574207, 0, 1775037000], [130.3654, 33.566099, 0, 1775037120], [130.361538, 33.559331, 0, 1775037180], [130.361667, 33.553207, 0, 1775037300], [130.362225, 33.547511, 0, 1775037360], [130.354993, 33.545839, 0, 1775037480], [130.346571, 33.548334, 0, 1775037600], [130.337913, 33.550533, 0, 1775037660], [130.329534, 33.552724, 0, 1775037780], [130.321122, 33.555156, 0, 1775037840]]}}, {"type": "Feature", "properties": {"trip_id": "七隈線_平日_1_047", "route_id": "七隈線", "route_color": "#009157", "route_type": "1", "trip_headsign": "橋本"}, "geometry": {"type": "LineString", "coordinates": [[130.420616, 33.59013, 0, 1775036400], [130.411583, 33.591333, 0, 1775036460], [130.401717, 33.58824, 0, 1775036640], [130.404947, 33.583968, 0, 1775036700], [130.401825, 33.581805, 0, 1775036820], [130.396203, 33.580392, 0, 1775036940], [130.386858, 33.577326, 0, 1775037060], [130.377331, 33.577693, 0, 1775037180], [130.369638, 33.574207, 0, 1775037240], [130.3654, 33.566099, 0, 1775037360], [130.361538, 33.559331, 0, 1775037480], [130.361667, 33.553207, 0, 1775037540], [130.362225, 33.547511, 0, 1775037660], [130.354993, 33.545839, 0, 1775037720], [130.346571, 33.548334, 0, 1775037840], [130.337913, 33.550533, 0, 1775037900], [130.329534, 33.552724, 0, 1775038020], [130.321122, 33.555156, 0, 1775038140]]}}, {"type": "Feature", "properties": {"trip_id": "七隈線_平日_1_048", "route_id": "七隈線", "route_color": "#009157", "route_type": "1", "trip_headsign": "橋本"}, "geometry": {"type": "LineString", "coordinates": [[130.420616, 33.59013, 0, 1775036700], [130.411583, 33.591333, 0, 1775036760], [130.401717, 33.58824, 0, 1775036940], [130.404947, 33.583968, 0, 1775037000], [130.401825, 33.581805, 0, 1775037120], [130.396203, 33.580392, 0, 1775037240], [130.386858, 33.577326, 0, 1775037360], [130.377331, 33.577693, 0, 1775037480], [130.369638, 33.574207, 0, 1775037540], [130.3654, 33.566099, 0, 1775037660], [130.361538, 33.559331, 0, 1775037780], [130.361667, 33.553207, 0, 1775037840], [130.362225, 33.547511, 0, 1775037960], [130.354993, 33.545839, 0, 1775038020], [130.346571, 33.548334, 0, 1775038140], [130.337913, 33.550533, 0, 1775038200], [130.329534, 33.552724, 0, 1775038320], [130.321122, 33.555156, 0, 1775038440]]}}, {"type": "Feature", "properties": {"trip_id": "七隈線_平日_1_049", "route_id": "七隈線", "route_color": "#009157", "route_type": "1", "trip_headsign": "橋本"}, "geometry": {"type": "LineString", "coordinates": [[130.420616, 33.59013, 0, 1775037000], [130.411583, 33.591333, 0, 1775037060], [130.401717, 33.58824, 0, 1775037240], [130.404947, 33.583968, 0, 1775037300], [130.401825, 33.581805, 0, 1775037420], [130.396203, 33.580392, 0, 1775037540], [130.386858, 33.577326, 0, 1775037660], [130.377331, 33.577693, 0, 1775037780], [130.369638, 33.574207, 0, 1775037840], [130.3654, 33.566099, 0, 1775037960], [130.361538, 33.559331, 0, 1775038080], [130.361667, 33.553207, 0, 1775038140], [130.362225, 33.547511, 0, 1775038260], [130.354993, 33.545839, 0, 1775038320], [130.346571, 33.548334, 0, 1775038440], [130.337913, 33.550533, 0, 1775038500], [130.329534, 33.552724, 0, 1775038620], [130.321122, 33.555156, 0, 1775038740]]}}, {"type": "Feature", "properties": {"trip_id": "七隈線_平日_1_050", "route_id": "七隈線", "route_color": "#009157", "route_type": "1", "trip_headsign": "橋本"}, "geometry": {"type": "LineString", "coordinates": [[130.420616, 33.59013, 0, 1775037300], [130.411583, 33.591333, 0, 1775037360], [130.401717, 33.58824, 0, 1775037540], [130.404947, 33.583968, 0, 1775037600], [130.401825, 33.581805, 0, 1775037720], [130.396203, 33.580392, 0, 1775037840], [130.386858, 33.577326, 0, 1775037960], [130.377331, 33.577693, 0, 1775038080], [130.369638, 33.574207, 0, 1775038140], [130.3654, 33.566099, 0, 1775038260], [130.361538, 33.559331, 0, 1775038380], [130.361667, 33.553207, 0, 1775038440], [130.362225, 33.547511, 0, 1775038560], [130.354993, 33.545839, 0, 1775038620], [130.346571, 33.548334, 0, 1775038740], [130.337913, 33.550533, 0, 1775038800], [130.329534, 33.552724, 0, 1775038920], [130.321122, 33.555156, 0, 1775039040]]}}, {"type": "Feature", "properties": {"trip_id": "七隈線_平日_1_051", "route_id": "七隈線", "route_color": "#009157", "route_type": "1", "trip_headsign": "橋本"}, "geometry": {"type": "LineString", "coordinates": [[130.420616, 33.59013, 0, 1775037660], [130.411583, 33.591333, 0, 1775037780], [130.401717, 33.58824, 0, 1775037900], [130.404947, 33.583968, 0, 1775038020], [130.401825, 33.581805, 0, 1775038140], [130.396203, 33.580392, 0, 1775038200], [130.386858, 33.577326, 0, 1775038320], [130.377331, 33.577693, 0, 1775038440], [130.369638, 33.574207, 0, 1775038500], [130.3654, 33.566099, 0, 1775038620], [130.361538, 33.559331, 0, 1775038740], [130.361667, 33.553207, 0, 1775038800], [130.362225, 33.547511, 0, 1775038920], [130.354993, 33.545839, 0, 1775039040], [130.346571, 33.548334, 0, 1775039100], [130.337913, 33.550533, 0, 1775039220], [130.329534, 33.552724, 0, 1775039280], [130.321122, 33.555156, 0, 1775039400]]}}, {"type": "Feature", "properties": {"trip_id": "七隈線_平日_1_052", "route_id": "七隈線", "route_color": "#009157", "route_type": "1", "trip_headsign": "橋本"}, "geometry": {"type": "LineString", "coordinates": [[130.420616, 33.59013, 0, 1775038020], [130.411583, 33.591333, 0, 1775038140], [130.401717, 33.58824, 0, 1775038260], [130.404947, 33.583968, 0, 1775038380], [130.401825, 33.581805, 0, 1775038500], [130.396203, 33.580392, 0, 1775038560], [130.386858, 33.577326, 0, 1775038680], [130.377331, 33.577693, 0, 1775038800], [130.369638, 33.574207, 0, 1775038860], [130.3654, 33.566099, 0, 1775038980], [130.361538, 33.559331, 0, 1775039100], [130.361667, 33.553207, 0, 1775039160], [130.362225, 33.547511, 0, 1775039280], [130.354993, 33.545839, 0, 1775039400], [130.346571, 33.548334, 0, 1775039460], [130.337913, 33.550533, 0, 1775039580], [130.329534, 33.552724, 0, 1775039640], [130.321122, 33.555156, 0, 1775039760]]}}, {"type": "Feature", "properties": {"trip_id": "七隈線_平日_1_053", "route_id": "七隈線", "route_color": "#009157", "route_type": "1", "trip_headsign": "橋本"}, "geometry": {"type": "LineString", "coordinates": [[130.420616, 33.59013, 0, 1775038440], [130.411583, 33.591333, 0, 1775038500], [130.401717, 33.58824, 0, 1775038680], [130.404947, 33.583968, 0, 1775038740], [130.401825, 33.581805, 0, 1775038860], [130.396203, 33.580392, 0, 1775038980], [130.386858, 33.577326, 0, 1775039100], [130.377331, 33.577693, 0, 1775039220], [130.369638, 33.574207, 0, 1775039280], [130.3654, 33.566099, 0, 1775039400], [130.361538, 33.559331, 0, 1775039520], [130.361667, 33.553207, 0, 1775039580], [130.362225, 33.547511, 0, 1775039700], [130.354993, 33.545839, 0, 1775039760], [130.346571, 33.548334, 0, 1775039880], [130.337913, 33.550533, 0, 1775039940], [130.329534, 33.552724, 0, 1775040060], [130.321122, 33.555156, 0, 1775040180]]}}, {"type": "Feature", "properties": {"trip_id": "七隈線_平日_1_054", "route_id": "七隈線", "route_color": "#009157", "route_type": "1", "trip_headsign": "橋本"}, "geometry": {"type": "LineString", "coordinates": [[130.420616, 33.59013, 0, 1775038860], [130.411583, 33.591333, 0, 1775038980], [130.401717, 33.58824, 0, 1775039100], [130.404947, 33.583968, 0, 1775039220], [130.401825, 33.581805, 0, 1775039340], [130.396203, 33.580392, 0, 1775039400], [130.386858, 33.577326, 0, 1775039520], [130.377331, 33.577693, 0, 1775039640], [130.369638, 33.574207, 0, 1775039760], [130.3654, 33.566099, 0, 1775039880], [130.361538, 33.559331, 0, 1775039940], [130.361667, 33.553207, 0, 1775040060], [130.362225, 33.547511, 0, 1775040120], [130.354993, 33.545839, 0, 1775040240], [130.346571, 33.548334, 0, 1775040360], [130.337913, 33.550533, 0, 1775040420], [130.329534, 33.552724, 0, 1775040540], [130.321122, 33.555156, 0, 1775040600]]}}, {"type": "Feature", "properties": {"trip_id": "七隈線_平日_1_055", "route_id": "七隈線", "route_color": "#009157", "route_type": "1", "trip_headsign": "橋本"}, "geometry": {"type": "LineString", "coordinates": [[130.420616, 33.59013, 0, 1775039340], [130.411583, 33.591333, 0, 1775039460], [130.401717, 33.58824, 0, 1775039580], [130.404947, 33.583968, 0, 1775039700], [130.401825, 33.581805, 0, 1775039820], [130.396203, 33.580392, 0, 1775039880], [130.386858, 33.577326, 0, 1775040000], [130.377331, 33.577693, 0, 1775040120], [130.369638, 33.574207, 0, 1775040240], [130.3654, 33.566099, 0, 1775040360], [130.361538, 33.559331, 0, 1775040420], [130.361667, 33.553207, 0, 1775040540], [130.362225, 33.547511, 0, 1775040600], [130.354993, 33.545839, 0, 1775040720], [130.346571, 33.548334, 0, 1775040780], [130.337913, 33.550533, 0, 1775040900], [130.329534, 33.552724, 0, 1775040960], [130.321122, 33.555156, 0, 1775041080]]}}, {"type": "Feature", "properties": {"trip_id": "七隈線_平日_1_056", "route_id": "七隈線", "route_color": "#009157", "route_type": "1", "trip_headsign": "橋本"}, "geometry": {"type": "LineString", "coordinates": [[130.420616, 33.59013, 0, 1775039820], [130.411583, 33.591333, 0, 1775039880], [130.401717, 33.58824, 0, 1775040060], [130.404947, 33.583968, 0, 1775040120], [130.401825, 33.581805, 0, 1775040240], [130.396203, 33.580392, 0, 1775040360], [130.386858, 33.577326, 0, 1775040480], [130.377331, 33.577693, 0, 1775040600], [130.369638, 33.574207, 0, 1775040660], [130.3654, 33.566099, 0, 1775040780], [130.361538, 33.559331, 0, 1775040900], [130.361667, 33.553207, 0, 1775040960], [130.362225, 33.547511, 0, 1775041080], [130.354993, 33.545839, 0, 1775041140], [130.346571, 33.548334, 0, 1775041260], [130.337913, 33.550533, 0, 1775041320], [130.329534, 33.552724, 0, 1775041440], [130.321122, 33.555156, 0, 1775041560]]}}, {"type": "Feature", "properties": {"trip_id": "七隈線_平日_1_057", "route_id": "七隈線", "route_color": "#009157", "route_type": "1", "trip_headsign": "橋本"}, "geometry": {"type": "LineString", "coordinates": [[130.420616, 33.59013, 0, 1775040180], [130.411583, 33.591333, 0, 1775040300], [130.401717, 33.58824, 0, 1775040420], [130.404947, 33.583968, 0, 1775040540], [130.401825, 33.581805, 0, 1775040660], [130.396203, 33.580392, 0, 1775040720], [130.386858, 33.577326, 0, 1775040840], [130.377331, 33.577693, 0, 1775040960], [130.369638, 33.574207, 0, 1775041080], [130.3654, 33.566099, 0, 1775041200], [130.361538, 33.559331, 0, 1775041260], [130.361667, 33.553207, 0, 1775041380], [130.362225, 33.547511, 0, 1775041440], [130.354993, 33.545839, 0, 1775041560], [130.346571, 33.548334, 0, 1775041620], [130.337913, 33.550533, 0, 1775041740], [130.329534, 33.552724, 0, 1775041800], [130.321122, 33.555156, 0, 1775041920]]}}, {"type": "Feature", "properties": {"trip_id": "七隈線_平日_1_058", "route_id": "七隈線", "route_color": "#009157", "route_type": "1", "trip_headsign": "橋本"}, "geometry": {"type": "LineString", "coordinates": [[130.420616, 33.59013, 0, 1775040600], [130.411583, 33.591333, 0, 1775040720], [130.401717, 33.58824, 0, 1775040840], [130.404947, 33.583968, 0, 1775040960], [130.401825, 33.581805, 0, 1775041080], [130.396203, 33.580392, 0, 1775041140], [130.386858, 33.577326, 0, 1775041260], [130.377331, 33.577693, 0, 1775041380], [130.369638, 33.574207, 0, 1775041500], [130.3654, 33.566099, 0, 1775041620], [130.361538, 33.559331, 0, 1775041680], [130.361667, 33.553207, 0, 1775041800], [130.362225, 33.547511, 0, 1775041860], [130.354993, 33.545839, 0, 1775041980], [130.346571, 33.548334, 0, 1775042100], [130.337913, 33.550533, 0, 1775042160], [130.329534, 33.552724, 0, 1775042280], [130.321122, 33.555156, 0, 1775042340]]}}, {"type": "Feature", "properties": {"trip_id": "七隈線_平日_1_059", "route_id": "七隈線", "route_color": "#009157", "route_type": "1", "trip_headsign": "橋本"}, "geometry": {"type": "LineString", "coordinates": [[130.420616, 33.59013, 0, 1775041020], [130.411583, 33.591333, 0, 1775041140], [130.401717, 33.58824, 0, 1775041260], [130.404947, 33.583968, 0, 1775041380], [130.401825, 33.581805, 0, 1775041500], [130.396203, 33.580392, 0, 1775041560], [130.386858, 33.577326, 0, 1775041680], [130.377331, 33.577693, 0, 1775041800], [130.369638, 33.574207, 0, 1775041920], [130.3654, 33.566099, 0, 1775042040], [130.361538, 33.559331, 0, 1775042100], [130.361667, 33.553207, 0, 1775042220], [130.362225, 33.547511, 0, 1775042280], [130.354993, 33.545839, 0, 1775042400], [130.346571, 33.548334, 0, 1775042460], [130.337913, 33.550533, 0, 1775042580], [130.329534, 33.552724, 0, 1775042640], [130.321122, 33.555156, 0, 1775042760]]}}, {"type": "Feature", "properties": {"trip_id": "七隈線_平日_1_060", "route_id": "七隈線", "route_color": "#009157", "route_type": "1", "trip_headsign": "橋本"}, "geometry": {"type": "LineString", "coordinates": [[130.420616, 33.59013, 0, 1775041500], [130.411583, 33.591333, 0, 1775041620], [130.401717, 33.58824, 0, 1775041740], [130.404947, 33.583968, 0, 1775041860], [130.401825, 33.581805, 0, 1775041980], [130.396203, 33.580392, 0, 1775042040], [130.386858, 33.577326, 0, 1775042160], [130.377331, 33.577693, 0, 1775042280], [130.369638, 33.574207, 0, 1775042340], [130.3654, 33.566099, 0, 1775042460], [130.361538, 33.559331, 0, 1775042580], [130.361667, 33.553207, 0, 1775042640], [130.362225, 33.547511, 0, 1775042760], [130.354993, 33.545839, 0, 1775042880], [130.346571, 33.548334, 0, 1775042940], [130.337913, 33.550533, 0, 1775043060], [130.329534, 33.552724, 0, 1775043120], [130.321122, 33.555156, 0, 1775043240]]}}, {"type": "Feature", "properties": {"trip_id": "七隈線_平日_1_061", "route_id": "七隈線", "route_color": "#009157", "route_type": "1", "trip_headsign": "橋本"}, "geometry": {"type": "LineString", "coordinates": [[130.420616, 33.59013, 0, 1775041980], [130.411583, 33.591333, 0, 1775042100], [130.401717, 33.58824, 0, 1775042220], [130.404947, 33.583968, 0, 1775042340], [130.401825, 33.581805, 0, 1775042460], [130.396203, 33.580392, 0, 1775042520], [130.386858, 33.577326, 0, 1775042640], [130.377331, 33.577693, 0, 1775042760], [130.369638, 33.574207, 0, 1775042820], [130.3654, 33.566099, 0, 1775042940], [130.361538, 33.559331, 0, 1775043060], [130.361667, 33.553207, 0, 1775043120], [130.362225, 33.547511, 0, 1775043240], [130.354993, 33.545839, 0, 1775043360], [130.346571, 33.548334, 0, 1775043420], [130.337913, 33.550533, 0, 1775043540], [130.329534, 33.552724, 0, 1775043600], [130.321122, 33.555156, 0, 1775043720]]}}, {"type": "Feature", "properties": {"trip_id": "七隈線_平日_1_062", "route_id": "七隈線", "route_color": "#009157", "route_type": "1", "trip_headsign": "橋本"}, "geometry": {"type": "LineString", "coordinates": [[130.420616, 33.59013, 0, 1775042460], [130.411583, 33.591333, 0, 1775042520], [130.401717, 33.58824, 0, 1775042700], [130.404947, 33.583968, 0, 1775042760], [130.401825, 33.581805, 0, 1775042880], [130.396203, 33.580392, 0, 1775043000], [130.386858, 33.577326, 0, 1775043120], [130.377331, 33.577693, 0, 1775043240], [130.369638, 33.574207, 0, 1775043300], [130.3654, 33.566099, 0, 1775043420], [130.361538, 33.559331, 0, 1775043540], [130.361667, 33.553207, 0, 1775043600], [130.362225, 33.547511, 0, 1775043720], [130.354993, 33.545839, 0, 1775043780], [130.346571, 33.548334, 0, 1775043900], [130.337913, 33.550533, 0, 1775043960], [130.329534, 33.552724, 0, 1775044080], [130.321122, 33.555156, 0, 1775044200]]}}, {"type": "Feature", "properties": {"trip_id": "七隈線_平日_1_063", "route_id": "七隈線", "route_color": "#009157", "route_type": "1", "trip_headsign": "橋本"}, "geometry": {"type": "LineString", "coordinates": [[130.420616, 33.59013, 0, 1775042880], [130.411583, 33.591333, 0, 1775043000], [130.401717, 33.58824, 0, 1775043120], [130.404947, 33.583968, 0, 1775043240], [130.401825, 33.581805, 0, 1775043360], [130.396203, 33.580392, 0, 1775043420], [130.386858, 33.577326, 0, 1775043540], [130.377331, 33.577693, 0, 1775043660], [130.369638, 33.574207, 0, 1775043780], [130.3654, 33.566099, 0, 1775043900], [130.361538, 33.559331, 0, 1775043960], [130.361667, 33.553207, 0, 1775044080], [130.362225, 33.547511, 0, 1775044140], [130.354993, 33.545839, 0, 1775044260], [130.346571, 33.548334, 0, 1775044320], [130.337913, 33.550533, 0, 1775044440], [130.329534, 33.552724, 0, 1775044500], [130.321122, 33.555156, 0, 1775044620]]}}, {"type": "Feature", "properties": {"trip_id": "七隈線_平日_1_064", "route_id": "七隈線", "route_color": "#009157", "route_type": "1", "trip_headsign": "橋本"}, "geometry": {"type": "LineString", "coordinates": [[130.420616, 33.59013, 0, 1775043300], [130.411583, 33.591333, 0, 1775043420], [130.401717, 33.58824, 0, 1775043540], [130.404947, 33.583968, 0, 1775043660], [130.401825, 33.581805, 0, 1775043780], [130.396203, 33.580392, 0, 1775043840], [130.386858, 33.577326, 0, 1775043960], [130.377331, 33.577693, 0, 1775044080], [130.369638, 33.574207, 0, 1775044200], [130.3654, 33.566099, 0, 1775044320], [130.361538, 33.559331, 0, 1775044380], [130.361667, 33.553207, 0, 1775044500], [130.362225, 33.547511, 0, 1775044560], [130.354993, 33.545839, 0, 1775044680], [130.346571, 33.548334, 0, 1775044800], [130.337913, 33.550533, 0, 1775044860], [130.329534, 33.552724, 0, 1775044980], [130.321122, 33.555156, 0, 1775045040]]}}, {"type": "Feature", "properties": {"trip_id": "七隈線_平日_1_065", "route_id": "七隈線", "route_color": "#009157", "route_type": "1", "trip_headsign": "橋本"}, "geometry": {"type": "LineString", "coordinates": [[130.420616, 33.59013, 0, 1775043780], [130.411583, 33.591333, 0, 1775043840], [130.401717, 33.58824, 0, 1775044020], [130.404947, 33.583968, 0, 1775044080], [130.401825, 33.581805, 0, 1775044200], [130.396203, 33.580392, 0, 1775044320], [130.386858, 33.577326, 0, 1775044440], [130.377331, 33.577693, 0, 1775044560], [130.369638, 33.574207, 0, 1775044620], [130.3654, 33.566099, 0, 1775044740], [130.361538, 33.559331, 0, 1775044860], [130.361667, 33.553207, 0, 1775044920], [130.362225, 33.547511, 0, 1775045040], [130.354993, 33.545839, 0, 1775045100], [130.346571, 33.548334, 0, 1775045220], [130.337913, 33.550533, 0, 1775045280], [130.329534, 33.552724, 0, 1775045400], [130.321122, 33.555156, 0, 1775045520]]}}, {"type": "Feature", "properties": {"trip_id": "七隈線_平日_1_066", "route_id": "七隈線", "route_color": "#009157", "route_type": "1", "trip_headsign": "橋本"}, "geometry": {"type": "LineString", "coordinates": [[130.420616, 33.59013, 0, 1775044200], [130.411583, 33.591333, 0, 1775044320], [130.401717, 33.58824, 0, 1775044440], [130.404947, 33.583968, 0, 1775044560], [130.401825, 33.581805, 0, 1775044680], [130.396203, 33.580392, 0, 1775044740], [130.386858, 33.577326, 0, 1775044860], [130.377331, 33.577693, 0, 1775044980], [130.369638, 33.574207, 0, 1775045040], [130.3654, 33.566099, 0, 1775045160], [130.361538, 33.559331, 0, 1775045280], [130.361667, 33.553207, 0, 1775045340], [130.362225, 33.547511, 0, 1775045460], [130.354993, 33.545839, 0, 1775045580], [130.346571, 33.548334, 0, 1775045640], [130.337913, 33.550533, 0, 1775045760], [130.329534, 33.552724, 0, 1775045820], [130.321122, 33.555156, 0, 1775045940]]}}, {"type": "Feature", "properties": {"trip_id": "七隈線_平日_1_067", "route_id": "七隈線", "route_color": "#009157", "route_type": "1", "trip_headsign": "橋本"}, "geometry": {"type": "LineString", "coordinates": [[130.420616, 33.59013, 0, 1775044620], [130.411583, 33.591333, 0, 1775044740], [130.401717, 33.58824, 0, 1775044860], [130.404947, 33.583968, 0, 1775044980], [130.401825, 33.581805, 0, 1775045100], [130.396203, 33.580392, 0, 1775045160], [130.386858, 33.577326, 0, 1775045280], [130.377331, 33.577693, 0, 1775045400], [130.369638, 33.574207, 0, 1775045520], [130.3654, 33.566099, 0, 1775045640], [130.361538, 33.559331, 0, 1775045700], [130.361667, 33.553207, 0, 1775045820], [130.362225, 33.547511, 0, 1775045880], [130.354993, 33.545839, 0, 1775046000], [130.346571, 33.548334, 0, 1775046120], [130.337913, 33.550533, 0, 1775046180], [130.329534, 33.552724, 0, 1775046300], [130.321122, 33.555156, 0, 1775046360]]}}, {"type": "Feature", "properties": {"trip_id": "七隈線_平日_1_068", "route_id": "七隈線", "route_color": "#009157", "route_type": "1", "trip_headsign": "橋本"}, "geometry": {"type": "LineString", "coordinates": [[130.420616, 33.59013, 0, 1775045100], [130.411583, 33.591333, 0, 1775045220], [130.401717, 33.58824, 0, 1775045340], [130.404947, 33.583968, 0, 1775045460], [130.401825, 33.581805, 0, 1775045580], [130.396203, 33.580392, 0, 1775045640], [130.386858, 33.577326, 0, 1775045760], [130.377331, 33.577693, 0, 1775045880], [130.369638, 33.574207, 0, 1775045940], [130.3654, 33.566099, 0, 1775046060], [130.361538, 33.559331, 0, 1775046180], [130.361667, 33.553207, 0, 1775046240], [130.362225, 33.547511, 0, 1775046360], [130.354993, 33.545839, 0, 1775046480], [130.346571, 33.548334, 0, 1775046540], [130.337913, 33.550533, 0, 1775046660], [130.329534, 33.552724, 0, 1775046720], [130.321122, 33.555156, 0, 1775046840]]}}, {"type": "Feature", "properties": {"trip_id": "七隈線_平日_1_069", "route_id": "七隈線", "route_color": "#009157", "route_type": "1", "trip_headsign": "橋本"}, "geometry": {"type": "LineString", "coordinates": [[130.420616, 33.59013, 0, 1775045520], [130.411583, 33.591333, 0, 1775045640], [130.401717, 33.58824, 0, 1775045760], [130.404947, 33.583968, 0, 1775045880], [130.401825, 33.581805, 0, 1775046000], [130.396203, 33.580392, 0, 1775046060], [130.386858, 33.577326, 0, 1775046180], [130.377331, 33.577693, 0, 1775046300], [130.369638, 33.574207, 0, 1775046420], [130.3654, 33.566099, 0, 1775046540], [130.361538, 33.559331, 0, 1775046600], [130.361667, 33.553207, 0, 1775046720], [130.362225, 33.547511, 0, 1775046780], [130.354993, 33.545839, 0, 1775046900], [130.346571, 33.548334, 0, 1775047020], [130.337913, 33.550533, 0, 1775047080], [130.329534, 33.552724, 0, 1775047200], [130.321122, 33.555156, 0, 1775047260]]}}, {"type": "Feature", "properties": {"trip_id": "七隈線_平日_1_070", "route_id": "七隈線", "route_color": "#009157", "route_type": "1", "trip_headsign": "橋本"}, "geometry": {"type": "LineString", "coordinates": [[130.420616, 33.59013, 0, 1775046000], [130.411583, 33.591333, 0, 1775046120], [130.401717, 33.58824, 0, 1775046240], [130.404947, 33.583968, 0, 1775046360], [130.401825, 33.581805, 0, 1775046480], [130.396203, 33.580392, 0, 1775046540], [130.386858, 33.577326, 0, 1775046660], [130.377331, 33.577693, 0, 1775046780], [130.369638, 33.574207, 0, 1775046840], [130.3654, 33.566099, 0, 1775046960], [130.361538, 33.559331, 0, 1775047080], [130.361667, 33.553207, 0, 1775047140], [130.362225, 33.547511, 0, 1775047260], [130.354993, 33.545839, 0, 1775047380], [130.346571, 33.548334, 0, 1775047440], [130.337913, 33.550533, 0, 1775047560], [130.329534, 33.552724, 0, 1775047620], [130.321122, 33.555156, 0, 1775047740]]}}, {"type": "Feature", "properties": {"trip_id": "七隈線_平日_1_071", "route_id": "七隈線", "route_color": "#009157", "route_type": "1", "trip_headsign": "橋本"}, "geometry": {"type": "LineString", "coordinates": [[130.420616, 33.59013, 0, 1775046420], [130.411583, 33.591333, 0, 1775046540], [130.401717, 33.58824, 0, 1775046660], [130.404947, 33.583968, 0, 1775046780], [130.401825, 33.581805, 0, 1775046900], [130.396203, 33.580392, 0, 1775046960], [130.386858, 33.577326, 0, 1775047080], [130.377331, 33.577693, 0, 1775047200], [130.369638, 33.574207, 0, 1775047320], [130.3654, 33.566099, 0, 1775047440], [130.361538, 33.559331, 0, 1775047500], [130.361667, 33.553207, 0, 1775047620], [130.362225, 33.547511, 0, 1775047680], [130.354993, 33.545839, 0, 1775047800], [130.346571, 33.548334, 0, 1775047920], [130.337913, 33.550533, 0, 1775047980], [130.329534, 33.552724, 0, 1775048100], [130.321122, 33.555156, 0, 1775048160]]}}, {"type": "Feature", "properties": {"trip_id": "七隈線_平日_1_072", "route_id": "七隈線", "route_color": "#009157", "route_type": "1", "trip_headsign": "橋本"}, "geometry": {"type": "LineString", "coordinates": [[130.420616, 33.59013, 0, 1775046900], [130.411583, 33.591333, 0, 1775047020], [130.401717, 33.58824, 0, 1775047140], [130.404947, 33.583968, 0, 1775047260], [130.401825, 33.581805, 0, 1775047380], [130.396203, 33.580392, 0, 1775047440], [130.386858, 33.577326, 0, 1775047560], [130.377331, 33.577693, 0, 1775047680], [130.369638, 33.574207, 0, 1775047740], [130.3654, 33.566099, 0, 1775047860], [130.361538, 33.559331, 0, 1775047980], [130.361667, 33.553207, 0, 1775048040], [130.362225, 33.547511, 0, 1775048160], [130.354993, 33.545839, 0, 1775048280], [130.346571, 33.548334, 0, 1775048340], [130.337913, 33.550533, 0, 1775048460], [130.329534, 33.552724, 0, 1775048520], [130.321122, 33.555156, 0, 1775048640]]}}, {"type": "Feature", "properties": {"trip_id": "七隈線_平日_1_073", "route_id": "七隈線", "route_color": "#009157", "route_type": "1", "trip_headsign": "橋本"}, "geometry": {"type": "LineString", "coordinates": [[130.420616, 33.59013, 0, 1775047320], [130.411583, 33.591333, 0, 1775047440], [130.401717, 33.58824, 0, 1775047560], [130.404947, 33.583968, 0, 1775047680], [130.401825, 33.581805, 0, 1775047800], [130.396203, 33.580392, 0, 1775047860], [130.386858, 33.577326, 0, 1775047980], [130.377331, 33.577693, 0, 1775048100], [130.369638, 33.574207, 0, 1775048220], [130.3654, 33.566099, 0, 1775048340], [130.361538, 33.559331, 0, 1775048400], [130.361667, 33.553207, 0, 1775048520], [130.362225, 33.547511, 0, 1775048580], [130.354993, 33.545839, 0, 1775048700], [130.346571, 33.548334, 0, 1775048820], [130.337913, 33.550533, 0, 1775048880], [130.329534, 33.552724, 0, 1775049000], [130.321122, 33.555156, 0, 1775049060]]}}, {"type": "Feature", "properties": {"trip_id": "七隈線_平日_1_074", "route_id": "七隈線", "route_color": "#009157", "route_type": "1", "trip_headsign": "橋本"}, "geometry": {"type": "LineString", "coordinates": [[130.420616, 33.59013, 0, 1775047800], [130.411583, 33.591333, 0, 1775047920], [130.401717, 33.58824, 0, 1775048040], [130.404947, 33.583968, 0, 1775048160], [130.401825, 33.581805, 0, 1775048280], [130.396203, 33.580392, 0, 1775048340], [130.386858, 33.577326, 0, 1775048460], [130.377331, 33.577693, 0, 1775048580], [130.369638, 33.574207, 0, 1775048640], [130.3654, 33.566099, 0, 1775048760], [130.361538, 33.559331, 0, 1775048880], [130.361667, 33.553207, 0, 1775048940], [130.362225, 33.547511, 0, 1775049060], [130.354993, 33.545839, 0, 1775049180], [130.346571, 33.548334, 0, 1775049240], [130.337913, 33.550533, 0, 1775049360], [130.329534, 33.552724, 0, 1775049420], [130.321122, 33.555156, 0, 1775049540]]}}, {"type": "Feature", "properties": {"trip_id": "七隈線_平日_1_075", "route_id": "七隈線", "route_color": "#009157", "route_type": "1", "trip_headsign": "橋本"}, "geometry": {"type": "LineString", "coordinates": [[130.420616, 33.59013, 0, 1775048220], [130.411583, 33.591333, 0, 1775048340], [130.401717, 33.58824, 0, 1775048460], [130.404947, 33.583968, 0, 1775048580], [130.401825, 33.581805, 0, 1775048700], [130.396203, 33.580392, 0, 1775048760], [130.386858, 33.577326, 0, 1775048880], [130.377331, 33.577693, 0, 1775049000], [130.369638, 33.574207, 0, 1775049120], [130.3654, 33.566099, 0, 1775049240], [130.361538, 33.559331, 0, 1775049300], [130.361667, 33.553207, 0, 1775049420], [130.362225, 33.547511, 0, 1775049480], [130.354993, 33.545839, 0, 1775049600], [130.346571, 33.548334, 0, 1775049720], [130.337913, 33.550533, 0, 1775049780], [130.329534, 33.552724, 0, 1775049900], [130.321122, 33.555156, 0, 1775049960]]}}, {"type": "Feature", "properties": {"trip_id": "七隈線_平日_1_076", "route_id": "七隈線", "route_color": "#009157", "route_type": "1", "trip_headsign": "橋本"}, "geometry": {"type": "LineString", "coordinates": [[130.420616, 33.59013, 0, 1775048700], [130.411583, 33.591333, 0, 1775048820], [130.401717, 33.58824, 0, 1775048940], [130.404947, 33.583968, 0, 1775049060], [130.401825, 33.581805, 0, 1775049180], [130.396203, 33.580392, 0, 1775049240], [130.386858, 33.577326, 0, 1775049360], [130.377331, 33.577693, 0, 1775049480], [130.369638, 33.574207, 0, 1775049540], [130.3654, 33.566099, 0, 1775049660], [130.361538, 33.559331, 0, 1775049780], [130.361667, 33.553207, 0, 1775049840], [130.362225, 33.547511, 0, 1775049960], [130.354993, 33.545839, 0, 1775050080], [130.346571, 33.548334, 0, 1775050140], [130.337913, 33.550533, 0, 1775050260], [130.329534, 33.552724, 0, 1775050320], [130.321122, 33.555156, 0, 1775050440]]}}, {"type": "Feature", "properties": {"trip_id": "七隈線_平日_1_077", "route_id": "七隈線", "route_color": "#009157", "route_type": "1", "trip_headsign": "橋本"}, "geometry": {"type": "LineString", "coordinates": [[130.420616, 33.59013, 0, 1775049120], [130.411583, 33.591333, 0, 1775049240], [130.401717, 33.58824, 0, 1775049360], [130.404947, 33.583968, 0, 1775049480], [130.401825, 33.581805, 0, 1775049600], [130.396203, 33.580392, 0, 1775049660], [130.386858, 33.577326, 0, 1775049780], [130.377331, 33.577693, 0, 1775049900], [130.369638, 33.574207, 0, 1775050020], [130.3654, 33.566099, 0, 1775050140], [130.361538, 33.559331, 0, 1775050200], [130.361667, 33.553207, 0, 1775050320], [130.362225, 33.547511, 0, 1775050380], [130.354993, 33.545839, 0, 1775050500], [130.346571, 33.548334, 0, 1775050620], [130.337913, 33.550533, 0, 1775050680], [130.329534, 33.552724, 0, 1775050800], [130.321122, 33.555156, 0, 1775050860]]}}, {"type": "Feature", "properties": {"trip_id": "七隈線_平日_1_078", "route_id": "七隈線", "route_color": "#009157", "route_type": "1", "trip_headsign": "橋本"}, "geometry": {"type": "LineString", "coordinates": [[130.420616, 33.59013, 0, 1775049600], [130.411583, 33.591333, 0, 1775049720], [130.401717, 33.58824, 0, 1775049840], [130.404947, 33.583968, 0, 1775049960], [130.401825, 33.581805, 0, 1775050080], [130.396203, 33.580392, 0, 1775050140], [130.386858, 33.577326, 0, 1775050260], [130.377331, 33.577693, 0, 1775050380], [130.369638, 33.574207, 0, 1775050440], [130.3654, 33.566099, 0, 1775050560], [130.361538, 33.559331, 0, 1775050680], [130.361667, 33.553207, 0, 1775050740], [130.362225, 33.547511, 0, 1775050860], [130.354993, 33.545839, 0, 1775050980], [130.346571, 33.548334, 0, 1775051040], [130.337913, 33.550533, 0, 1775051160], [130.329534, 33.552724, 0, 1775051220], [130.321122, 33.555156, 0, 1775051340]]}}, {"type": "Feature", "properties": {"trip_id": "七隈線_平日_1_079", "route_id": "七隈線", "route_color": "#009157", "route_type": "1", "trip_headsign": "橋本"}, "geometry": {"type": "LineString", "coordinates": [[130.420616, 33.59013, 0, 1775050020], [130.411583, 33.591333, 0, 1775050140], [130.401717, 33.58824, 0, 1775050260], [130.404947, 33.583968, 0, 1775050380], [130.401825, 33.581805, 0, 1775050500], [130.396203, 33.580392, 0, 1775050560], [130.386858, 33.577326, 0, 1775050680], [130.377331, 33.577693, 0, 1775050800], [130.369638, 33.574207, 0, 1775050920], [130.3654, 33.566099, 0, 1775051040], [130.361538, 33.559331, 0, 1775051100], [130.361667, 33.553207, 0, 1775051220], [130.362225, 33.547511, 0, 1775051280], [130.354993, 33.545839, 0, 1775051400], [130.346571, 33.548334, 0, 1775051520], [130.337913, 33.550533, 0, 1775051580], [130.329534, 33.552724, 0, 1775051700], [130.321122, 33.555156, 0, 1775051760]]}}, {"type": "Feature", "properties": {"trip_id": "七隈線_平日_1_080", "route_id": "七隈線", "route_color": "#009157", "route_type": "1", "trip_headsign": "橋本"}, "geometry": {"type": "LineString", "coordinates": [[130.420616, 33.59013, 0, 1775050500], [130.411583, 33.591333, 0, 1775050620], [130.401717, 33.58824, 0, 1775050740], [130.404947, 33.583968, 0, 1775050860], [130.401825, 33.581805, 0, 1775050980], [130.396203, 33.580392, 0, 1775051040], [130.386858, 33.577326, 0, 1775051160], [130.377331, 33.577693, 0, 1775051280], [130.369638, 33.574207, 0, 1775051340], [130.3654, 33.566099, 0, 1775051460], [130.361538, 33.559331, 0, 1775051580], [130.361667, 33.553207, 0, 1775051640], [130.362225, 33.547511, 0, 1775051760], [130.354993, 33.545839, 0, 1775051880], [130.346571, 33.548334, 0, 1775051940], [130.337913, 33.550533, 0, 1775052060], [130.329534, 33.552724, 0, 1775052120], [130.321122, 33.555156, 0, 1775052240]]}}, {"type": "Feature", "properties": {"trip_id": "七隈線_平日_1_081", "route_id": "七隈線", "route_color": "#009157", "route_type": "1", "trip_headsign": "橋本"}, "geometry": {"type": "LineString", "coordinates": [[130.420616, 33.59013, 0, 1775050920], [130.411583, 33.591333, 0, 1775051040], [130.401717, 33.58824, 0, 1775051160], [130.404947, 33.583968, 0, 1775051280], [130.401825, 33.581805, 0, 1775051400], [130.396203, 33.580392, 0, 1775051460], [130.386858, 33.577326, 0, 1775051580], [130.377331, 33.577693, 0, 1775051700], [130.369638, 33.574207, 0, 1775051820], [130.3654, 33.566099, 0, 1775051940], [130.361538, 33.559331, 0, 1775052000], [130.361667, 33.553207, 0, 1775052120], [130.362225, 33.547511, 0, 1775052180], [130.354993, 33.545839, 0, 1775052300], [130.346571, 33.548334, 0, 1775052420], [130.337913, 33.550533, 0, 1775052480], [130.329534, 33.552724, 0, 1775052600], [130.321122, 33.555156, 0, 1775052660]]}}, {"type": "Feature", "properties": {"trip_id": "七隈線_平日_1_082", "route_id": "七隈線", "route_color": "#009157", "route_type": "1", "trip_headsign": "橋本"}, "geometry": {"type": "LineString", "coordinates": [[130.420616, 33.59013, 0, 1775051400], [130.411583, 33.591333, 0, 1775051520], [130.401717, 33.58824, 0, 1775051640], [130.404947, 33.583968, 0, 1775051760], [130.401825, 33.581805, 0, 1775051880], [130.396203, 33.580392, 0, 1775051940], [130.386858, 33.577326, 0, 1775052060], [130.377331, 33.577693, 0, 1775052180], [130.369638, 33.574207, 0, 1775052240], [130.3654, 33.566099, 0, 1775052360], [130.361538, 33.559331, 0, 1775052480], [130.361667, 33.553207, 0, 1775052540], [130.362225, 33.547511, 0, 1775052660], [130.354993, 33.545839, 0, 1775052780], [130.346571, 33.548334, 0, 1775052840], [130.337913, 33.550533, 0, 1775052960], [130.329534, 33.552724, 0, 1775053020], [130.321122, 33.555156, 0, 1775053140]]}}, {"type": "Feature", "properties": {"trip_id": "七隈線_平日_1_083", "route_id": "七隈線", "route_color": "#009157", "route_type": "1", "trip_headsign": "橋本"}, "geometry": {"type": "LineString", "coordinates": [[130.420616, 33.59013, 0, 1775051820], [130.411583, 33.591333, 0, 1775051940], [130.401717, 33.58824, 0, 1775052060], [130.404947, 33.583968, 0, 1775052180], [130.401825, 33.581805, 0, 1775052300], [130.396203, 33.580392, 0, 1775052360], [130.386858, 33.577326, 0, 1775052480], [130.377331, 33.577693, 0, 1775052600], [130.369638, 33.574207, 0, 1775052720], [130.3654, 33.566099, 0, 1775052840], [130.361538, 33.559331, 0, 1775052900], [130.361667, 33.553207, 0, 1775053020], [130.362225, 33.547511, 0, 1775053080], [130.354993, 33.545839, 0, 1775053200], [130.346571, 33.548334, 0, 1775053260], [130.337913, 33.550533, 0, 1775053380], [130.329534, 33.552724, 0, 1775053440], [130.321122, 33.555156, 0, 1775053560]]}}, {"type": "Feature", "properties": {"trip_id": "七隈線_平日_1_084", "route_id": "七隈線", "route_color": "#009157", "route_type": "1", "trip_headsign": "橋本"}, "geometry": {"type": "LineString", "coordinates": [[130.420616, 33.59013, 0, 1775052240], [130.411583, 33.591333, 0, 1775052360], [130.401717, 33.58824, 0, 1775052480], [130.404947, 33.583968, 0, 1775052600], [130.401825, 33.581805, 0, 1775052720], [130.396203, 33.580392, 0, 1775052780], [130.386858, 33.577326, 0, 1775052900], [130.377331, 33.577693, 0, 1775053020], [130.369638, 33.574207, 0, 1775053140], [130.3654, 33.566099, 0, 1775053260], [130.361538, 33.559331, 0, 1775053320], [130.361667, 33.553207, 0, 1775053440], [130.362225, 33.547511, 0, 1775053500], [130.354993, 33.545839, 0, 1775053620], [130.346571, 33.548334, 0, 1775053680], [130.337913, 33.550533, 0, 1775053800], [130.329534, 33.552724, 0, 1775053860], [130.321122, 33.555156, 0, 1775053980]]}}, {"type": "Feature", "properties": {"trip_id": "七隈線_平日_1_085", "route_id": "七隈線", "route_color": "#009157", "route_type": "1", "trip_headsign": "橋本"}, "geometry": {"type": "LineString", "coordinates": [[130.420616, 33.59013, 0, 1775052720], [130.411583, 33.591333, 0, 1775052840], [130.401717, 33.58824, 0, 1775052960], [130.404947, 33.583968, 0, 1775053080], [130.401825, 33.581805, 0, 1775053200], [130.396203, 33.580392, 0, 1775053260], [130.386858, 33.577326, 0, 1775053380], [130.377331, 33.577693, 0, 1775053500], [130.369638, 33.574207, 0, 1775053620], [130.3654, 33.566099, 0, 1775053740], [130.361538, 33.559331, 0, 1775053800], [130.361667, 33.553207, 0, 1775053920], [130.362225, 33.547511, 0, 1775053980], [130.354993, 33.545839, 0, 1775054100], [130.346571, 33.548334, 0, 1775054160], [130.337913, 33.550533, 0, 1775054280], [130.329534, 33.552724, 0, 1775054340], [130.321122, 33.555156, 0, 1775054460]]}}, {"type": "Feature", "properties": {"trip_id": "七隈線_平日_1_086", "route_id": "七隈線", "route_color": "#009157", "route_type": "1", "trip_headsign": "橋本"}, "geometry": {"type": "LineString", "coordinates": [[130.420616, 33.59013, 0, 1775053200], [130.411583, 33.591333, 0, 1775053320], [130.401717, 33.58824, 0, 1775053440], [130.404947, 33.583968, 0, 1775053560], [130.401825, 33.581805, 0, 1775053680], [130.396203, 33.580392, 0, 1775053740], [130.386858, 33.577326, 0, 1775053860], [130.377331, 33.577693, 0, 1775053980], [130.369638, 33.574207, 0, 1775054040], [130.3654, 33.566099, 0, 1775054160], [130.361538, 33.559331, 0, 1775054280], [130.361667, 33.553207, 0, 1775054340], [130.362225, 33.547511, 0, 1775054460], [130.354993, 33.545839, 0, 1775054580], [130.346571, 33.548334, 0, 1775054640], [130.337913, 33.550533, 0, 1775054760], [130.329534, 33.552724, 0, 1775054820], [130.321122, 33.555156, 0, 1775054940]]}}, {"type": "Feature", "properties": {"trip_id": "七隈線_平日_1_087", "route_id": "七隈線", "route_color": "#009157", "route_type": "1", "trip_headsign": "橋本"}, "geometry": {"type": "LineString", "coordinates": [[130.420616, 33.59013, 0, 1775053620], [130.411583, 33.591333, 0, 1775053740], [130.401717, 33.58824, 0, 1775053860], [130.404947, 33.583968, 0, 1775053980], [130.401825, 33.581805, 0, 1775054100], [130.396203, 33.580392, 0, 1775054160], [130.386858, 33.577326, 0, 1775054280], [130.377331, 33.577693, 0, 1775054400], [130.369638, 33.574207, 0, 1775054520], [130.3654, 33.566099, 0, 1775054640], [130.361538, 33.559331, 0, 1775054700], [130.361667, 33.553207, 0, 1775054820], [130.362225, 33.547511, 0, 1775054880], [130.354993, 33.545839, 0, 1775055000], [130.346571, 33.548334, 0, 1775055120], [130.337913, 33.550533, 0, 1775055180], [130.329534, 33.552724, 0, 1775055300], [130.321122, 33.555156, 0, 1775055360]]}}, {"type": "Feature", "properties": {"trip_id": "七隈線_平日_1_088", "route_id": "七隈線", "route_color": "#009157", "route_type": "1", "trip_headsign": "橋本"}, "geometry": {"type": "LineString", "coordinates": [[130.420616, 33.59013, 0, 1775054100], [130.411583, 33.591333, 0, 1775054220], [130.401717, 33.58824, 0, 1775054340], [130.404947, 33.583968, 0, 1775054460], [130.401825, 33.581805, 0, 1775054580], [130.396203, 33.580392, 0, 1775054640], [130.386858, 33.577326, 0, 1775054760], [130.377331, 33.577693, 0, 1775054880], [130.369638, 33.574207, 0, 1775054940], [130.3654, 33.566099, 0, 1775055060], [130.361538, 33.559331, 0, 1775055180], [130.361667, 33.553207, 0, 1775055240], [130.362225, 33.547511, 0, 1775055360], [130.354993, 33.545839, 0, 1775055480], [130.346571, 33.548334, 0, 1775055540], [130.337913, 33.550533, 0, 1775055660], [130.329534, 33.552724, 0, 1775055720], [130.321122, 33.555156, 0, 1775055840]]}}, {"type": "Feature", "properties": {"trip_id": "七隈線_平日_1_089", "route_id": "七隈線", "route_color": "#009157", "route_type": "1", "trip_headsign": "橋本"}, "geometry": {"type": "LineString", "coordinates": [[130.420616, 33.59013, 0, 1775054520], [130.411583, 33.591333, 0, 1775054640], [130.401717, 33.58824, 0, 1775054760], [130.404947, 33.583968, 0, 1775054880], [130.401825, 33.581805, 0, 1775055000], [130.396203, 33.580392, 0, 1775055060], [130.386858, 33.577326, 0, 1775055180], [130.377331, 33.577693, 0, 1775055300], [130.369638, 33.574207, 0, 1775055420], [130.3654, 33.566099, 0, 1775055540], [130.361538, 33.559331, 0, 1775055600], [130.361667, 33.553207, 0, 1775055720], [130.362225, 33.547511, 0, 1775055780], [130.354993, 33.545839, 0, 1775055900], [130.346571, 33.548334, 0, 1775056020], [130.337913, 33.550533, 0, 1775056080], [130.329534, 33.552724, 0, 1775056200], [130.321122, 33.555156, 0, 1775056260]]}}, {"type": "Feature", "properties": {"trip_id": "七隈線_平日_1_090", "route_id": "七隈線", "route_color": "#009157", "route_type": "1", "trip_headsign": "橋本"}, "geometry": {"type": "LineString", "coordinates": [[130.420616, 33.59013, 0, 1775055000], [130.411583, 33.591333, 0, 1775055120], [130.401717, 33.58824, 0, 1775055240], [130.404947, 33.583968, 0, 1775055360], [130.401825, 33.581805, 0, 1775055480], [130.396203, 33.580392, 0, 1775055540], [130.386858, 33.577326, 0, 1775055660], [130.377331, 33.577693, 0, 1775055780], [130.369638, 33.574207, 0, 1775055840], [130.3654, 33.566099, 0, 1775055960], [130.361538, 33.559331, 0, 1775056080], [130.361667, 33.553207, 0, 1775056140], [130.362225, 33.547511, 0, 1775056260], [130.354993, 33.545839, 0, 1775056380], [130.346571, 33.548334, 0, 1775056440], [130.337913, 33.550533, 0, 1775056560], [130.329534, 33.552724, 0, 1775056620], [130.321122, 33.555156, 0, 1775056740]]}}, {"type": "Feature", "properties": {"trip_id": "七隈線_平日_1_091", "route_id": "七隈線", "route_color": "#009157", "route_type": "1", "trip_headsign": "橋本"}, "geometry": {"type": "LineString", "coordinates": [[130.420616, 33.59013, 0, 1775055420], [130.411583, 33.591333, 0, 1775055540], [130.401717, 33.58824, 0, 1775055660], [130.404947, 33.583968, 0, 1775055780], [130.401825, 33.581805, 0, 1775055900], [130.396203, 33.580392, 0, 1775055960], [130.386858, 33.577326, 0, 1775056080], [130.377331, 33.577693, 0, 1775056200], [130.369638, 33.574207, 0, 1775056320], [130.3654, 33.566099, 0, 1775056440], [130.361538, 33.559331, 0, 1775056500], [130.361667, 33.553207, 0, 1775056620], [130.362225, 33.547511, 0, 1775056680], [130.354993, 33.545839, 0, 1775056800], [130.346571, 33.548334, 0, 1775056920], [130.337913, 33.550533, 0, 1775056980], [130.329534, 33.552724, 0, 1775057100], [130.321122, 33.555156, 0, 1775057160]]}}, {"type": "Feature", "properties": {"trip_id": "七隈線_平日_1_092", "route_id": "七隈線", "route_color": "#009157", "route_type": "1", "trip_headsign": "橋本"}, "geometry": {"type": "LineString", "coordinates": [[130.420616, 33.59013, 0, 1775055900], [130.411583, 33.591333, 0, 1775056020], [130.401717, 33.58824, 0, 1775056140], [130.404947, 33.583968, 0, 1775056260], [130.401825, 33.581805, 0, 1775056380], [130.396203, 33.580392, 0, 1775056440], [130.386858, 33.577326, 0, 1775056560], [130.377331, 33.577693, 0, 1775056680], [130.369638, 33.574207, 0, 1775056740], [130.3654, 33.566099, 0, 1775056860], [130.361538, 33.559331, 0, 1775056980], [130.361667, 33.553207, 0, 1775057040], [130.362225, 33.547511, 0, 1775057160], [130.354993, 33.545839, 0, 1775057280], [130.346571, 33.548334, 0, 1775057340], [130.337913, 33.550533, 0, 1775057460], [130.329534, 33.552724, 0, 1775057520], [130.321122, 33.555156, 0, 1775057640]]}}, {"type": "Feature", "properties": {"trip_id": "七隈線_平日_1_093", "route_id": "七隈線", "route_color": "#009157", "route_type": "1", "trip_headsign": "橋本"}, "geometry": {"type": "LineString", "coordinates": [[130.420616, 33.59013, 0, 1775056320], [130.411583, 33.591333, 0, 1775056380], [130.401717, 33.58824, 0, 1775056560], [130.404947, 33.583968, 0, 1775056620], [130.401825, 33.581805, 0, 1775056740], [130.396203, 33.580392, 0, 1775056860], [130.386858, 33.577326, 0, 1775056980], [130.377331, 33.577693, 0, 1775057100], [130.369638, 33.574207, 0, 1775057160], [130.3654, 33.566099, 0, 1775057280], [130.361538, 33.559331, 0, 1775057400], [130.361667, 33.553207, 0, 1775057460], [130.362225, 33.547511, 0, 1775057580], [130.354993, 33.545839, 0, 1775057640], [130.346571, 33.548334, 0, 1775057760], [130.337913, 33.550533, 0, 1775057820], [130.329534, 33.552724, 0, 1775057940], [130.321122, 33.555156, 0, 1775058060]]}}, {"type": "Feature", "properties": {"trip_id": "七隈線_平日_1_094", "route_id": "七隈線", "route_color": "#009157", "route_type": "1", "trip_headsign": "橋本"}, "geometry": {"type": "LineString", "coordinates": [[130.420616, 33.59013, 0, 1775056800], [130.411583, 33.591333, 0, 1775056860], [130.401717, 33.58824, 0, 1775057040], [130.404947, 33.583968, 0, 1775057100], [130.401825, 33.581805, 0, 1775057220], [130.396203, 33.580392, 0, 1775057340], [130.386858, 33.577326, 0, 1775057460], [130.377331, 33.577693, 0, 1775057580], [130.369638, 33.574207, 0, 1775057640], [130.3654, 33.566099, 0, 1775057760], [130.361538, 33.559331, 0, 1775057880], [130.361667, 33.553207, 0, 1775057940], [130.362225, 33.547511, 0, 1775058060], [130.354993, 33.545839, 0, 1775058120], [130.346571, 33.548334, 0, 1775058240], [130.337913, 33.550533, 0, 1775058300], [130.329534, 33.552724, 0, 1775058420], [130.321122, 33.555156, 0, 1775058540]]}}, {"type": "Feature", "properties": {"trip_id": "七隈線_平日_1_095", "route_id": "七隈線", "route_color": "#009157", "route_type": "1", "trip_headsign": "橋本"}, "geometry": {"type": "LineString", "coordinates": [[130.420616, 33.59013, 0, 1775057280], [130.411583, 33.591333, 0, 1775057340], [130.401717, 33.58824, 0, 1775057520], [130.404947, 33.583968, 0, 1775057580], [130.401825, 33.581805, 0, 1775057700], [130.396203, 33.580392, 0, 1775057820], [130.386858, 33.577326, 0, 1775057940], [130.377331, 33.577693, 0, 1775058060], [130.369638, 33.574207, 0, 1775058120], [130.3654, 33.566099, 0, 1775058240], [130.361538, 33.559331, 0, 1775058360], [130.361667, 33.553207, 0, 1775058420], [130.362225, 33.547511, 0, 1775058540], [130.354993, 33.545839, 0, 1775058600], [130.346571, 33.548334, 0, 1775058720], [130.337913, 33.550533, 0, 1775058780], [130.329534, 33.552724, 0, 1775058900], [130.321122, 33.555156, 0, 1775059020]]}}, {"type": "Feature", "properties": {"trip_id": "七隈線_平日_1_096", "route_id": "七隈線", "route_color": "#009157", "route_type": "1", "trip_headsign": "橋本"}, "geometry": {"type": "LineString", "coordinates": [[130.420616, 33.59013, 0, 1775057700], [130.411583, 33.591333, 0, 1775057820], [130.401717, 33.58824, 0, 1775057940], [130.404947, 33.583968, 0, 1775058060], [130.401825, 33.581805, 0, 1775058180], [130.396203, 33.580392, 0, 1775058240], [130.386858, 33.577326, 0, 1775058360], [130.377331, 33.577693, 0, 1775058480], [130.369638, 33.574207, 0, 1775058540], [130.3654, 33.566099, 0, 1775058660], [130.361538, 33.559331, 0, 1775058780], [130.361667, 33.553207, 0, 1775058840], [130.362225, 33.547511, 0, 1775058960], [130.354993, 33.545839, 0, 1775059080], [130.346571, 33.548334, 0, 1775059140], [130.337913, 33.550533, 0, 1775059260], [130.329534, 33.552724, 0, 1775059320], [130.321122, 33.555156, 0, 1775059440]]}}, {"type": "Feature", "properties": {"trip_id": "七隈線_平日_1_097", "route_id": "七隈線", "route_color": "#009157", "route_type": "1", "trip_headsign": "橋本"}, "geometry": {"type": "LineString", "coordinates": [[130.420616, 33.59013, 0, 1775058120], [130.411583, 33.591333, 0, 1775058240], [130.401717, 33.58824, 0, 1775058360], [130.404947, 33.583968, 0, 1775058480], [130.401825, 33.581805, 0, 1775058600], [130.396203, 33.580392, 0, 1775058660], [130.386858, 33.577326, 0, 1775058780], [130.377331, 33.577693, 0, 1775058900], [130.369638, 33.574207, 0, 1775059020], [130.3654, 33.566099, 0, 1775059140], [130.361538, 33.559331, 0, 1775059200], [130.361667, 33.553207, 0, 1775059320], [130.362225, 33.547511, 0, 1775059380], [130.354993, 33.545839, 0, 1775059500], [130.346571, 33.548334, 0, 1775059560], [130.337913, 33.550533, 0, 1775059680], [130.329534, 33.552724, 0, 1775059740], [130.321122, 33.555156, 0, 1775059860]]}}, {"type": "Feature", "properties": {"trip_id": "七隈線_平日_1_098", "route_id": "七隈線", "route_color": "#009157", "route_type": "1", "trip_headsign": "橋本"}, "geometry": {"type": "LineString", "coordinates": [[130.420616, 33.59013, 0, 1775058600], [130.411583, 33.591333, 0, 1775058660], [130.401717, 33.58824, 0, 1775058840], [130.404947, 33.583968, 0, 1775058900], [130.401825, 33.581805, 0, 1775059020], [130.396203, 33.580392, 0, 1775059140], [130.386858, 33.577326, 0, 1775059260], [130.377331, 33.577693, 0, 1775059380], [130.369638, 33.574207, 0, 1775059440], [130.3654, 33.566099, 0, 1775059560], [130.361538, 33.559331, 0, 1775059680], [130.361667, 33.553207, 0, 1775059740], [130.362225, 33.547511, 0, 1775059860], [130.354993, 33.545839, 0, 1775059920], [130.346571, 33.548334, 0, 1775060040], [130.337913, 33.550533, 0, 1775060100], [130.329534, 33.552724, 0, 1775060220], [130.321122, 33.555156, 0, 1775060340]]}}, {"type": "Feature", "properties": {"trip_id": "七隈線_平日_1_099", "route_id": "七隈線", "route_color": "#009157", "route_type": "1", "trip_headsign": "橋本"}, "geometry": {"type": "LineString", "coordinates": [[130.420616, 33.59013, 0, 1775059020], [130.411583, 33.591333, 0, 1775059140], [130.401717, 33.58824, 0, 1775059260], [130.404947, 33.583968, 0, 1775059380], [130.401825, 33.581805, 0, 1775059500], [130.396203, 33.580392, 0, 1775059560], [130.386858, 33.577326, 0, 1775059680], [130.377331, 33.577693, 0, 1775059800], [130.369638, 33.574207, 0, 1775059920], [130.3654, 33.566099, 0, 1775060040], [130.361538, 33.559331, 0, 1775060100], [130.361667, 33.553207, 0, 1775060220], [130.362225, 33.547511, 0, 1775060280], [130.354993, 33.545839, 0, 1775060400], [130.346571, 33.548334, 0, 1775060460], [130.337913, 33.550533, 0, 1775060580], [130.329534, 33.552724, 0, 1775060640], [130.321122, 33.555156, 0, 1775060760]]}}, {"type": "Feature", "properties": {"trip_id": "七隈線_平日_1_100", "route_id": "七隈線", "route_color": "#009157", "route_type": "1", "trip_headsign": "橋本"}, "geometry": {"type": "LineString", "coordinates": [[130.420616, 33.59013, 0, 1775059500], [130.411583, 33.591333, 0, 1775059560], [130.401717, 33.58824, 0, 1775059740], [130.404947, 33.583968, 0, 1775059800], [130.401825, 33.581805, 0, 1775059920], [130.396203, 33.580392, 0, 1775060040], [130.386858, 33.577326, 0, 1775060160], [130.377331, 33.577693, 0, 1775060280], [130.369638, 33.574207, 0, 1775060340], [130.3654, 33.566099, 0, 1775060460], [130.361538, 33.559331, 0, 1775060580], [130.361667, 33.553207, 0, 1775060640], [130.362225, 33.547511, 0, 1775060760], [130.354993, 33.545839, 0, 1775060820], [130.346571, 33.548334, 0, 1775060940], [130.337913, 33.550533, 0, 1775061000], [130.329534, 33.552724, 0, 1775061120], [130.321122, 33.555156, 0, 1775061240]]}}, {"type": "Feature", "properties": {"trip_id": "七隈線_平日_1_101", "route_id": "七隈線", "route_color": "#009157", "route_type": "1", "trip_headsign": "橋本"}, "geometry": {"type": "LineString", "coordinates": [[130.420616, 33.59013, 0, 1775059920], [130.411583, 33.591333, 0, 1775060040], [130.401717, 33.58824, 0, 1775060160], [130.404947, 33.583968, 0, 1775060280], [130.401825, 33.581805, 0, 1775060400], [130.396203, 33.580392, 0, 1775060460], [130.386858, 33.577326, 0, 1775060580], [130.377331, 33.577693, 0, 1775060700], [130.369638, 33.574207, 0, 1775060820], [130.3654, 33.566099, 0, 1775060940], [130.361538, 33.559331, 0, 1775061000], [130.361667, 33.553207, 0, 1775061120], [130.362225, 33.547511, 0, 1775061180], [130.354993, 33.545839, 0, 1775061300], [130.346571, 33.548334, 0, 1775061360], [130.337913, 33.550533, 0, 1775061480], [130.329534, 33.552724, 0, 1775061540], [130.321122, 33.555156, 0, 1775061660]]}}, {"type": "Feature", "properties": {"trip_id": "七隈線_平日_1_102", "route_id": "七隈線", "route_color": "#009157", "route_type": "1", "trip_headsign": "橋本"}, "geometry": {"type": "LineString", "coordinates": [[130.420616, 33.59013, 0, 1775060340], [130.411583, 33.591333, 0, 1775060400], [130.401717, 33.58824, 0, 1775060580], [130.404947, 33.583968, 0, 1775060640], [130.401825, 33.581805, 0, 1775060760], [130.396203, 33.580392, 0, 1775060880], [130.386858, 33.577326, 0, 1775061000], [130.377331, 33.577693, 0, 1775061120], [130.369638, 33.574207, 0, 1775061180], [130.3654, 33.566099, 0, 1775061300], [130.361538, 33.559331, 0, 1775061420], [130.361667, 33.553207, 0, 1775061480], [130.362225, 33.547511, 0, 1775061600], [130.354993, 33.545839, 0, 1775061660], [130.346571, 33.548334, 0, 1775061780], [130.337913, 33.550533, 0, 1775061840], [130.329534, 33.552724, 0, 1775061960], [130.321122, 33.555156, 0, 1775062080]]}}, {"type": "Feature", "properties": {"trip_id": "七隈線_平日_1_103", "route_id": "七隈線", "route_color": "#009157", "route_type": "1", "trip_headsign": "橋本"}, "geometry": {"type": "LineString", "coordinates": [[130.420616, 33.59013, 0, 1775060700], [130.411583, 33.591333, 0, 1775060760], [130.401717, 33.58824, 0, 1775060940], [130.404947, 33.583968, 0, 1775061000], [130.401825, 33.581805, 0, 1775061120], [130.396203, 33.580392, 0, 1775061240], [130.386858, 33.577326, 0, 1775061360], [130.377331, 33.577693, 0, 1775061480], [130.369638, 33.574207, 0, 1775061540], [130.3654, 33.566099, 0, 1775061660], [130.361538, 33.559331, 0, 1775061780], [130.361667, 33.553207, 0, 1775061840], [130.362225, 33.547511, 0, 1775061960], [130.354993, 33.545839, 0, 1775062020], [130.346571, 33.548334, 0, 1775062140], [130.337913, 33.550533, 0, 1775062200], [130.329534, 33.552724, 0, 1775062320], [130.321122, 33.555156, 0, 1775062440]]}}, {"type": "Feature", "properties": {"trip_id": "七隈線_平日_1_104", "route_id": "七隈線", "route_color": "#009157", "route_type": "1", "trip_headsign": "橋本"}, "geometry": {"type": "LineString", "coordinates": [[130.420616, 33.59013, 0, 1775061060], [130.411583, 33.591333, 0, 1775061120], [130.401717, 33.58824, 0, 1775061300], [130.404947, 33.583968, 0, 1775061360], [130.401825, 33.581805, 0, 1775061480], [130.396203, 33.580392, 0, 1775061600], [130.386858, 33.577326, 0, 1775061720], [130.377331, 33.577693, 0, 1775061840], [130.369638, 33.574207, 0, 1775061900], [130.3654, 33.566099, 0, 1775062020], [130.361538, 33.559331, 0, 1775062140], [130.361667, 33.553207, 0, 1775062200], [130.362225, 33.547511, 0, 1775062320], [130.354993, 33.545839, 0, 1775062380], [130.346571, 33.548334, 0, 1775062500], [130.337913, 33.550533, 0, 1775062560], [130.329534, 33.552724, 0, 1775062680], [130.321122, 33.555156, 0, 1775062800]]}}, {"type": "Feature", "properties": {"trip_id": "七隈線_平日_1_105", "route_id": "七隈線", "route_color": "#009157", "route_type": "1", "trip_headsign": "橋本"}, "geometry": {"type": "LineString", "coordinates": [[130.420616, 33.59013, 0, 1775061360], [130.411583, 33.591333, 0, 1775061420], [130.401717, 33.58824, 0, 1775061600], [130.404947, 33.583968, 0, 1775061660], [130.401825, 33.581805, 0, 1775061780], [130.396203, 33.580392, 0, 1775061900], [130.386858, 33.577326, 0, 1775062020], [130.377331, 33.577693, 0, 1775062140], [130.369638, 33.574207, 0, 1775062200], [130.3654, 33.566099, 0, 1775062320], [130.361538, 33.559331, 0, 1775062440], [130.361667, 33.553207, 0, 1775062500], [130.362225, 33.547511, 0, 1775062620], [130.354993, 33.545839, 0, 1775062680], [130.346571, 33.548334, 0, 1775062800], [130.337913, 33.550533, 0, 1775062860], [130.329534, 33.552724, 0, 1775062980], [130.321122, 33.555156, 0, 1775063100]]}}, {"type": "Feature", "properties": {"trip_id": "七隈線_平日_1_106", "route_id": "七隈線", "route_color": "#009157", "route_type": "1", "trip_headsign": "橋本"}, "geometry": {"type": "LineString", "coordinates": [[130.420616, 33.59013, 0, 1775061660], [130.411583, 33.591333, 0, 1775061720], [130.401717, 33.58824, 0, 1775061900], [130.404947, 33.583968, 0, 1775061960], [130.401825, 33.581805, 0, 1775062080], [130.396203, 33.580392, 0, 1775062200], [130.386858, 33.577326, 0, 1775062320], [130.377331, 33.577693, 0, 1775062440], [130.369638, 33.574207, 0, 1775062500], [130.3654, 33.566099, 0, 1775062620], [130.361538, 33.559331, 0, 1775062740], [130.361667, 33.553207, 0, 1775062800], [130.362225, 33.547511, 0, 1775062920], [130.354993, 33.545839, 0, 1775062980], [130.346571, 33.548334, 0, 1775063100], [130.337913, 33.550533, 0, 1775063160], [130.329534, 33.552724, 0, 1775063280], [130.321122, 33.555156, 0, 1775063400]]}}, {"type": "Feature", "properties": {"trip_id": "七隈線_平日_1_107", "route_id": "七隈線", "route_color": "#009157", "route_type": "1", "trip_headsign": "橋本"}, "geometry": {"type": "LineString", "coordinates": [[130.420616, 33.59013, 0, 1775061960], [130.411583, 33.591333, 0, 1775062020], [130.401717, 33.58824, 0, 1775062200], [130.404947, 33.583968, 0, 1775062320], [130.401825, 33.581805, 0, 1775062440], [130.396203, 33.580392, 0, 1775062500], [130.386858, 33.577326, 0, 1775062620], [130.377331, 33.577693, 0, 1775062740], [130.369638, 33.574207, 0, 1775062860], [130.3654, 33.566099, 0, 1775062980], [130.361538, 33.559331, 0, 1775063040], [130.361667, 33.553207, 0, 1775063160], [130.362225, 33.547511, 0, 1775063220], [130.354993, 33.545839, 0, 1775063340], [130.346571, 33.548334, 0, 1775063400], [130.337913, 33.550533, 0, 1775063520], [130.329534, 33.552724, 0, 1775063580], [130.321122, 33.555156, 0, 1775063700]]}}, {"type": "Feature", "properties": {"trip_id": "七隈線_平日_1_108", "route_id": "七隈線", "route_color": "#009157", "route_type": "1", "trip_headsign": "橋本"}, "geometry": {"type": "LineString", "coordinates": [[130.420616, 33.59013, 0, 1775062260], [130.411583, 33.591333, 0, 1775062380], [130.401717, 33.58824, 0, 1775062500], [130.404947, 33.583968, 0, 1775062620], [130.401825, 33.581805, 0, 1775062740], [130.396203, 33.580392, 0, 1775062860], [130.386858, 33.577326, 0, 1775062980], [130.377331, 33.577693, 0, 1775063100], [130.369638, 33.574207, 0, 1775063160], [130.3654, 33.566099, 0, 1775063280], [130.361538, 33.559331, 0, 1775063400], [130.361667, 33.553207, 0, 1775063460], [130.362225, 33.547511, 0, 1775063580], [130.354993, 33.545839, 0, 1775063700], [130.346571, 33.548334, 0, 1775063760], [130.337913, 33.550533, 0, 1775063880], [130.329534, 33.552724, 0, 1775063940], [130.321122, 33.555156, 0, 1775064060]]}}, {"type": "Feature", "properties": {"trip_id": "七隈線_平日_1_109", "route_id": "七隈線", "route_color": "#009157", "route_type": "1", "trip_headsign": "橋本"}, "geometry": {"type": "LineString", "coordinates": [[130.420616, 33.59013, 0, 1775062560], [130.411583, 33.591333, 0, 1775062680], [130.401717, 33.58824, 0, 1775062800], [130.404947, 33.583968, 0, 1775062920], [130.401825, 33.581805, 0, 1775063040], [130.396203, 33.580392, 0, 1775063160], [130.386858, 33.577326, 0, 1775063280], [130.377331, 33.577693, 0, 1775063400], [130.369638, 33.574207, 0, 1775063520], [130.3654, 33.566099, 0, 1775063580], [130.361538, 33.559331, 0, 1775063700], [130.361667, 33.553207, 0, 1775063820], [130.362225, 33.547511, 0, 1775063880], [130.354993, 33.545839, 0, 1775064000], [130.346571, 33.548334, 0, 1775064120], [130.337913, 33.550533, 0, 1775064180], [130.329534, 33.552724, 0, 1775064300], [130.321122, 33.555156, 0, 1775064360]]}}, {"type": "Feature", "properties": {"trip_id": "七隈線_平日_1_110", "route_id": "七隈線", "route_color": "#009157", "route_type": "1", "trip_headsign": "橋本"}, "geometry": {"type": "LineString", "coordinates": [[130.420616, 33.59013, 0, 1775062860], [130.411583, 33.591333, 0, 1775062980], [130.401717, 33.58824, 0, 1775063100], [130.404947, 33.583968, 0, 1775063220], [130.401825, 33.581805, 0, 1775063340], [130.396203, 33.580392, 0, 1775063460], [130.386858, 33.577326, 0, 1775063580], [130.377331, 33.577693, 0, 1775063700], [130.369638, 33.574207, 0, 1775063820], [130.3654, 33.566099, 0, 1775063880], [130.361538, 33.559331, 0, 1775064000], [130.361667, 33.553207, 0, 1775064120], [130.362225, 33.547511, 0, 1775064180], [130.354993, 33.545839, 0, 1775064300], [130.346571, 33.548334, 0, 1775064420], [130.337913, 33.550533, 0, 1775064480], [130.329534, 33.552724, 0, 1775064600], [130.321122, 33.555156, 0, 1775064660]]}}, {"type": "Feature", "properties": {"trip_id": "七隈線_平日_1_111", "route_id": "七隈線", "route_color": "#009157", "route_type": "1", "trip_headsign": "橋本"}, "geometry": {"type": "LineString", "coordinates": [[130.420616, 33.59013, 0, 1775063160], [130.411583, 33.591333, 0, 1775063280], [130.401717, 33.58824, 0, 1775063400], [130.404947, 33.583968, 0, 1775063520], [130.401825, 33.581805, 0, 1775063640], [130.396203, 33.580392, 0, 1775063760], [130.386858, 33.577326, 0, 1775063880], [130.377331, 33.577693, 0, 1775064000], [130.369638, 33.574207, 0, 1775064120], [130.3654, 33.566099, 0, 1775064180], [130.361538, 33.559331, 0, 1775064300], [130.361667, 33.553207, 0, 1775064360], [130.362225, 33.547511, 0, 1775064480], [130.354993, 33.545839, 0, 1775064600], [130.346571, 33.548334, 0, 1775064660], [130.337913, 33.550533, 0, 1775064780], [130.329534, 33.552724, 0, 1775064840], [130.321122, 33.555156, 0, 1775064960]]}}, {"type": "Feature", "properties": {"trip_id": "七隈線_平日_1_112", "route_id": "七隈線", "route_color": "#009157", "route_type": "1", "trip_headsign": "橋本"}, "geometry": {"type": "LineString", "coordinates": [[130.420616, 33.59013, 0, 1775063460], [130.411583, 33.591333, 0, 1775063580], [130.401717, 33.58824, 0, 1775063700], [130.404947, 33.583968, 0, 1775063820], [130.401825, 33.581805, 0, 1775063940], [130.396203, 33.580392, 0, 1775064060], [130.386858, 33.577326, 0, 1775064180], [130.377331, 33.577693, 0, 1775064300], [130.369638, 33.574207, 0, 1775064420], [130.3654, 33.566099, 0, 1775064480], [130.361538, 33.559331, 0, 1775064600], [130.361667, 33.553207, 0, 1775064720], [130.362225, 33.547511, 0, 1775064780], [130.354993, 33.545839, 0, 1775064900], [130.346571, 33.548334, 0, 1775065020], [130.337913, 33.550533, 0, 1775065080], [130.329534, 33.552724, 0, 1775065200], [130.321122, 33.555156, 0, 1775065260]]}}, {"type": "Feature", "properties": {"trip_id": "七隈線_平日_1_113", "route_id": "七隈線", "route_color": "#009157", "route_type": "1", "trip_headsign": "橋本"}, "geometry": {"type": "LineString", "coordinates": [[130.420616, 33.59013, 0, 1775063760], [130.411583, 33.591333, 0, 1775063880], [130.401717, 33.58824, 0, 1775064000], [130.404947, 33.583968, 0, 1775064120], [130.401825, 33.581805, 0, 1775064240], [130.396203, 33.580392, 0, 1775064360], [130.386858, 33.577326, 0, 1775064480], [130.377331, 33.577693, 0, 1775064600], [130.369638, 33.574207, 0, 1775064720], [130.3654, 33.566099, 0, 1775064840], [130.361538, 33.559331, 0, 1775064900], [130.361667, 33.553207, 0, 1775065020], [130.362225, 33.547511, 0, 1775065080], [130.354993, 33.545839, 0, 1775065200], [130.346571, 33.548334, 0, 1775065320], [130.337913, 33.550533, 0, 1775065380], [130.329534, 33.552724, 0, 1775065500], [130.321122, 33.555156, 0, 1775065620]]}}, {"type": "Feature", "properties": {"trip_id": "七隈線_平日_1_114", "route_id": "七隈線", "route_color": "#009157", "route_type": "1", "trip_headsign": "橋本"}, "geometry": {"type": "LineString", "coordinates": [[130.420616, 33.59013, 0, 1775064060], [130.411583, 33.591333, 0, 1775064180], [130.401717, 33.58824, 0, 1775064300], [130.404947, 33.583968, 0, 1775064420], [130.401825, 33.581805, 0, 1775064540], [130.396203, 33.580392, 0, 1775064660], [130.386858, 33.577326, 0, 1775064780], [130.377331, 33.577693, 0, 1775064900], [130.369638, 33.574207, 0, 1775065020], [130.3654, 33.566099, 0, 1775065080], [130.361538, 33.559331, 0, 1775065200], [130.361667, 33.553207, 0, 1775065320], [130.362225, 33.547511, 0, 1775065380], [130.354993, 33.545839, 0, 1775065500], [130.346571, 33.548334, 0, 1775065620], [130.337913, 33.550533, 0, 1775065680], [130.329534, 33.552724, 0, 1775065800], [130.321122, 33.555156, 0, 1775065860]]}}, {"type": "Feature", "properties": {"trip_id": "七隈線_平日_1_115", "route_id": "七隈線", "route_color": "#009157", "route_type": "1", "trip_headsign": "橋本"}, "geometry": {"type": "LineString", "coordinates": [[130.420616, 33.59013, 0, 1775064360], [130.411583, 33.591333, 0, 1775064480], [130.401717, 33.58824, 0, 1775064600], [130.404947, 33.583968, 0, 1775064720], [130.401825, 33.581805, 0, 1775064840], [130.396203, 33.580392, 0, 1775064960], [130.386858, 33.577326, 0, 1775065080], [130.377331, 33.577693, 0, 1775065200], [130.369638, 33.574207, 0, 1775065320], [130.3654, 33.566099, 0, 1775065380], [130.361538, 33.559331, 0, 1775065500], [130.361667, 33.553207, 0, 1775065560], [130.362225, 33.547511, 0, 1775065680], [130.354993, 33.545839, 0, 1775065800], [130.346571, 33.548334, 0, 1775065860], [130.337913, 33.550533, 0, 1775065980], [130.329534, 33.552724, 0, 1775066040], [130.321122, 33.555156, 0, 1775066160]]}}, {"type": "Feature", "properties": {"trip_id": "七隈線_平日_1_116", "route_id": "七隈線", "route_color": "#009157", "route_type": "1", "trip_headsign": "橋本"}, "geometry": {"type": "LineString", "coordinates": [[130.420616, 33.59013, 0, 1775064660], [130.411583, 33.591333, 0, 1775064780], [130.401717, 33.58824, 0, 1775064900], [130.404947, 33.583968, 0, 1775065020], [130.401825, 33.581805, 0, 1775065140], [130.396203, 33.580392, 0, 1775065260], [130.386858, 33.577326, 0, 1775065380], [130.377331, 33.577693, 0, 1775065500], [130.369638, 33.574207, 0, 1775065620], [130.3654, 33.566099, 0, 1775065680], [130.361538, 33.559331, 0, 1775065800], [130.361667, 33.553207, 0, 1775065920], [130.362225, 33.547511, 0, 1775065980], [130.354993, 33.545839, 0, 1775066100], [130.346571, 33.548334, 0, 1775066220], [130.337913, 33.550533, 0, 1775066280], [130.329534, 33.552724, 0, 1775066400], [130.321122, 33.555156, 0, 1775066460]]}}, {"type": "Feature", "properties": {"trip_id": "七隈線_平日_1_117", "route_id": "七隈線", "route_color": "#009157", "route_type": "1", "trip_headsign": "橋本"}, "geometry": {"type": "LineString", "coordinates": [[130.420616, 33.59013, 0, 1775064960], [130.411583, 33.591333, 0, 1775065080], [130.401717, 33.58824, 0, 1775065200], [130.404947, 33.583968, 0, 1775065320], [130.401825, 33.581805, 0, 1775065440], [130.396203, 33.580392, 0, 1775065560], [130.386858, 33.577326, 0, 1775065680], [130.377331, 33.577693, 0, 1775065800], [130.369638, 33.574207, 0, 1775065920], [130.3654, 33.566099, 0, 1775066040], [130.361538, 33.559331, 0, 1775066100], [130.361667, 33.553207, 0, 1775066220], [130.362225, 33.547511, 0, 1775066280], [130.354993, 33.545839, 0, 1775066400], [130.346571, 33.548334, 0, 1775066520], [130.337913, 33.550533, 0, 1775066580], [130.329534, 33.552724, 0, 1775066700], [130.321122, 33.555156, 0, 1775066820]]}}, {"type": "Feature", "properties": {"trip_id": "七隈線_平日_1_118", "route_id": "七隈線", "route_color": "#009157", "route_type": "1", "trip_headsign": "橋本"}, "geometry": {"type": "LineString", "coordinates": [[130.420616, 33.59013, 0, 1775065260], [130.411583, 33.591333, 0, 1775065380], [130.401717, 33.58824, 0, 1775065500], [130.404947, 33.583968, 0, 1775065620], [130.401825, 33.581805, 0, 1775065740], [130.396203, 33.580392, 0, 1775065860], [130.386858, 33.577326, 0, 1775065980], [130.377331, 33.577693, 0, 1775066100], [130.369638, 33.574207, 0, 1775066220], [130.3654, 33.566099, 0, 1775066280], [130.361538, 33.559331, 0, 1775066400], [130.361667, 33.553207, 0, 1775066520], [130.362225, 33.547511, 0, 1775066580], [130.354993, 33.545839, 0, 1775066700], [130.346571, 33.548334, 0, 1775066820], [130.337913, 33.550533, 0, 1775066880], [130.329534, 33.552724, 0, 1775067000], [130.321122, 33.555156, 0, 1775067060]]}}, {"type": "Feature", "properties": {"trip_id": "七隈線_平日_1_119", "route_id": "七隈線", "route_color": "#009157", "route_type": "1", "trip_headsign": "橋本"}, "geometry": {"type": "LineString", "coordinates": [[130.420616, 33.59013, 0, 1775065560], [130.411583, 33.591333, 0, 1775065680], [130.401717, 33.58824, 0, 1775065800], [130.404947, 33.583968, 0, 1775065920], [130.401825, 33.581805, 0, 1775066040], [130.396203, 33.580392, 0, 1775066160], [130.386858, 33.577326, 0, 1775066280], [130.377331, 33.577693, 0, 1775066400], [130.369638, 33.574207, 0, 1775066520], [130.3654, 33.566099, 0, 1775066580], [130.361538, 33.559331, 0, 1775066700], [130.361667, 33.553207, 0, 1775066820], [130.362225, 33.547511, 0, 1775066880], [130.354993, 33.545839, 0, 1775067000], [130.346571, 33.548334, 0, 1775067120], [130.337913, 33.550533, 0, 1775067180], [130.329534, 33.552724, 0, 1775067300], [130.321122, 33.555156, 0, 1775067360]]}}, {"type": "Feature", "properties": {"trip_id": "七隈線_平日_1_120", "route_id": "七隈線", "route_color": "#009157", "route_type": "1", "trip_headsign": "橋本"}, "geometry": {"type": "LineString", "coordinates": [[130.420616, 33.59013, 0, 1775065800], [130.411583, 33.591333, 0, 1775065920], [130.401717, 33.58824, 0, 1775066040], [130.404947, 33.583968, 0, 1775066160], [130.401825, 33.581805, 0, 1775066280], [130.396203, 33.580392, 0, 1775066400], [130.386858, 33.577326, 0, 1775066520], [130.377331, 33.577693, 0, 1775066640], [130.369638, 33.574207, 0, 1775066760], [130.3654, 33.566099, 0, 1775066880], [130.361538, 33.559331, 0, 1775066940], [130.361667, 33.553207, 0, 1775067060], [130.362225, 33.547511, 0, 1775067180], [130.354993, 33.545839, 0, 1775067240], [130.346571, 33.548334, 0, 1775067360], [130.337913, 33.550533, 0, 1775067480], [130.329534, 33.552724, 0, 1775067540], [130.321122, 33.555156, 0, 1775067660]]}}, {"type": "Feature", "properties": {"trip_id": "七隈線_平日_1_121", "route_id": "七隈線", "route_color": "#009157", "route_type": "1", "trip_headsign": "橋本"}, "geometry": {"type": "LineString", "coordinates": [[130.420616, 33.59013, 0, 1775066100], [130.411583, 33.591333, 0, 1775066220], [130.401717, 33.58824, 0, 1775066340], [130.404947, 33.583968, 0, 1775066460], [130.401825, 33.581805, 0, 1775066580], [130.396203, 33.580392, 0, 1775066700], [130.386858, 33.577326, 0, 1775066820], [130.377331, 33.577693, 0, 1775066940], [130.369638, 33.574207, 0, 1775067060], [130.3654, 33.566099, 0, 1775067120], [130.361538, 33.559331, 0, 1775067240], [130.361667, 33.553207, 0, 1775067360], [130.362225, 33.547511, 0, 1775067420], [130.354993, 33.545839, 0, 1775067540], [130.346571, 33.548334, 0, 1775067660], [130.337913, 33.550533, 0, 1775067720], [130.329534, 33.552724, 0, 1775067840], [130.321122, 33.555156, 0, 1775067900]]}}, {"type": "Feature", "properties": {"trip_id": "七隈線_平日_1_122", "route_id": "七隈線", "route_color": "#009157", "route_type": "1", "trip_headsign": "橋本"}, "geometry": {"type": "LineString", "coordinates": [[130.420616, 33.59013, 0, 1775066340], [130.411583, 33.591333, 0, 1775066460], [130.401717, 33.58824, 0, 1775066580], [130.404947, 33.583968, 0, 1775066700], [130.401825, 33.581805, 0, 1775066820], [130.396203, 33.580392, 0, 1775066940], [130.386858, 33.577326, 0, 1775067060], [130.377331, 33.577693, 0, 1775067180], [130.369638, 33.574207, 0, 1775067300], [130.3654, 33.566099, 0, 1775067360], [130.361538, 33.559331, 0, 1775067480], [130.361667, 33.553207, 0, 1775067600], [130.362225, 33.547511, 0, 1775067660], [130.354993, 33.545839, 0, 1775067780], [130.346571, 33.548334, 0, 1775067900], [130.337913, 33.550533, 0, 1775067960], [130.329534, 33.552724, 0, 1775068080], [130.321122, 33.555156, 0, 1775068140]]}}, {"type": "Feature", "properties": {"trip_id": "七隈線_平日_1_123", "route_id": "七隈線", "route_color": "#009157", "route_type": "1", "trip_headsign": "橋本"}, "geometry": {"type": "LineString", "coordinates": [[130.420616, 33.59013, 0, 1775066580], [130.411583, 33.591333, 0, 1775066700], [130.401717, 33.58824, 0, 1775066820], [130.404947, 33.583968, 0, 1775066940], [130.401825, 33.581805, 0, 1775067060], [130.396203, 33.580392, 0, 1775067180], [130.386858, 33.577326, 0, 1775067300], [130.377331, 33.577693, 0, 1775067420], [130.369638, 33.574207, 0, 1775067540], [130.3654, 33.566099, 0, 1775067600], [130.361538, 33.559331, 0, 1775067720], [130.361667, 33.553207, 0, 1775067840], [130.362225, 33.547511, 0, 1775067900], [130.354993, 33.545839, 0, 1775068020], [130.346571, 33.548334, 0, 1775068140], [130.337913, 33.550533, 0, 1775068200], [130.329534, 33.552724, 0, 1775068320], [130.321122, 33.555156, 0, 1775068380]]}}, {"type": "Feature", "properties": {"trip_id": "七隈線_平日_1_124", "route_id": "七隈線", "route_color": "#009157", "route_type": "1", "trip_headsign": "橋本"}, "geometry": {"type": "LineString", "coordinates": [[130.420616, 33.59013, 0, 1775066820], [130.411583, 33.591333, 0, 1775066940], [130.401717, 33.58824, 0, 1775067060], [130.404947, 33.583968, 0, 1775067180], [130.401825, 33.581805, 0, 1775067300], [130.396203, 33.580392, 0, 1775067420], [130.386858, 33.577326, 0, 1775067540], [130.377331, 33.577693, 0, 1775067660], [130.369638, 33.574207, 0, 1775067780], [130.3654, 33.566099, 0, 1775067840], [130.361538, 33.559331, 0, 1775067960], [130.361667, 33.553207, 0, 1775068080], [130.362225, 33.547511, 0, 1775068140], [130.354993, 33.545839, 0, 1775068260], [130.346571, 33.548334, 0, 1775068380], [130.337913, 33.550533, 0, 1775068440], [130.329534, 33.552724, 0, 1775068560], [130.321122, 33.555156, 0, 1775068620]]}}, {"type": "Feature", "properties": {"trip_id": "七隈線_平日_1_125", "route_id": "七隈線", "route_color": "#009157", "route_type": "1", "trip_headsign": "橋本"}, "geometry": {"type": "LineString", "coordinates": [[130.420616, 33.59013, 0, 1775067060], [130.411583, 33.591333, 0, 1775067180], [130.401717, 33.58824, 0, 1775067300], [130.404947, 33.583968, 0, 1775067420], [130.401825, 33.581805, 0, 1775067540], [130.396203, 33.580392, 0, 1775067660], [130.386858, 33.577326, 0, 1775067780], [130.377331, 33.577693, 0, 1775067900], [130.369638, 33.574207, 0, 1775068020], [130.3654, 33.566099, 0, 1775068080], [130.361538, 33.559331, 0, 1775068200], [130.361667, 33.553207, 0, 1775068320], [130.362225, 33.547511, 0, 1775068380], [130.354993, 33.545839, 0, 1775068500], [130.346571, 33.548334, 0, 1775068560], [130.337913, 33.550533, 0, 1775068680], [130.329534, 33.552724, 0, 1775068800], [130.321122, 33.555156, 0, 1775068860]]}}, {"type": "Feature", "properties": {"trip_id": "七隈線_平日_1_126", "route_id": "七隈線", "route_color": "#009157", "route_type": "1", "trip_headsign": "橋本"}, "geometry": {"type": "LineString", "coordinates": [[130.420616, 33.59013, 0, 1775067300], [130.411583, 33.591333, 0, 1775067420], [130.401717, 33.58824, 0, 1775067540], [130.404947, 33.583968, 0, 1775067660], [130.401825, 33.581805, 0, 1775067780], [130.396203, 33.580392, 0, 1775067900], [130.386858, 33.577326, 0, 1775068020], [130.377331, 33.577693, 0, 1775068140], [130.369638, 33.574207, 0, 1775068260], [130.3654, 33.566099, 0, 1775068380], [130.361538, 33.559331, 0, 1775068440], [130.361667, 33.553207, 0, 1775068560], [130.362225, 33.547511, 0, 1775068620], [130.354993, 33.545839, 0, 1775068740], [130.346571, 33.548334, 0, 1775068860], [130.337913, 33.550533, 0, 1775068920], [130.329534, 33.552724, 0, 1775069040], [130.321122, 33.555156, 0, 1775069100]]}}, {"type": "Feature", "properties": {"trip_id": "七隈線_平日_1_127", "route_id": "七隈線", "route_color": "#009157", "route_type": "1", "trip_headsign": "橋本"}, "geometry": {"type": "LineString", "coordinates": [[130.420616, 33.59013, 0, 1775067540], [130.411583, 33.591333, 0, 1775067660], [130.401717, 33.58824, 0, 1775067780], [130.404947, 33.583968, 0, 1775067900], [130.401825, 33.581805, 0, 1775068020], [130.396203, 33.580392, 0, 1775068140], [130.386858, 33.577326, 0, 1775068260], [130.377331, 33.577693, 0, 1775068380], [130.369638, 33.574207, 0, 1775068500], [130.3654, 33.566099, 0, 1775068560], [130.361538, 33.559331, 0, 1775068680], [130.361667, 33.553207, 0, 1775068740], [130.362225, 33.547511, 0, 1775068860], [130.354993, 33.545839, 0, 1775068980], [130.346571, 33.548334, 0, 1775069040], [130.337913, 33.550533, 0, 1775069160], [130.329534, 33.552724, 0, 1775069220], [130.321122, 33.555156, 0, 1775069340]]}}, {"type": "Feature", "properties": {"trip_id": "七隈線_平日_1_128", "route_id": "七隈線", "route_color": "#009157", "route_type": "1", "trip_headsign": "橋本"}, "geometry": {"type": "LineString", "coordinates": [[130.420616, 33.59013, 0, 1775067780], [130.411583, 33.591333, 0, 1775067900], [130.401717, 33.58824, 0, 1775068020], [130.404947, 33.583968, 0, 1775068140], [130.401825, 33.581805, 0, 1775068260], [130.396203, 33.580392, 0, 1775068380], [130.386858, 33.577326, 0, 1775068500], [130.377331, 33.577693, 0, 1775068620], [130.369638, 33.574207, 0, 1775068740], [130.3654, 33.566099, 0, 1775068800], [130.361538, 33.559331, 0, 1775068920], [130.361667, 33.553207, 0, 1775069040], [130.362225, 33.547511, 0, 1775069100], [130.354993, 33.545839, 0, 1775069220], [130.346571, 33.548334, 0, 1775069340], [130.337913, 33.550533, 0, 1775069400], [130.329534, 33.552724, 0, 1775069520], [130.321122, 33.555156, 0, 1775069580]]}}, {"type": "Feature", "properties": {"trip_id": "七隈線_平日_1_129", "route_id": "七隈線", "route_color": "#009157", "route_type": "1", "trip_headsign": "橋本"}, "geometry": {"type": "LineString", "coordinates": [[130.420616, 33.59013, 0, 1775068020], [130.411583, 33.591333, 0, 1775068140], [130.401717, 33.58824, 0, 1775068260], [130.404947, 33.583968, 0, 1775068380], [130.401825, 33.581805, 0, 1775068500], [130.396203, 33.580392, 0, 1775068620], [130.386858, 33.577326, 0, 1775068740], [130.377331, 33.577693, 0, 1775068860], [130.369638, 33.574207, 0, 1775068980], [130.3654, 33.566099, 0, 1775069040], [130.361538, 33.559331, 0, 1775069160], [130.361667, 33.553207, 0, 1775069280], [130.362225, 33.547511, 0, 1775069340], [130.354993, 33.545839, 0, 1775069460], [130.346571, 33.548334, 0, 1775069580], [130.337913, 33.550533, 0, 1775069640], [130.329534, 33.552724, 0, 1775069760], [130.321122, 33.555156, 0, 1775069820]]}}, {"type": "Feature", "properties": {"trip_id": "七隈線_平日_1_130", "route_id": "七隈線", "route_color": "#009157", "route_type": "1", "trip_headsign": "橋本"}, "geometry": {"type": "LineString", "coordinates": [[130.420616, 33.59013, 0, 1775068260], [130.411583, 33.591333, 0, 1775068380], [130.401717, 33.58824, 0, 1775068500], [130.404947, 33.583968, 0, 1775068620], [130.401825, 33.581805, 0, 1775068740], [130.396203, 33.580392, 0, 1775068860], [130.386858, 33.577326, 0, 1775068980], [130.377331, 33.577693, 0, 1775069100], [130.369638, 33.574207, 0, 1775069220], [130.3654, 33.566099, 0, 1775069280], [130.361538, 33.559331, 0, 1775069400], [130.361667, 33.553207, 0, 1775069520], [130.362225, 33.547511, 0, 1775069580], [130.354993, 33.545839, 0, 1775069700], [130.346571, 33.548334, 0, 1775069820], [130.337913, 33.550533, 0, 1775069880], [130.329534, 33.552724, 0, 1775070000], [130.321122, 33.555156, 0, 1775070060]]}}, {"type": "Feature", "properties": {"trip_id": "七隈線_平日_1_131", "route_id": "七隈線", "route_color": "#009157", "route_type": "1", "trip_headsign": "橋本"}, "geometry": {"type": "LineString", "coordinates": [[130.420616, 33.59013, 0, 1775068500], [130.411583, 33.591333, 0, 1775068620], [130.401717, 33.58824, 0, 1775068740], [130.404947, 33.583968, 0, 1775068860], [130.401825, 33.581805, 0, 1775068980], [130.396203, 33.580392, 0, 1775069100], [130.386858, 33.577326, 0, 1775069220], [130.377331, 33.577693, 0, 1775069340], [130.369638, 33.574207, 0, 1775069460], [130.3654, 33.566099, 0, 1775069520], [130.361538, 33.559331, 0, 1775069640], [130.361667, 33.553207, 0, 1775069760], [130.362225, 33.547511, 0, 1775069820], [130.354993, 33.545839, 0, 1775069940], [130.346571, 33.548334, 0, 1775070060], [130.337913, 33.550533, 0, 1775070120], [130.329534, 33.552724, 0, 1775070240], [130.321122, 33.555156, 0, 1775070300]]}}, {"type": "Feature", "properties": {"trip_id": "七隈線_平日_1_132", "route_id": "七隈線", "route_color": "#009157", "route_type": "1", "trip_headsign": "橋本"}, "geometry": {"type": "LineString", "coordinates": [[130.420616, 33.59013, 0, 1775068740], [130.411583, 33.591333, 0, 1775068860], [130.401717, 33.58824, 0, 1775068980], [130.404947, 33.583968, 0, 1775069100], [130.401825, 33.581805, 0, 1775069220], [130.396203, 33.580392, 0, 1775069340], [130.386858, 33.577326, 0, 1775069460], [130.377331, 33.577693, 0, 1775069580], [130.369638, 33.574207, 0, 1775069700], [130.3654, 33.566099, 0, 1775069760], [130.361538, 33.559331, 0, 1775069880], [130.361667, 33.553207, 0, 1775070000], [130.362225, 33.547511, 0, 1775070060], [130.354993, 33.545839, 0, 1775070180], [130.346571, 33.548334, 0, 1775070300], [130.337913, 33.550533, 0, 1775070360], [130.329534, 33.552724, 0, 1775070480], [130.321122, 33.555156, 0, 1775070540]]}}, {"type": "Feature", "properties": {"trip_id": "七隈線_平日_1_133", "route_id": "七隈線", "route_color": "#009157", "route_type": "1", "trip_headsign": "橋本"}, "geometry": {"type": "LineString", "coordinates": [[130.420616, 33.59013, 0, 1775068980], [130.411583, 33.591333, 0, 1775069100], [130.401717, 33.58824, 0, 1775069220], [130.404947, 33.583968, 0, 1775069340], [130.401825, 33.581805, 0, 1775069460], [130.396203, 33.580392, 0, 1775069580], [130.386858, 33.577326, 0, 1775069700], [130.377331, 33.577693, 0, 1775069820], [130.369638, 33.574207, 0, 1775069940], [130.3654, 33.566099, 0, 1775070000], [130.361538, 33.559331, 0, 1775070120], [130.361667, 33.553207, 0, 1775070240], [130.362225, 33.547511, 0, 1775070300], [130.354993, 33.545839, 0, 1775070420], [130.346571, 33.548334, 0, 1775070540], [130.337913, 33.550533, 0, 1775070600], [130.329534, 33.552724, 0, 1775070720], [130.321122, 33.555156, 0, 1775070780]]}}, {"type": "Feature", "properties": {"trip_id": "七隈線_平日_1_134", "route_id": "七隈線", "route_color": "#009157", "route_type": "1", "trip_headsign": "橋本"}, "geometry": {"type": "LineString", "coordinates": [[130.420616, 33.59013, 0, 1775069220], [130.411583, 33.591333, 0, 1775069340], [130.401717, 33.58824, 0, 1775069460], [130.404947, 33.583968, 0, 1775069580], [130.401825, 33.581805, 0, 1775069700], [130.396203, 33.580392, 0, 1775069820], [130.386858, 33.577326, 0, 1775069940], [130.377331, 33.577693, 0, 1775070060], [130.369638, 33.574207, 0, 1775070180], [130.3654, 33.566099, 0, 1775070300], [130.361538, 33.559331, 0, 1775070360], [130.361667, 33.553207, 0, 1775070480], [130.362225, 33.547511, 0, 1775070600], [130.354993, 33.545839, 0, 1775070660], [130.346571, 33.548334, 0, 1775070780], [130.337913, 33.550533, 0, 1775070900], [130.329534, 33.552724, 0, 1775070960], [130.321122, 33.555156, 0, 1775071080]]}}, {"type": "Feature", "properties": {"trip_id": "七隈線_平日_1_135", "route_id": "七隈線", "route_color": "#009157", "route_type": "1", "trip_headsign": "橋本"}, "geometry": {"type": "LineString", "coordinates": [[130.420616, 33.59013, 0, 1775069520], [130.411583, 33.591333, 0, 1775069640], [130.401717, 33.58824, 0, 1775069760], [130.404947, 33.583968, 0, 1775069880], [130.401825, 33.581805, 0, 1775070000], [130.396203, 33.580392, 0, 1775070120], [130.386858, 33.577326, 0, 1775070240], [130.377331, 33.577693, 0, 1775070360], [130.369638, 33.574207, 0, 1775070480], [130.3654, 33.566099, 0, 1775070540], [130.361538, 33.559331, 0, 1775070660], [130.361667, 33.553207, 0, 1775070720], [130.362225, 33.547511, 0, 1775070840], [130.354993, 33.545839, 0, 1775070960], [130.346571, 33.548334, 0, 1775071020], [130.337913, 33.550533, 0, 1775071140], [130.329534, 33.552724, 0, 1775071200], [130.321122, 33.555156, 0, 1775071320]]}}, {"type": "Feature", "properties": {"trip_id": "七隈線_平日_1_136", "route_id": "七隈線", "route_color": "#009157", "route_type": "1", "trip_headsign": "橋本"}, "geometry": {"type": "LineString", "coordinates": [[130.420616, 33.59013, 0, 1775069760], [130.411583, 33.591333, 0, 1775069880], [130.401717, 33.58824, 0, 1775070000], [130.404947, 33.583968, 0, 1775070120], [130.401825, 33.581805, 0, 1775070240], [130.396203, 33.580392, 0, 1775070360], [130.386858, 33.577326, 0, 1775070480], [130.377331, 33.577693, 0, 1775070600], [130.369638, 33.574207, 0, 1775070720], [130.3654, 33.566099, 0, 1775070840], [130.361538, 33.559331, 0, 1775070900], [130.361667, 33.553207, 0, 1775071020], [130.362225, 33.547511, 0, 1775071140], [130.354993, 33.545839, 0, 1775071200], [130.346571, 33.548334, 0, 1775071320], [130.337913, 33.550533, 0, 1775071440], [130.329534, 33.552724, 0, 1775071500], [130.321122, 33.555156, 0, 1775071620]]}}, {"type": "Feature", "properties": {"trip_id": "七隈線_平日_1_137", "route_id": "七隈線", "route_color": "#009157", "route_type": "1", "trip_headsign": "橋本"}, "geometry": {"type": "LineString", "coordinates": [[130.420616, 33.59013, 0, 1775070060], [130.411583, 33.591333, 0, 1775070180], [130.401717, 33.58824, 0, 1775070300], [130.404947, 33.583968, 0, 1775070420], [130.401825, 33.581805, 0, 1775070540], [130.396203, 33.580392, 0, 1775070660], [130.386858, 33.577326, 0, 1775070780], [130.377331, 33.577693, 0, 1775070900], [130.369638, 33.574207, 0, 1775071020], [130.3654, 33.566099, 0, 1775071080], [130.361538, 33.559331, 0, 1775071200], [130.361667, 33.553207, 0, 1775071320], [130.362225, 33.547511, 0, 1775071380], [130.354993, 33.545839, 0, 1775071500], [130.346571, 33.548334, 0, 1775071620], [130.337913, 33.550533, 0, 1775071680], [130.329534, 33.552724, 0, 1775071800], [130.321122, 33.555156, 0, 1775071860]]}}, {"type": "Feature", "properties": {"trip_id": "七隈線_平日_1_138", "route_id": "七隈線", "route_color": "#009157", "route_type": "1", "trip_headsign": "橋本"}, "geometry": {"type": "LineString", "coordinates": [[130.420616, 33.59013, 0, 1775070300], [130.411583, 33.591333, 0, 1775070420], [130.401717, 33.58824, 0, 1775070540], [130.404947, 33.583968, 0, 1775070660], [130.401825, 33.581805, 0, 1775070780], [130.396203, 33.580392, 0, 1775070900], [130.386858, 33.577326, 0, 1775071020], [130.377331, 33.577693, 0, 1775071140], [130.369638, 33.574207, 0, 1775071260], [130.3654, 33.566099, 0, 1775071380], [130.361538, 33.559331, 0, 1775071440], [130.361667, 33.553207, 0, 1775071560], [130.362225, 33.547511, 0, 1775071620], [130.354993, 33.545839, 0, 1775071740], [130.346571, 33.548334, 0, 1775071860], [130.337913, 33.550533, 0, 1775071920], [130.329534, 33.552724, 0, 1775072040], [130.321122, 33.555156, 0, 1775072160]]}}, {"type": "Feature", "properties": {"trip_id": "七隈線_平日_1_139", "route_id": "七隈線", "route_color": "#009157", "route_type": "1", "trip_headsign": "橋本"}, "geometry": {"type": "LineString", "coordinates": [[130.420616, 33.59013, 0, 1775070600], [130.411583, 33.591333, 0, 1775070720], [130.401717, 33.58824, 0, 1775070840], [130.404947, 33.583968, 0, 1775070960], [130.401825, 33.581805, 0, 1775071080], [130.396203, 33.580392, 0, 1775071200], [130.386858, 33.577326, 0, 1775071320], [130.377331, 33.577693, 0, 1775071440], [130.369638, 33.574207, 0, 1775071500], [130.3654, 33.566099, 0, 1775071620], [130.361538, 33.559331, 0, 1775071740], [130.361667, 33.553207, 0, 1775071800], [130.362225, 33.547511, 0, 1775071920], [130.354993, 33.545839, 0, 1775072040], [130.346571, 33.548334, 0, 1775072100], [130.337913, 33.550533, 0, 1775072220], [130.329534, 33.552724, 0, 1775072280], [130.321122, 33.555156, 0, 1775072400]]}}, {"type": "Feature", "properties": {"trip_id": "七隈線_平日_1_140", "route_id": "七隈線", "route_color": "#009157", "route_type": "1", "trip_headsign": "橋本"}, "geometry": {"type": "LineString", "coordinates": [[130.420616, 33.59013, 0, 1775070840], [130.411583, 33.591333, 0, 1775070960], [130.401717, 33.58824, 0, 1775071140], [130.404947, 33.583968, 0, 1775071260], [130.401825, 33.581805, 0, 1775071380], [130.396203, 33.580392, 0, 1775071440], [130.386858, 33.577326, 0, 1775071560], [130.377331, 33.577693, 0, 1775071680], [130.369638, 33.574207, 0, 1775071800], [130.3654, 33.566099, 0, 1775071920], [130.361538, 33.559331, 0, 1775071980], [130.361667, 33.553207, 0, 1775072100], [130.362225, 33.547511, 0, 1775072160], [130.354993, 33.545839, 0, 1775072280], [130.346571, 33.548334, 0, 1775072400], [130.337913, 33.550533, 0, 1775072460], [130.329534, 33.552724, 0, 1775072580], [130.321122, 33.555156, 0, 1775072700]]}}, {"type": "Feature", "properties": {"trip_id": "七隈線_平日_1_141", "route_id": "七隈線", "route_color": "#009157", "route_type": "1", "trip_headsign": "橋本"}, "geometry": {"type": "LineString", "coordinates": [[130.420616, 33.59013, 0, 1775071140], [130.411583, 33.591333, 0, 1775071260], [130.401717, 33.58824, 0, 1775071380], [130.404947, 33.583968, 0, 1775071500], [130.401825, 33.581805, 0, 1775071620], [130.396203, 33.580392, 0, 1775071740], [130.386858, 33.577326, 0, 1775071860], [130.377331, 33.577693, 0, 1775071980], [130.369638, 33.574207, 0, 1775072040], [130.3654, 33.566099, 0, 1775072160], [130.361538, 33.559331, 0, 1775072280], [130.361667, 33.553207, 0, 1775072340], [130.362225, 33.547511, 0, 1775072460], [130.354993, 33.545839, 0, 1775072580], [130.346571, 33.548334, 0, 1775072640], [130.337913, 33.550533, 0, 1775072760], [130.329534, 33.552724, 0, 1775072820], [130.321122, 33.555156, 0, 1775072940]]}}, {"type": "Feature", "properties": {"trip_id": "七隈線_平日_1_142", "route_id": "七隈線", "route_color": "#009157", "route_type": "1", "trip_headsign": "橋本"}, "geometry": {"type": "LineString", "coordinates": [[130.420616, 33.59013, 0, 1775071500], [130.411583, 33.591333, 0, 1775071560], [130.401717, 33.58824, 0, 1775071740], [130.404947, 33.583968, 0, 1775071860], [130.401825, 33.581805, 0, 1775071920], [130.396203, 33.580392, 0, 1775072040], [130.386858, 33.577326, 0, 1775072160], [130.377331, 33.577693, 0, 1775072280], [130.369638, 33.574207, 0, 1775072400], [130.3654, 33.566099, 0, 1775072520], [130.361538, 33.559331, 0, 1775072580], [130.361667, 33.553207, 0, 1775072700], [130.362225, 33.547511, 0, 1775072760], [130.354993, 33.545839, 0, 1775072880], [130.346571, 33.548334, 0, 1775072940], [130.337913, 33.550533, 0, 1775073060], [130.329534, 33.552724, 0, 1775073120], [130.321122, 33.555156, 0, 1775073240]]}}, {"type": "Feature", "properties": {"trip_id": "七隈線_平日_1_143", "route_id": "七隈線", "route_color": "#009157", "route_type": "1", "trip_headsign": "橋本"}, "geometry": {"type": "LineString", "coordinates": [[130.420616, 33.59013, 0, 1775071800], [130.411583, 33.591333, 0, 1775071920], [130.401717, 33.58824, 0, 1775072040], [130.404947, 33.583968, 0, 1775072160], [130.401825, 33.581805, 0, 1775072280], [130.396203, 33.580392, 0, 1775072400], [130.386858, 33.577326, 0, 1775072520], [130.377331, 33.577693, 0, 1775072640], [130.369638, 33.574207, 0, 1775072700], [130.3654, 33.566099, 0, 1775072820], [130.361538, 33.559331, 0, 1775072940], [130.361667, 33.553207, 0, 1775073000], [130.362225, 33.547511, 0, 1775073120], [130.354993, 33.545839, 0, 1775073240], [130.346571, 33.548334, 0, 1775073300], [130.337913, 33.550533, 0, 1775073420], [130.329534, 33.552724, 0, 1775073480], [130.321122, 33.555156, 0, 1775073600]]}}, {"type": "Feature", "properties": {"trip_id": "七隈線_平日_1_144", "route_id": "七隈線", "route_color": "#009157", "route_type": "1", "trip_headsign": "橋本"}, "geometry": {"type": "LineString", "coordinates": [[130.420616, 33.59013, 0, 1775072160], [130.411583, 33.591333, 0, 1775072220], [130.401717, 33.58824, 0, 1775072400], [130.404947, 33.583968, 0, 1775072520], [130.401825, 33.581805, 0, 1775072640], [130.396203, 33.580392, 0, 1775072700], [130.386858, 33.577326, 0, 1775072820], [130.377331, 33.577693, 0, 1775072940], [130.369638, 33.574207, 0, 1775073060], [130.3654, 33.566099, 0, 1775073180], [130.361538, 33.559331, 0, 1775073240], [130.361667, 33.553207, 0, 1775073360], [130.362225, 33.547511, 0, 1775073420], [130.354993, 33.545839, 0, 1775073540], [130.346571, 33.548334, 0, 1775073660], [130.337913, 33.550533, 0, 1775073720], [130.329534, 33.552724, 0, 1775073840], [130.321122, 33.555156, 0, 1775073900]]}}, {"type": "Feature", "properties": {"trip_id": "七隈線_平日_1_145", "route_id": "七隈線", "route_color": "#009157", "route_type": "1", "trip_headsign": "橋本"}, "geometry": {"type": "LineString", "coordinates": [[130.420616, 33.59013, 0, 1775072460], [130.411583, 33.591333, 0, 1775072580], [130.401717, 33.58824, 0, 1775072700], [130.404947, 33.583968, 0, 1775072820], [130.401825, 33.581805, 0, 1775072940], [130.396203, 33.580392, 0, 1775073060], [130.386858, 33.577326, 0, 1775073180], [130.377331, 33.577693, 0, 1775073300], [130.369638, 33.574207, 0, 1775073360], [130.3654, 33.566099, 0, 1775073480], [130.361538, 33.559331, 0, 1775073600], [130.361667, 33.553207, 0, 1775073660], [130.362225, 33.547511, 0, 1775073780], [130.354993, 33.545839, 0, 1775073900], [130.346571, 33.548334, 0, 1775073960], [130.337913, 33.550533, 0, 1775074080], [130.329534, 33.552724, 0, 1775074140], [130.321122, 33.555156, 0, 1775074260]]}}, {"type": "Feature", "properties": {"trip_id": "七隈線_平日_1_146", "route_id": "七隈線", "route_color": "#009157", "route_type": "1", "trip_headsign": "橋本"}, "geometry": {"type": "LineString", "coordinates": [[130.420616, 33.59013, 0, 1775072820], [130.411583, 33.591333, 0, 1775072880], [130.401717, 33.58824, 0, 1775073060], [130.404947, 33.583968, 0, 1775073180], [130.401825, 33.581805, 0, 1775073300], [130.396203, 33.580392, 0, 1775073360], [130.386858, 33.577326, 0, 1775073480], [130.377331, 33.577693, 0, 1775073600], [130.369638, 33.574207, 0, 1775073720], [130.3654, 33.566099, 0, 1775073840], [130.361538, 33.559331, 0, 1775073900], [130.361667, 33.553207, 0, 1775074020], [130.362225, 33.547511, 0, 1775074080], [130.354993, 33.545839, 0, 1775074200], [130.346571, 33.548334, 0, 1775074320], [130.337913, 33.550533, 0, 1775074380], [130.329534, 33.552724, 0, 1775074500], [130.321122, 33.555156, 0, 1775074560]]}}, {"type": "Feature", "properties": {"trip_id": "七隈線_平日_1_147", "route_id": "七隈線", "route_color": "#009157", "route_type": "1", "trip_headsign": "橋本"}, "geometry": {"type": "LineString", "coordinates": [[130.420616, 33.59013, 0, 1775073180], [130.411583, 33.591333, 0, 1775073240], [130.401717, 33.58824, 0, 1775073420], [130.404947, 33.583968, 0, 1775073540], [130.401825, 33.581805, 0, 1775073660], [130.396203, 33.580392, 0, 1775073720], [130.386858, 33.577326, 0, 1775073840], [130.377331, 33.577693, 0, 1775073960], [130.369638, 33.574207, 0, 1775074080], [130.3654, 33.566099, 0, 1775074200], [130.361538, 33.559331, 0, 1775074260], [130.361667, 33.553207, 0, 1775074380], [130.362225, 33.547511, 0, 1775074440], [130.354993, 33.545839, 0, 1775074560], [130.346571, 33.548334, 0, 1775074680], [130.337913, 33.550533, 0, 1775074740], [130.329534, 33.552724, 0, 1775074860], [130.321122, 33.555156, 0, 1775074920]]}}, {"type": "Feature", "properties": {"trip_id": "七隈線_平日_1_148", "route_id": "七隈線", "route_color": "#009157", "route_type": "1", "trip_headsign": "橋本"}, "geometry": {"type": "LineString", "coordinates": [[130.420616, 33.59013, 0, 1775073540], [130.411583, 33.591333, 0, 1775073600], [130.401717, 33.58824, 0, 1775073780], [130.404947, 33.583968, 0, 1775073900], [130.401825, 33.581805, 0, 1775074020], [130.396203, 33.580392, 0, 1775074080], [130.386858, 33.577326, 0, 1775074200], [130.377331, 33.577693, 0, 1775074320], [130.369638, 33.574207, 0, 1775074440], [130.3654, 33.566099, 0, 1775074560], [130.361538, 33.559331, 0, 1775074620], [130.361667, 33.553207, 0, 1775074740], [130.362225, 33.547511, 0, 1775074800], [130.354993, 33.545839, 0, 1775074920], [130.346571, 33.548334, 0, 1775075040], [130.337913, 33.550533, 0, 1775075100], [130.329534, 33.552724, 0, 1775075220], [130.321122, 33.555156, 0, 1775075280]]}}, {"type": "Feature", "properties": {"trip_id": "七隈線_平日_1_149", "route_id": "七隈線", "route_color": "#009157", "route_type": "1", "trip_headsign": "橋本"}, "geometry": {"type": "LineString", "coordinates": [[130.420616, 33.59013, 0, 1775073960], [130.411583, 33.591333, 0, 1775074020], [130.401717, 33.58824, 0, 1775074200], [130.404947, 33.583968, 0, 1775074260], [130.401825, 33.581805, 0, 1775074380], [130.396203, 33.580392, 0, 1775074500], [130.386858, 33.577326, 0, 1775074620], [130.377331, 33.577693, 0, 1775074740], [130.369638, 33.574207, 0, 1775074800], [130.3654, 33.566099, 0, 1775074920], [130.361538, 33.559331, 0, 1775075040], [130.361667, 33.553207, 0, 1775075100], [130.362225, 33.547511, 0, 1775075220], [130.354993, 33.545839, 0, 1775075280], [130.346571, 33.548334, 0, 1775075400], [130.337913, 33.550533, 0, 1775075460], [130.329534, 33.552724, 0, 1775075580], [130.321122, 33.555156, 0, 1775075700]]}}, {"type": "Feature", "properties": {"trip_id": "七隈線_平日_1_150", "route_id": "七隈線", "route_color": "#009157", "route_type": "1", "trip_headsign": "橋本"}, "geometry": {"type": "LineString", "coordinates": [[130.420616, 33.59013, 0, 1775074380], [130.411583, 33.591333, 0, 1775074440], [130.401717, 33.58824, 0, 1775074620], [130.404947, 33.583968, 0, 1775074680], [130.401825, 33.581805, 0, 1775074800], [130.396203, 33.580392, 0, 1775074920], [130.386858, 33.577326, 0, 1775075040], [130.377331, 33.577693, 0, 1775075160], [130.369638, 33.574207, 0, 1775075220], [130.3654, 33.566099, 0, 1775075340], [130.361538, 33.559331, 0, 1775075460], [130.361667, 33.553207, 0, 1775075520], [130.362225, 33.547511, 0, 1775075640], [130.354993, 33.545839, 0, 1775075700], [130.346571, 33.548334, 0, 1775075820], [130.337913, 33.550533, 0, 1775075880], [130.329534, 33.552724, 0, 1775076000], [130.321122, 33.555156, 0, 1775076120]]}}, {"type": "Feature", "properties": {"trip_id": "七隈線_平日_1_151", "route_id": "七隈線", "route_color": "#009157", "route_type": "1", "trip_headsign": "橋本"}, "geometry": {"type": "LineString", "coordinates": [[130.420616, 33.59013, 0, 1775074800], [130.411583, 33.591333, 0, 1775074860], [130.401717, 33.58824, 0, 1775075040], [130.404947, 33.583968, 0, 1775075100], [130.401825, 33.581805, 0, 1775075220], [130.396203, 33.580392, 0, 1775075340], [130.386858, 33.577326, 0, 1775075460], [130.377331, 33.577693, 0, 1775075580], [130.369638, 33.574207, 0, 1775075640], [130.3654, 33.566099, 0, 1775075760], [130.361538, 33.559331, 0, 1775075880], [130.361667, 33.553207, 0, 1775075940], [130.362225, 33.547511, 0, 1775076060], [130.354993, 33.545839, 0, 1775076120], [130.346571, 33.548334, 0, 1775076240], [130.337913, 33.550533, 0, 1775076300], [130.329534, 33.552724, 0, 1775076420], [130.321122, 33.555156, 0, 1775076540]]}}, {"type": "Feature", "properties": {"trip_id": "七隈線_平日_1_152", "route_id": "七隈線", "route_color": "#009157", "route_type": "1", "trip_headsign": "橋本"}, "geometry": {"type": "LineString", "coordinates": [[130.420616, 33.59013, 0, 1775075220], [130.411583, 33.591333, 0, 1775075280], [130.401717, 33.58824, 0, 1775075460], [130.404947, 33.583968, 0, 1775075520], [130.401825, 33.581805, 0, 1775075640], [130.396203, 33.580392, 0, 1775075760], [130.386858, 33.577326, 0, 1775075880], [130.377331, 33.577693, 0, 1775076000], [130.369638, 33.574207, 0, 1775076060], [130.3654, 33.566099, 0, 1775076180], [130.361538, 33.559331, 0, 1775076300], [130.361667, 33.553207, 0, 1775076360], [130.362225, 33.547511, 0, 1775076480], [130.354993, 33.545839, 0, 1775076540], [130.346571, 33.548334, 0, 1775076660], [130.337913, 33.550533, 0, 1775076720], [130.329534, 33.552724, 0, 1775076840], [130.321122, 33.555156, 0, 1775076960]]}}, {"type": "Feature", "properties": {"trip_id": "七隈線_平日_1_153", "route_id": "七隈線", "route_color": "#009157", "route_type": "1", "trip_headsign": "橋本"}, "geometry": {"type": "LineString", "coordinates": [[130.420616, 33.59013, 0, 1775075640], [130.411583, 33.591333, 0, 1775075700], [130.401717, 33.58824, 0, 1775075880], [130.404947, 33.583968, 0, 1775075940], [130.401825, 33.581805, 0, 1775076060], [130.396203, 33.580392, 0, 1775076180], [130.386858, 33.577326, 0, 1775076300], [130.377331, 33.577693, 0, 1775076420], [130.369638, 33.574207, 0, 1775076480], [130.3654, 33.566099, 0, 1775076600], [130.361538, 33.559331, 0, 1775076720], [130.361667, 33.553207, 0, 1775076780], [130.362225, 33.547511, 0, 1775076900], [130.354993, 33.545839, 0, 1775076960], [130.346571, 33.548334, 0, 1775077080], [130.337913, 33.550533, 0, 1775077140], [130.329534, 33.552724, 0, 1775077260], [130.321122, 33.555156, 0, 1775077380]]}}, {"type": "Feature", "properties": {"trip_id": "七隈線_平日_1_154", "route_id": "七隈線", "route_color": "#009157", "route_type": "1", "trip_headsign": "橋本"}, "geometry": {"type": "LineString", "coordinates": [[130.420616, 33.59013, 0, 1775076060], [130.411583, 33.591333, 0, 1775076120], [130.401717, 33.58824, 0, 1775076300], [130.404947, 33.583968, 0, 1775076360], [130.401825, 33.581805, 0, 1775076480], [130.396203, 33.580392, 0, 1775076600], [130.386858, 33.577326, 0, 1775076720], [130.377331, 33.577693, 0, 1775076840], [130.369638, 33.574207, 0, 1775076900], [130.3654, 33.566099, 0, 1775077020], [130.361538, 33.559331, 0, 1775077140], [130.361667, 33.553207, 0, 1775077200], [130.362225, 33.547511, 0, 1775077320], [130.354993, 33.545839, 0, 1775077380], [130.346571, 33.548334, 0, 1775077500], [130.337913, 33.550533, 0, 1775077560], [130.329534, 33.552724, 0, 1775077680], [130.321122, 33.555156, 0, 1775077800]]}}, {"type": "Feature", "properties": {"trip_id": "七隈線_平日_1_155", "route_id": "七隈線", "route_color": "#009157", "route_type": "1", "trip_headsign": "橋本"}, "geometry": {"type": "LineString", "coordinates": [[130.420616, 33.59013, 0, 1775076480], [130.411583, 33.591333, 0, 1775076540], [130.401717, 33.58824, 0, 1775076720], [130.404947, 33.583968, 0, 1775076780], [130.401825, 33.581805, 0, 1775076900], [130.396203, 33.580392, 0, 1775077020], [130.386858, 33.577326, 0, 1775077140], [130.377331, 33.577693, 0, 1775077260], [130.369638, 33.574207, 0, 1775077320], [130.3654, 33.566099, 0, 1775077440], [130.361538, 33.559331, 0, 1775077560], [130.361667, 33.553207, 0, 1775077620], [130.362225, 33.547511, 0, 1775077740], [130.354993, 33.545839, 0, 1775077800], [130.346571, 33.548334, 0, 1775077920], [130.337913, 33.550533, 0, 1775077980], [130.329534, 33.552724, 0, 1775078100], [130.321122, 33.555156, 0, 1775078220]]}}, {"type": "Feature", "properties": {"trip_id": "七隈線_平日_1_156", "route_id": "七隈線", "route_color": "#009157", "route_type": "1", "trip_headsign": "橋本"}, "geometry": {"type": "LineString", "coordinates": [[130.420616, 33.59013, 0, 1775076900], [130.411583, 33.591333, 0, 1775076960], [130.401717, 33.58824, 0, 1775077140], [130.404947, 33.583968, 0, 1775077200], [130.401825, 33.581805, 0, 1775077320], [130.396203, 33.580392, 0, 1775077440], [130.386858, 33.577326, 0, 1775077560], [130.377331, 33.577693, 0, 1775077680], [130.369638, 33.574207, 0, 1775077740], [130.3654, 33.566099, 0, 1775077860], [130.361538, 33.559331, 0, 1775077980], [130.361667, 33.553207, 0, 1775078040], [130.362225, 33.547511, 0, 1775078160], [130.354993, 33.545839, 0, 1775078220], [130.346571, 33.548334, 0, 1775078340], [130.337913, 33.550533, 0, 1775078400], [130.329534, 33.552724, 0, 1775078520], [130.321122, 33.555156, 0, 1775078640]]}}, {"type": "Feature", "properties": {"trip_id": "七隈線_平日_1_157", "route_id": "七隈線", "route_color": "#009157", "route_type": "1", "trip_headsign": "橋本"}, "geometry": {"type": "LineString", "coordinates": [[130.420616, 33.59013, 0, 1775077320], [130.411583, 33.591333, 0, 1775077380], [130.401717, 33.58824, 0, 1775077560], [130.404947, 33.583968, 0, 1775077620], [130.401825, 33.581805, 0, 1775077740], [130.396203, 33.580392, 0, 1775077860], [130.386858, 33.577326, 0, 1775077980], [130.377331, 33.577693, 0, 1775078100], [130.369638, 33.574207, 0, 1775078160], [130.3654, 33.566099, 0, 1775078280], [130.361538, 33.559331, 0, 1775078400], [130.361667, 33.553207, 0, 1775078460], [130.362225, 33.547511, 0, 1775078580], [130.354993, 33.545839, 0, 1775078640], [130.346571, 33.548334, 0, 1775078760], [130.337913, 33.550533, 0, 1775078820], [130.329534, 33.552724, 0, 1775078940], [130.321122, 33.555156, 0, 1775079060]]}}, {"type": "Feature", "properties": {"trip_id": "七隈線_平日_1_158", "route_id": "七隈線", "route_color": "#009157", "route_type": "1", "trip_headsign": "橋本"}, "geometry": {"type": "LineString", "coordinates": [[130.420616, 33.59013, 0, 1775077740], [130.411583, 33.591333, 0, 1775077800], [130.401717, 33.58824, 0, 1775077980], [130.404947, 33.583968, 0, 1775078040], [130.401825, 33.581805, 0, 1775078160], [130.396203, 33.580392, 0, 1775078280], [130.386858, 33.577326, 0, 1775078400], [130.377331, 33.577693, 0, 1775078520], [130.369638, 33.574207, 0, 1775078580], [130.3654, 33.566099, 0, 1775078700], [130.361538, 33.559331, 0, 1775078820], [130.361667, 33.553207, 0, 1775078880], [130.362225, 33.547511, 0, 1775079000], [130.354993, 33.545839, 0, 1775079060], [130.346571, 33.548334, 0, 1775079180], [130.337913, 33.550533, 0, 1775079240], [130.329534, 33.552724, 0, 1775079360], [130.321122, 33.555156, 0, 1775079480]]}}, {"type": "Feature", "properties": {"trip_id": "七隈線_平日_1_159", "route_id": "七隈線", "route_color": "#009157", "route_type": "1", "trip_headsign": "橋本"}, "geometry": {"type": "LineString", "coordinates": [[130.420616, 33.59013, 0, 1775078160], [130.411583, 33.591333, 0, 1775078280], [130.401717, 33.58824, 0, 1775078400], [130.404947, 33.583968, 0, 1775078520], [130.401825, 33.581805, 0, 1775078640], [130.396203, 33.580392, 0, 1775078700], [130.386858, 33.577326, 0, 1775078820], [130.377331, 33.577693, 0, 1775078940], [130.369638, 33.574207, 0, 1775079060], [130.3654, 33.566099, 0, 1775079180], [130.361538, 33.559331, 0, 1775079240], [130.361667, 33.553207, 0, 1775079360], [130.362225, 33.547511, 0, 1775079420], [130.354993, 33.545839, 0, 1775079540], [130.346571, 33.548334, 0, 1775079600], [130.337913, 33.550533, 0, 1775079720], [130.329534, 33.552724, 0, 1775079780], [130.321122, 33.555156, 0, 1775079900]]}}, {"type": "Feature", "properties": {"trip_id": "七隈線_平日_1_160", "route_id": "七隈線", "route_color": "#009157", "route_type": "1", "trip_headsign": "橋本"}, "geometry": {"type": "LineString", "coordinates": [[130.420616, 33.59013, 0, 1775078640], [130.411583, 33.591333, 0, 1775078700], [130.401717, 33.58824, 0, 1775078880], [130.404947, 33.583968, 0, 1775078940], [130.401825, 33.581805, 0, 1775079060], [130.396203, 33.580392, 0, 1775079180], [130.386858, 33.577326, 0, 1775079300], [130.377331, 33.577693, 0, 1775079420], [130.369638, 33.574207, 0, 1775079480], [130.3654, 33.566099, 0, 1775079600], [130.361538, 33.559331, 0, 1775079720], [130.361667, 33.553207, 0, 1775079780], [130.362225, 33.547511, 0, 1775079900], [130.354993, 33.545839, 0, 1775079960], [130.346571, 33.548334, 0, 1775080080], [130.337913, 33.550533, 0, 1775080140], [130.329534, 33.552724, 0, 1775080260], [130.321122, 33.555156, 0, 1775080380]]}}, {"type": "Feature", "properties": {"trip_id": "七隈線_平日_1_161", "route_id": "七隈線", "route_color": "#009157", "route_type": "1", "trip_headsign": "橋本"}, "geometry": {"type": "LineString", "coordinates": [[130.420616, 33.59013, 0, 1775079060], [130.411583, 33.591333, 0, 1775079180], [130.401717, 33.58824, 0, 1775079300], [130.404947, 33.583968, 0, 1775079420], [130.401825, 33.581805, 0, 1775079540], [130.396203, 33.580392, 0, 1775079600], [130.386858, 33.577326, 0, 1775079720], [130.377331, 33.577693, 0, 1775079840], [130.369638, 33.574207, 0, 1775079960], [130.3654, 33.566099, 0, 1775080080], [130.361538, 33.559331, 0, 1775080140], [130.361667, 33.553207, 0, 1775080260], [130.362225, 33.547511, 0, 1775080320], [130.354993, 33.545839, 0, 1775080440], [130.346571, 33.548334, 0, 1775080500], [130.337913, 33.550533, 0, 1775080620], [130.329534, 33.552724, 0, 1775080680], [130.321122, 33.555156, 0, 1775080800]]}}, {"type": "Feature", "properties": {"trip_id": "七隈線_平日_1_162", "route_id": "七隈線", "route_color": "#009157", "route_type": "1", "trip_headsign": "橋本"}, "geometry": {"type": "LineString", "coordinates": [[130.420616, 33.59013, 0, 1775079600], [130.411583, 33.591333, 0, 1775079720], [130.401717, 33.58824, 0, 1775079840], [130.404947, 33.583968, 0, 1775079960], [130.401825, 33.581805, 0, 1775080080], [130.396203, 33.580392, 0, 1775080140], [130.386858, 33.577326, 0, 1775080260], [130.377331, 33.577693, 0, 1775080380], [130.369638, 33.574207, 0, 1775080500], [130.3654, 33.566099, 0, 1775080620], [130.361538, 33.559331, 0, 1775080680], [130.361667, 33.553207, 0, 1775080800], [130.362225, 33.547511, 0, 1775080860], [130.354993, 33.545839, 0, 1775080980], [130.346571, 33.548334, 0, 1775081040], [130.337913, 33.550533, 0, 1775081160], [130.329534, 33.552724, 0, 1775081220], [130.321122, 33.555156, 0, 1775081340]]}}, {"type": "Feature", "properties": {"trip_id": "七隈線_平日_1_163", "route_id": "七隈線", "route_color": "#009157", "route_type": "1", "trip_headsign": "橋本"}, "geometry": {"type": "LineString", "coordinates": [[130.420616, 33.59013, 0, 1775080200], [130.411583, 33.591333, 0, 1775080260], [130.401717, 33.58824, 0, 1775080440], [130.404947, 33.583968, 0, 1775080500], [130.401825, 33.581805, 0, 1775080620], [130.396203, 33.580392, 0, 1775080740], [130.386858, 33.577326, 0, 1775080860], [130.377331, 33.577693, 0, 1775080980], [130.369638, 33.574207, 0, 1775081040], [130.3654, 33.566099, 0, 1775081160], [130.361538, 33.559331, 0, 1775081280], [130.361667, 33.553207, 0, 1775081340], [130.362225, 33.547511, 0, 1775081460], [130.354993, 33.545839, 0, 1775081520], [130.346571, 33.548334, 0, 1775081640], [130.337913, 33.550533, 0, 1775081700], [130.329534, 33.552724, 0, 1775081820], [130.321122, 33.555156, 0, 1775081940]]}}, {"type": "Feature", "properties": {"trip_id": "七隈線_平日_1_164", "route_id": "七隈線", "route_color": "#009157", "route_type": "1", "trip_headsign": "橋本"}, "geometry": {"type": "LineString", "coordinates": [[130.420616, 33.59013, 0, 1775080800], [130.411583, 33.591333, 0, 1775080860], [130.401717, 33.58824, 0, 1775081040], [130.404947, 33.583968, 0, 1775081100], [130.401825, 33.581805, 0, 1775081220], [130.396203, 33.580392, 0, 1775081340], [130.386858, 33.577326, 0, 1775081460], [130.377331, 33.577693, 0, 1775081580], [130.369638, 33.574207, 0, 1775081640], [130.3654, 33.566099, 0, 1775081760], [130.361538, 33.559331, 0, 1775081880], [130.361667, 33.553207, 0, 1775081940], [130.362225, 33.547511, 0, 1775082060], [130.354993, 33.545839, 0, 1775082120], [130.346571, 33.548334, 0, 1775082240], [130.337913, 33.550533, 0, 1775082300], [130.329534, 33.552724, 0, 1775082420], [130.321122, 33.555156, 0, 1775082540]]}}, {"type": "Feature", "properties": {"trip_id": "七隈線_平日_1_165", "route_id": "七隈線", "route_color": "#009157", "route_type": "1", "trip_headsign": "橋本"}, "geometry": {"type": "LineString", "coordinates": [[130.420616, 33.59013, 0, 1775081400], [130.411583, 33.591333, 0, 1775081460], [130.401717, 33.58824, 0, 1775081640], [130.404947, 33.583968, 0, 1775081700], [130.401825, 33.581805, 0, 1775081820], [130.396203, 33.580392, 0, 1775081940], [130.386858, 33.577326, 0, 1775082060], [130.377331, 33.577693, 0, 1775082180], [130.369638, 33.574207, 0, 1775082240], [130.3654, 33.566099, 0, 1775082360], [130.361538, 33.559331, 0, 1775082480], [130.361667, 33.553207, 0, 1775082540], [130.362225, 33.547511, 0, 1775082660], [130.354993, 33.545839, 0, 1775082720], [130.346571, 33.548334, 0, 1775082840], [130.337913, 33.550533, 0, 1775082900], [130.329534, 33.552724, 0, 1775083020], [130.321122, 33.555156, 0, 1775083140]]}}, {"type": "Feature", "properties": {"trip_id": "七隈線_平日_1_166", "route_id": "七隈線", "route_color": "#009157", "route_type": "1", "trip_headsign": "橋本"}, "geometry": {"type": "LineString", "coordinates": [[130.420616, 33.59013, 0, 1775082000], [130.411583, 33.591333, 0, 1775082060], [130.401717, 33.58824, 0, 1775082240], [130.404947, 33.583968, 0, 1775082300], [130.401825, 33.581805, 0, 1775082420], [130.396203, 33.580392, 0, 1775082540], [130.386858, 33.577326, 0, 1775082660], [130.377331, 33.577693, 0, 1775082780], [130.369638, 33.574207, 0, 1775082840], [130.3654, 33.566099, 0, 1775082960], [130.361538, 33.559331, 0, 1775083080], [130.361667, 33.553207, 0, 1775083140], [130.362225, 33.547511, 0, 1775083260], [130.354993, 33.545839, 0, 1775083320], [130.346571, 33.548334, 0, 1775083440], [130.337913, 33.550533, 0, 1775083500], [130.329534, 33.552724, 0, 1775083620], [130.321122, 33.555156, 0, 1775083740]]}}, {"type": "Feature", "properties": {"trip_id": "七隈線_平日_1_167", "route_id": "七隈線", "route_color": "#009157", "route_type": "1", "trip_headsign": "橋本"}, "geometry": {"type": "LineString", "coordinates": [[130.420616, 33.59013, 0, 1775082600], [130.411583, 33.591333, 0, 1775082660], [130.401717, 33.58824, 0, 1775082840], [130.404947, 33.583968, 0, 1775082900], [130.401825, 33.581805, 0, 1775083020], [130.396203, 33.580392, 0, 1775083140], [130.386858, 33.577326, 0, 1775083260], [130.377331, 33.577693, 0, 1775083380], [130.369638, 33.574207, 0, 1775083440], [130.3654, 33.566099, 0, 1775083560], [130.361538, 33.559331, 0, 1775083680], [130.361667, 33.553207, 0, 1775083740], [130.362225, 33.547511, 0, 1775083860], [130.354993, 33.545839, 0, 1775083920], [130.346571, 33.548334, 0, 1775084040], [130.337913, 33.550533, 0, 1775084100], [130.329534, 33.552724, 0, 1775084220], [130.321122, 33.555156, 0, 1775084340]]}}, {"type": "Feature", "properties": {"trip_id": "七隈線_平日_1_168", "route_id": "七隈線", "route_color": "#009157", "route_type": "1", "trip_headsign": "橋本"}, "geometry": {"type": "LineString", "coordinates": [[130.420616, 33.59013, 0, 1775083200], [130.411583, 33.591333, 0, 1775083260], [130.401717, 33.58824, 0, 1775083440], [130.404947, 33.583968, 0, 1775083500], [130.401825, 33.581805, 0, 1775083620], [130.396203, 33.580392, 0, 1775083740], [130.386858, 33.577326, 0, 1775083860], [130.377331, 33.577693, 0, 1775083980], [130.369638, 33.574207, 0, 1775084040], [130.3654, 33.566099, 0, 1775084160], [130.361538, 33.559331, 0, 1775084280], [130.361667, 33.553207, 0, 1775084340], [130.362225, 33.547511, 0, 1775084460], [130.354993, 33.545839, 0, 1775084520], [130.346571, 33.548334, 0, 1775084640], [130.337913, 33.550533, 0, 1775084700], [130.329534, 33.552724, 0, 1775084820], [130.321122, 33.555156, 0, 1775084940]]}}, {"type": "Feature", "properties": {"trip_id": "七隈線_平日_1_169", "route_id": "七隈線", "route_color": "#009157", "route_type": "1", "trip_headsign": "橋本"}, "geometry": {"type": "LineString", "coordinates": [[130.420616, 33.59013, 0, 1775083800], [130.411583, 33.591333, 0, 1775083860], [130.401717, 33.58824, 0, 1775084040], [130.404947, 33.583968, 0, 1775084100], [130.401825, 33.581805, 0, 1775084220], [130.396203, 33.580392, 0, 1775084340], [130.386858, 33.577326, 0, 1775084460], [130.377331, 33.577693, 0, 1775084580], [130.369638, 33.574207, 0, 1775084640], [130.3654, 33.566099, 0, 1775084760], [130.361538, 33.559331, 0, 1775084880], [130.361667, 33.553207, 0, 1775084940], [130.362225, 33.547511, 0, 1775085060], [130.354993, 33.545839, 0, 1775085120], [130.346571, 33.548334, 0, 1775085240], [130.337913, 33.550533, 0, 1775085300], [130.329534, 33.552724, 0, 1775085420], [130.321122, 33.555156, 0, 1775085540]]}}, {"type": "Feature", "properties": {"trip_id": "七隈線_平日_1_170", "route_id": "七隈線", "route_color": "#009157", "route_type": "1", "trip_headsign": "橋本"}, "geometry": {"type": "LineString", "coordinates": [[130.420616, 33.59013, 0, 1775084400], [130.411583, 33.591333, 0, 1775084460], [130.401717, 33.58824, 0, 1775084640], [130.404947, 33.583968, 0, 1775084700], [130.401825, 33.581805, 0, 1775084820], [130.396203, 33.580392, 0, 1775084940], [130.386858, 33.577326, 0, 1775085060], [130.377331, 33.577693, 0, 1775085180], [130.369638, 33.574207, 0, 1775085240], [130.3654, 33.566099, 0, 1775085360], [130.361538, 33.559331, 0, 1775085480], [130.361667, 33.553207, 0, 1775085540], [130.362225, 33.547511, 0, 1775085660], [130.354993, 33.545839, 0, 1775085720], [130.346571, 33.548334, 0, 1775085840], [130.337913, 33.550533, 0, 1775085900], [130.329534, 33.552724, 0, 1775086020], [130.321122, 33.555156, 0, 1775086140]]}}, {"type": "Feature", "properties": {"trip_id": "七隈線_平日_1_171", "route_id": "七隈線", "route_color": "#009157", "route_type": "1", "trip_headsign": "橋本"}, "geometry": {"type": "LineString", "coordinates": [[130.420616, 33.59013, 0, 1775085120], [130.411583, 33.591333, 0, 1775085180], [130.401717, 33.58824, 0, 1775085360], [130.404947, 33.583968, 0, 1775085420], [130.401825, 33.581805, 0, 1775085540], [130.396203, 33.580392, 0, 1775085660], [130.386858, 33.577326, 0, 1775085780], [130.377331, 33.577693, 0, 1775085900], [130.369638, 33.574207, 0, 1775085960], [130.3654, 33.566099, 0, 1775086080], [130.361538, 33.559331, 0, 1775086200], [130.361667, 33.553207, 0, 1775086260], [130.362225, 33.547511, 0, 1775086380], [130.354993, 33.545839, 0, 1775086440], [130.346571, 33.548334, 0, 1775086560], [130.337913, 33.550533, 0, 1775086620], [130.329534, 33.552724, 0, 1775086740], [130.321122, 33.555156, 0, 1775086860]]}}, {"type": "Feature", "properties": {"trip_id": "七隈線_平日_1_172", "route_id": "七隈線", "route_color": "#009157", "route_type": "1", "trip_headsign": "橋本"}, "geometry": {"type": "LineString", "coordinates": [[130.420616, 33.59013, 0, 1775085840], [130.411583, 33.591333, 0, 1775085900], [130.401717, 33.58824, 0, 1775086080], [130.404947, 33.583968, 0, 1775086140], [130.401825, 33.581805, 0, 1775086260], [130.396203, 33.580392, 0, 1775086380], [130.386858, 33.577326, 0, 1775086500], [130.377331, 33.577693, 0, 1775086620], [130.369638, 33.574207, 0, 1775086680], [130.3654, 33.566099, 0, 1775086800], [130.361538, 33.559331, 0, 1775086920], [130.361667, 33.553207, 0, 1775086980], [130.362225, 33.547511, 0, 1775087100], [130.354993, 33.545839, 0, 1775087160], [130.346571, 33.548334, 0, 1775087280], [130.337913, 33.550533, 0, 1775087340], [130.329534, 33.552724, 0, 1775087460], [130.321122, 33.555156, 0, 1775087580]]}}, {"type": "Feature", "properties": {"trip_id": "七隈線_平日_1_173", "route_id": "七隈線", "route_color": "#009157", "route_type": "1", "trip_headsign": "橋本"}, "geometry": {"type": "LineString", "coordinates": [[130.420616, 33.59013, 0, 1775086560], [130.411583, 33.591333, 0, 1775086620], [130.401717, 33.58824, 0, 1775086800], [130.404947, 33.583968, 0, 1775086860], [130.401825, 33.581805, 0, 1775086980], [130.396203, 33.580392, 0, 1775087100], [130.386858, 33.577326, 0, 1775087220], [130.377331, 33.577693, 0, 1775087340], [130.369638, 33.574207, 0, 1775087400], [130.3654, 33.566099, 0, 1775087520], [130.361538, 33.559331, 0, 1775087640], [130.361667, 33.553207, 0, 1775087700], [130.362225, 33.547511, 0, 1775087820], [130.354993, 33.545839, 0, 1775087880], [130.346571, 33.548334, 0, 1775088000], [130.337913, 33.550533, 0, 1775088060], [130.329534, 33.552724, 0, 1775088180], [130.321122, 33.555156, 0, 1775088300]]}}, {"type": "Feature", "properties": {"trip_id": "七隈線_平日_1_174", "route_id": "七隈線", "route_color": "#009157", "route_type": "1", "trip_headsign": "橋本"}, "geometry": {"type": "LineString", "coordinates": [[130.420616, 33.59013, 0, 1775087340], [130.411583, 33.591333, 0, 1775087400], [130.401717, 33.58824, 0, 1775087580], [130.404947, 33.583968, 0, 1775087640], [130.401825, 33.581805, 0, 1775087760], [130.396203, 33.580392, 0, 1775087880], [130.386858, 33.577326, 0, 1775088000], [130.377331, 33.577693, 0, 1775088120], [130.369638, 33.574207, 0, 1775088180], [130.3654, 33.566099, 0, 1775088300], [130.361538, 33.559331, 0, 1775088420], [130.361667, 33.553207, 0, 1775088480], [130.362225, 33.547511, 0, 1775088600], [130.354993, 33.545839, 0, 1775088660], [130.346571, 33.548334, 0, 1775088780], [130.337913, 33.550533, 0, 1775088840], [130.329534, 33.552724, 0, 1775088960], [130.321122, 33.555156, 0, 1775089080]]}}, {"type": "Feature", "properties": {"trip_id": "七隈線_平日_1_175", "route_id": "七隈線", "route_color": "#009157", "route_type": "1", "trip_headsign": "橋本"}, "geometry": {"type": "LineString", "coordinates": [[130.420616, 33.59013, 0, 1775088000], [130.411583, 33.591333, 0, 1775088060], [130.401717, 33.58824, 0, 1775088240], [130.404947, 33.583968, 0, 1775088300], [130.401825, 33.581805, 0, 1775088420], [130.396203, 33.580392, 0, 1775088540], [130.386858, 33.577326, 0, 1775088660], [130.377331, 33.577693, 0, 1775088780], [130.369638, 33.574207, 0, 1775088840], [130.3654, 33.566099, 0, 1775088960], [130.361538, 33.559331, 0, 1775089080], [130.361667, 33.553207, 0, 1775089140], [130.362225, 33.547511, 0, 1775089260], [130.354993, 33.545839, 0, 1775089320], [130.346571, 33.548334, 0, 1775089440], [130.337913, 33.550533, 0, 1775089500], [130.329534, 33.552724, 0, 1775089620], [130.321122, 33.555156, 0, 1775089740]]}}, {"type": "Feature", "properties": {"trip_id": "七隈線_平日_1_176", "route_id": "七隈線", "route_color": "#009157", "route_type": "1", "trip_headsign": "橋本"}, "geometry": {"type": "LineString", "coordinates": [[130.420616, 33.59013, 0, 1775088780], [130.411583, 33.591333, 0, 1775088900], [130.401717, 33.58824, 0, 1775089020], [130.404947, 33.583968, 0, 1775089140], [130.401825, 33.581805, 0, 1775089260], [130.396203, 33.580392, 0, 1775089320], [130.386858, 33.577326, 0, 1775089440], [130.377331, 33.577693, 0, 1775089560], [130.369638, 33.574207, 0, 1775089680], [130.3654, 33.566099, 0, 1775089740], [130.361538, 33.559331, 0, 1775089860], [130.361667, 33.553207, 0, 1775089920], [130.362225, 33.547511, 0, 1775090040], [130.354993, 33.545839, 0, 1775090160], [130.346571, 33.548334, 0, 1775090220], [130.337913, 33.550533, 0, 1775090340], [130.329534, 33.552724, 0, 1775090400], [130.321122, 33.555156, 0, 1775090520]]}}, {"type": "Feature", "properties": {"trip_id": "七隈線_平日_1_177", "route_id": "七隈線", "route_color": "#009157", "route_type": "1", "trip_headsign": "橋本"}, "geometry": {"type": "LineString", "coordinates": [[130.420616, 33.59013, 0, 1775089800], [130.411583, 33.591333, 0, 1775089860], [130.401717, 33.58824, 0, 1775089980], [130.404947, 33.583968, 0, 1775090100], [130.401825, 33.581805, 0, 1775090220], [130.396203, 33.580392, 0, 1775090340], [130.386858, 33.577326, 0, 1775090400], [130.377331, 33.577693, 0, 1775090520], [130.369638, 33.574207, 0, 1775090640], [130.3654, 33.566099, 0, 1775090760], [130.361538, 33.559331, 0, 1775090820], [130.361667, 33.553207, 0, 1775090940], [130.362225, 33.547511, 0, 1775091000], [130.354993, 33.545839, 0, 1775091120], [130.346571, 33.548334, 0, 1775091240], [130.337913, 33.550533, 0, 1775091300], [130.329534, 33.552724, 0, 1775091420], [130.321122, 33.555156, 0, 1775091480]]}}, {"type": "Feature", "properties": {"trip_id": "空港線_平日_0_001", "route_id": "空港線", "route_color": "#f7931d", "route_type": "1", "trip_headsign": "福岡空港"}, "geometry": {"type": "LineString", "coordinates": [[130.325038, 33.583772, 0, 1775021400], [130.340145, 33.580947, 0, 1775021520], [130.348202, 33.581376, 0, 1775021640], [130.359714, 33.583726, 0, 1775021760], [130.370443, 33.590278, 0, 1775021880], [130.378844, 33.590081, 0, 1775022000], [130.390946, 33.589134, 0, 1775022120], [130.399379, 33.591493, 0, 1775022240], [130.405988, 33.59438, 0, 1775022360], [130.414656, 33.594156, 0, 1775022480], [130.420616, 33.59013, 0, 1775022600], [130.431265, 33.589956, 0, 1775022720], [130.448549, 33.597052, 0, 1775022900]]}}, {"type": "Feature", "properties": {"trip_id": "空港線_平日_0_002", "route_id": "空港線", "route_color": "#f7931d", "route_type": "1", "trip_headsign": "貝塚"}, "geometry": {"type": "LineString", "coordinates": [[130.325038, 33.583772, 0, 1775021700], [130.340145, 33.580947, 0, 1775021820], [130.348202, 33.581376, 0, 1775021880], [130.359714, 33.583726, 0, 1775022060], [130.370443, 33.590278, 0, 1775022180], [130.378844, 33.590081, 0, 1775022240], [130.390946, 33.589134, 0, 1775022360], [130.399379, 33.591493, 0, 1775022480], [130.405988, 33.59438, 0, 1775022600]]}}, {"type": "Feature", "properties": {"trip_id": "空港線_平日_0_003", "route_id": "空港線", "route_color": "#f7931d", "route_type": "1", "trip_headsign": "福岡空港"}, "geometry": {"type": "LineString", "coordinates": [[130.325038, 33.583772, 0, 1775021940], [130.340145, 33.580947, 0, 1775022120], [130.348202, 33.581376, 0, 1775022180], [130.359714, 33.583726, 0, 1775022300], [130.370443, 33.590278, 0, 1775022420], [130.378844, 33.590081, 0, 1775022540], [130.390946, 33.589134, 0, 1775022660], [130.399379, 33.591493, 0, 1775022780], [130.405988, 33.59438, 0, 1775022900], [130.414656, 33.594156, 0, 1775023020], [130.420616, 33.59013, 0, 1775023140], [130.431265, 33.589956, 0, 1775023260], [130.448549, 33.597052, 0, 1775023440]]}}, {"type": "Feature", "properties": {"trip_id": "空港線_平日_0_004", "route_id": "空港線", "route_color": "#f7931d", "route_type": "1", "trip_headsign": "貝塚"}, "geometry": {"type": "LineString", "coordinates": [[130.325038, 33.583772, 0, 1775022300], [130.340145, 33.580947, 0, 1775022420], [130.348202, 33.581376, 0, 1775022480], [130.359714, 33.583726, 0, 1775022660], [130.370443, 33.590278, 0, 1775022780], [130.378844, 33.590081, 0, 1775022840], [130.390946, 33.589134, 0, 1775022960], [130.399379, 33.591493, 0, 1775023080], [130.405988, 33.59438, 0, 1775023200]]}}, {"type": "Feature", "properties": {"trip_id": "空港線_平日_0_005", "route_id": "空港線", "route_color": "#f7931d", "route_type": "1", "trip_headsign": "福岡空港"}, "geometry": {"type": "LineString", "coordinates": [[130.325038, 33.583772, 0, 1775022540], [130.340145, 33.580947, 0, 1775022660], [130.348202, 33.581376, 0, 1775022780], [130.359714, 33.583726, 0, 1775022900], [130.370443, 33.590278, 0, 1775023020], [130.378844, 33.590081, 0, 1775023080], [130.390946, 33.589134, 0, 1775023260], [130.399379, 33.591493, 0, 1775023380], [130.405988, 33.59438, 0, 1775023500], [130.414656, 33.594156, 0, 1775023620], [130.420616, 33.59013, 0, 1775023740], [130.431265, 33.589956, 0, 1775023860], [130.448549, 33.597052, 0, 1775024040]]}}, {"type": "Feature", "properties": {"trip_id": "空港線_平日_0_006", "route_id": "空港線", "route_color": "#f7931d", "route_type": "1", "trip_headsign": "貝塚"}, "geometry": {"type": "LineString", "coordinates": [[130.325038, 33.583772, 0, 1775023080], [130.340145, 33.580947, 0, 1775023200], [130.348202, 33.581376, 0, 1775023260], [130.359714, 33.583726, 0, 1775023440], [130.370443, 33.590278, 0, 1775023560], [130.378844, 33.590081, 0, 1775023620], [130.390946, 33.589134, 0, 1775023740], [130.399379, 33.591493, 0, 1775023860], [130.405988, 33.59438, 0, 1775023980]]}}, {"type": "Feature", "properties": {"trip_id": "空港線_平日_0_007", "route_id": "空港線", "route_color": "#f7931d", "route_type": "1", "trip_headsign": "福岡空港"}, "geometry": {"type": "LineString", "coordinates": [[130.325038, 33.583772, 0, 1775023260], [130.340145, 33.580947, 0, 1775023380], [130.348202, 33.581376, 0, 1775023500], [130.359714, 33.583726, 0, 1775023620], [130.370443, 33.590278, 0, 1775023740], [130.378844, 33.590081, 0, 1775023800], [130.390946, 33.589134, 0, 1775023920], [130.399379, 33.591493, 0, 1775024100], [130.405988, 33.59438, 0, 1775024160], [130.414656, 33.594156, 0, 1775024280], [130.420616, 33.59013, 0, 1775024460], [130.431265, 33.589956, 0, 1775024580], [130.448549, 33.597052, 0, 1775024760]]}}, {"type": "Feature", "properties": {"trip_id": "空港線_平日_0_008", "route_id": "空港線", "route_color": "#f7931d", "route_type": "1", "trip_headsign": "貝塚"}, "geometry": {"type": "LineString", "coordinates": [[130.325038, 33.583772, 0, 1775023620], [130.340145, 33.580947, 0, 1775023740], [130.348202, 33.581376, 0, 1775023860], [130.359714, 33.583726, 0, 1775023980], [130.370443, 33.590278, 0, 1775024100], [130.378844, 33.590081, 0, 1775024220], [130.390946, 33.589134, 0, 1775024340], [130.399379, 33.591493, 0, 1775024460], [130.405988, 33.59438, 0, 1775024580]]}}, {"type": "Feature", "properties": {"trip_id": "空港線_平日_0_009", "route_id": "空港線", "route_color": "#f7931d", "route_type": "1", "trip_headsign": "福岡空港"}, "geometry": {"type": "LineString", "coordinates": [[130.325038, 33.583772, 0, 1775023860], [130.340145, 33.580947, 0, 1775023980], [130.348202, 33.581376, 0, 1775024100], [130.359714, 33.583726, 0, 1775024220], [130.370443, 33.590278, 0, 1775024340], [130.378844, 33.590081, 0, 1775024460], [130.390946, 33.589134, 0, 1775024580], [130.399379, 33.591493, 0, 1775024700], [130.405988, 33.59438, 0, 1775024820], [130.414656, 33.594156, 0, 1775024940], [130.420616, 33.59013, 0, 1775025060], [130.431265, 33.589956, 0, 1775025180], [130.448549, 33.597052, 0, 1775025360]]}}, {"type": "Feature", "properties": {"trip_id": "空港線_平日_0_010", "route_id": "空港線", "route_color": "#f7931d", "route_type": "1", "trip_headsign": "福岡空港"}, "geometry": {"type": "LineString", "coordinates": [[130.325038, 33.583772, 0, 1775024520], [130.340145, 33.580947, 0, 1775024640], [130.348202, 33.581376, 0, 1775024700], [130.359714, 33.583726, 0, 1775024880], [130.370443, 33.590278, 0, 1775025000], [130.378844, 33.590081, 0, 1775025060], [130.390946, 33.589134, 0, 1775025180], [130.399379, 33.591493, 0, 1775025300], [130.405988, 33.59438, 0, 1775025420], [130.414656, 33.594156, 0, 1775025540], [130.420616, 33.59013, 0, 1775025660], [130.431265, 33.589956, 0, 1775025840], [130.448549, 33.597052, 0, 1775026020]]}}, {"type": "Feature", "properties": {"trip_id": "空港線_平日_0_011", "route_id": "空港線", "route_color": "#f7931d", "route_type": "1", "trip_headsign": "福岡空港"}, "geometry": {"type": "LineString", "coordinates": [[130.325038, 33.583772, 0, 1775024940], [130.340145, 33.580947, 0, 1775025060], [130.348202, 33.581376, 0, 1775025180], [130.359714, 33.583726, 0, 1775025300], [130.370443, 33.590278, 0, 1775025420], [130.378844, 33.590081, 0, 1775025480], [130.390946, 33.589134, 0, 1775025660], [130.399379, 33.591493, 0, 1775025780], [130.405988, 33.59438, 0, 1775025900], [130.414656, 33.594156, 0, 1775026020], [130.420616, 33.59013, 0, 1775026140], [130.431265, 33.589956, 0, 1775026260], [130.448549, 33.597052, 0, 1775026440]]}}, {"type": "Feature", "properties": {"trip_id": "空港線_平日_0_012", "route_id": "空港線", "route_color": "#f7931d", "route_type": "1", "trip_headsign": "貝塚"}, "geometry": {"type": "LineString", "coordinates": [[130.325038, 33.583772, 0, 1775025180], [130.340145, 33.580947, 0, 1775025300], [130.348202, 33.581376, 0, 1775025420], [130.359714, 33.583726, 0, 1775025540], [130.370443, 33.590278, 0, 1775025660], [130.378844, 33.590081, 0, 1775025720], [130.390946, 33.589134, 0, 1775025840], [130.399379, 33.591493, 0, 1775026020], [130.405988, 33.59438, 0, 1775026080]]}}, {"type": "Feature", "properties": {"trip_id": "空港線_平日_0_013", "route_id": "空港線", "route_color": "#f7931d", "route_type": "1", "trip_headsign": "福岡空港"}, "geometry": {"type": "LineString", "coordinates": [[130.325038, 33.583772, 0, 1775025480], [130.340145, 33.580947, 0, 1775025660], [130.348202, 33.581376, 0, 1775025720], [130.359714, 33.583726, 0, 1775025840], [130.370443, 33.590278, 0, 1775025960], [130.378844, 33.590081, 0, 1775026080], [130.390946, 33.589134, 0, 1775026200], [130.399379, 33.591493, 0, 1775026320], [130.405988, 33.59438, 0, 1775026440], [130.414656, 33.594156, 0, 1775026560], [130.420616, 33.59013, 0, 1775026680], [130.431265, 33.589956, 0, 1775026800], [130.448549, 33.597052, 0, 1775026980]]}}, {"type": "Feature", "properties": {"trip_id": "空港線_平日_0_014", "route_id": "空港線", "route_color": "#f7931d", "route_type": "1", "trip_headsign": "貝塚"}, "geometry": {"type": "LineString", "coordinates": [[130.325038, 33.583772, 0, 1775025840], [130.340145, 33.580947, 0, 1775025960], [130.348202, 33.581376, 0, 1775026080], [130.359714, 33.583726, 0, 1775026200], [130.370443, 33.590278, 0, 1775026320], [130.378844, 33.590081, 0, 1775026440], [130.390946, 33.589134, 0, 1775026560], [130.399379, 33.591493, 0, 1775026680], [130.405988, 33.59438, 0, 1775026800]]}}, {"type": "Feature", "properties": {"trip_id": "空港線_平日_0_015", "route_id": "空港線", "route_color": "#f7931d", "route_type": "1", "trip_headsign": "福岡空港"}, "geometry": {"type": "LineString", "coordinates": [[130.325038, 33.583772, 0, 1775026020], [130.340145, 33.580947, 0, 1775026200], [130.348202, 33.581376, 0, 1775026260], [130.359714, 33.583726, 0, 1775026380], [130.370443, 33.590278, 0, 1775026500], [130.378844, 33.590081, 0, 1775026620], [130.390946, 33.589134, 0, 1775026740], [130.399379, 33.591493, 0, 1775026860], [130.405988, 33.59438, 0, 1775026980], [130.414656, 33.594156, 0, 1775027100], [130.420616, 33.59013, 0, 1775027220], [130.431265, 33.589956, 0, 1775027340], [130.448549, 33.597052, 0, 1775027520]]}}, {"type": "Feature", "properties": {"trip_id": "空港線_平日_0_016", "route_id": "空港線", "route_color": "#f7931d", "route_type": "1", "trip_headsign": "貝塚"}, "geometry": {"type": "LineString", "coordinates": [[130.325038, 33.583772, 0, 1775026260], [130.340145, 33.580947, 0, 1775026440], [130.348202, 33.581376, 0, 1775026500], [130.359714, 33.583726, 0, 1775026680], [130.370443, 33.590278, 0, 1775026800], [130.378844, 33.590081, 0, 1775026860], [130.390946, 33.589134, 0, 1775026980], [130.399379, 33.591493, 0, 1775027100], [130.405988, 33.59438, 0, 1775027220]]}}, {"type": "Feature", "properties": {"trip_id": "空港線_平日_0_017", "route_id": "空港線", "route_color": "#f7931d", "route_type": "1", "trip_headsign": "福岡空港"}, "geometry": {"type": "LineString", "coordinates": [[130.325038, 33.583772, 0, 1775026440], [130.340145, 33.580947, 0, 1775026560], [130.348202, 33.581376, 0, 1775026680], [130.359714, 33.583726, 0, 1775026800], [130.370443, 33.590278, 0, 1775026920], [130.378844, 33.590081, 0, 1775027040], [130.390946, 33.589134, 0, 1775027160], [130.399379, 33.591493, 0, 1775027280], [130.405988, 33.59438, 0, 1775027400], [130.414656, 33.594156, 0, 1775027520], [130.420616, 33.59013, 0, 1775027640], [130.431265, 33.589956, 0, 1775027760], [130.448549, 33.597052, 0, 1775027940]]}}, {"type": "Feature", "properties": {"trip_id": "空港線_平日_0_018", "route_id": "空港線", "route_color": "#f7931d", "route_type": "1", "trip_headsign": "福岡空港"}, "geometry": {"type": "LineString", "coordinates": [[130.325038, 33.583772, 0, 1775026680], [130.340145, 33.580947, 0, 1775026800], [130.348202, 33.581376, 0, 1775026860], [130.359714, 33.583726, 0, 1775027040], [130.370443, 33.590278, 0, 1775027160], [130.378844, 33.590081, 0, 1775027220], [130.390946, 33.589134, 0, 1775027340], [130.399379, 33.591493, 0, 1775027460], [130.405988, 33.59438, 0, 1775027580], [130.414656, 33.594156, 0, 1775027700], [130.420616, 33.59013, 0, 1775027820], [130.431265, 33.589956, 0, 1775028000], [130.448549, 33.597052, 0, 1775028180]]}}, {"type": "Feature", "properties": {"trip_id": "空港線_平日_0_019", "route_id": "空港線", "route_color": "#f7931d", "route_type": "1", "trip_headsign": "貝塚"}, "geometry": {"type": "LineString", "coordinates": [[130.325038, 33.583772, 0, 1775026800], [130.340145, 33.580947, 0, 1775026920], [130.348202, 33.581376, 0, 1775027040], [130.359714, 33.583726, 0, 1775027160], [130.370443, 33.590278, 0, 1775027280], [130.378844, 33.590081, 0, 1775027400], [130.390946, 33.589134, 0, 1775027520], [130.399379, 33.591493, 0, 1775027640], [130.405988, 33.59438, 0, 1775027760]]}}, {"type": "Feature", "properties": {"trip_id": "空港線_平日_0_020", "route_id": "空港線", "route_color": "#f7931d", "route_type": "1", "trip_headsign": "福岡空港"}, "geometry": {"type": "LineString", "coordinates": [[130.325038, 33.583772, 0, 1775026980], [130.340145, 33.580947, 0, 1775027100], [130.348202, 33.581376, 0, 1775027160], [130.359714, 33.583726, 0, 1775027340], [130.370443, 33.590278, 0, 1775027460], [130.378844, 33.590081, 0, 1775027520], [130.390946, 33.589134, 0, 1775027640], [130.399379, 33.591493, 0, 1775027760], [130.405988, 33.59438, 0, 1775027880], [130.414656, 33.594156, 0, 1775028000], [130.420616, 33.59013, 0, 1775028120], [130.431265, 33.589956, 0, 1775028300], [130.448549, 33.597052, 0, 1775028480]]}}, {"type": "Feature", "properties": {"trip_id": "空港線_平日_0_021", "route_id": "空港線", "route_color": "#f7931d", "route_type": "1", "trip_headsign": "福岡空港"}, "geometry": {"type": "LineString", "coordinates": [[130.325038, 33.583772, 0, 1775027220], [130.340145, 33.580947, 0, 1775027340], [130.348202, 33.581376, 0, 1775027460], [130.359714, 33.583726, 0, 1775027580], [130.370443, 33.590278, 0, 1775027700], [130.378844, 33.590081, 0, 1775027820], [130.390946, 33.589134, 0, 1775027940], [130.399379, 33.591493, 0, 1775028060], [130.405988, 33.59438, 0, 1775028240], [130.414656, 33.594156, 0, 1775028360], [130.420616, 33.59013, 0, 1775028480], [130.431265, 33.589956, 0, 1775028660], [130.448549, 33.597052, 0, 1775028840]]}}, {"type": "Feature", "properties": {"trip_id": "空港線_平日_0_022", "route_id": "空港線", "route_color": "#f7931d", "route_type": "1", "trip_headsign": "福岡空港"}, "geometry": {"type": "LineString", "coordinates": [[130.325038, 33.583772, 0, 1775027460], [130.340145, 33.580947, 0, 1775027580], [130.348202, 33.581376, 0, 1775027700], [130.359714, 33.583726, 0, 1775027820], [130.370443, 33.590278, 0, 1775027940], [130.378844, 33.590081, 0, 1775028000], [130.390946, 33.589134, 0, 1775028180], [130.399379, 33.591493, 0, 1775028300], [130.405988, 33.59438, 0, 1775028420], [130.414656, 33.594156, 0, 1775028540], [130.420616, 33.59013, 0, 1775028660], [130.431265, 33.589956, 0, 1775028840], [130.448549, 33.597052, 0, 1775029020]]}}, {"type": "Feature", "properties": {"trip_id": "空港線_平日_0_023", "route_id": "空港線", "route_color": "#f7931d", "route_type": "1", "trip_headsign": "福岡空港"}, "geometry": {"type": "LineString", "coordinates": [[130.325038, 33.583772, 0, 1775027640], [130.340145, 33.580947, 0, 1775027760], [130.348202, 33.581376, 0, 1775027880], [130.359714, 33.583726, 0, 1775028000], [130.370443, 33.590278, 0, 1775028120], [130.378844, 33.590081, 0, 1775028180], [130.390946, 33.589134, 0, 1775028300], [130.399379, 33.591493, 0, 1775028480], [130.405988, 33.59438, 0, 1775028600], [130.414656, 33.594156, 0, 1775028720], [130.420616, 33.59013, 0, 1775028840], [130.431265, 33.589956, 0, 1775029020], [130.448549, 33.597052, 0, 1775029200]]}}, {"type": "Feature", "properties": {"trip_id": "空港線_平日_0_024", "route_id": "空港線", "route_color": "#f7931d", "route_type": "1", "trip_headsign": "福岡空港"}, "geometry": {"type": "LineString", "coordinates": [[130.325038, 33.583772, 0, 1775027820], [130.340145, 33.580947, 0, 1775028000], [130.348202, 33.581376, 0, 1775028060], [130.359714, 33.583726, 0, 1775028240], [130.370443, 33.590278, 0, 1775028360], [130.378844, 33.590081, 0, 1775028420], [130.390946, 33.589134, 0, 1775028600], [130.399379, 33.591493, 0, 1775028720], [130.405988, 33.59438, 0, 1775028900], [130.414656, 33.594156, 0, 1775029020], [130.420616, 33.59013, 0, 1775029140], [130.431265, 33.589956, 0, 1775029320], [130.448549, 33.597052, 0, 1775029500]]}}, {"type": "Feature", "properties": {"trip_id": "空港線_平日_0_025", "route_id": "空港線", "route_color": "#f7931d", "route_type": "1", "trip_headsign": "貝塚"}, "geometry": {"type": "LineString", "coordinates": [[130.325038, 33.583772, 0, 1775028000], [130.340145, 33.580947, 0, 1775028180], [130.348202, 33.581376, 0, 1775028240], [130.359714, 33.583726, 0, 1775028420], [130.370443, 33.590278, 0, 1775028540], [130.378844, 33.590081, 0, 1775028600], [130.390946, 33.589134, 0, 1775028780], [130.399379, 33.591493, 0, 1775028900], [130.405988, 33.59438, 0, 1775029020]]}}, {"type": "Feature", "properties": {"trip_id": "空港線_平日_0_026", "route_id": "空港線", "route_color": "#f7931d", "route_type": "1", "trip_headsign": "福岡空港"}, "geometry": {"type": "LineString", "coordinates": [[130.325038, 33.583772, 0, 1775028180], [130.340145, 33.580947, 0, 1775028360], [130.348202, 33.581376, 0, 1775028420], [130.359714, 33.583726, 0, 1775028600], [130.370443, 33.590278, 0, 1775028720], [130.378844, 33.590081, 0, 1775028780], [130.390946, 33.589134, 0, 1775028960], [130.399379, 33.591493, 0, 1775029080], [130.405988, 33.59438, 0, 1775029200], [130.414656, 33.594156, 0, 1775029320], [130.420616, 33.59013, 0, 1775029440], [130.431265, 33.589956, 0, 1775029620], [130.448549, 33.597052, 0, 1775029800]]}}, {"type": "Feature", "properties": {"trip_id": "空港線_平日_0_027", "route_id": "空港線", "route_color": "#f7931d", "route_type": "1", "trip_headsign": "福岡空港"}, "geometry": {"type": "LineString", "coordinates": [[130.325038, 33.583772, 0, 1775028420], [130.340145, 33.580947, 0, 1775028540], [130.348202, 33.581376, 0, 1775028660], [130.359714, 33.583726, 0, 1775028780], [130.370443, 33.590278, 0, 1775028900], [130.378844, 33.590081, 0, 1775029020], [130.390946, 33.589134, 0, 1775029140], [130.399379, 33.591493, 0, 1775029260], [130.405988, 33.59438, 0, 1775029380], [130.414656, 33.594156, 0, 1775029500], [130.420616, 33.59013, 0, 1775029680], [130.431265, 33.589956, 0, 1775029800], [130.448549, 33.597052, 0, 1775029980]]}}, {"type": "Feature", "properties": {"trip_id": "空港線_平日_0_028", "route_id": "空港線", "route_color": "#f7931d", "route_type": "1", "trip_headsign": "福岡空港"}, "geometry": {"type": "LineString", "coordinates": [[130.325038, 33.583772, 0, 1775028600], [130.340145, 33.580947, 0, 1775028720], [130.348202, 33.581376, 0, 1775028840], [130.359714, 33.583726, 0, 1775028960], [130.370443, 33.590278, 0, 1775029080], [130.378844, 33.590081, 0, 1775029200], [130.390946, 33.589134, 0, 1775029320], [130.399379, 33.591493, 0, 1775029440], [130.405988, 33.59438, 0, 1775029560], [130.414656, 33.594156, 0, 1775029680], [130.420616, 33.59013, 0, 1775029860], [130.431265, 33.589956, 0, 1775029980], [130.448549, 33.597052, 0, 1775030160]]}}, {"type": "Feature", "properties": {"trip_id": "空港線_平日_0_029", "route_id": "空港線", "route_color": "#f7931d", "route_type": "1", "trip_headsign": "福岡空港"}, "geometry": {"type": "LineString", "coordinates": [[130.325038, 33.583772, 0, 1775028720], [130.340145, 33.580947, 0, 1775028900], [130.348202, 33.581376, 0, 1775028960], [130.359714, 33.583726, 0, 1775029140], [130.370443, 33.590278, 0, 1775029260], [130.378844, 33.590081, 0, 1775029320], [130.390946, 33.589134, 0, 1775029500], [130.399379, 33.591493, 0, 1775029620], [130.405988, 33.59438, 0, 1775029740], [130.414656, 33.594156, 0, 1775029860], [130.420616, 33.59013, 0, 1775030040], [130.431265, 33.589956, 0, 1775030160], [130.448549, 33.597052, 0, 1775030340]]}}, {"type": "Feature", "properties": {"trip_id": "空港線_平日_0_030", "route_id": "空港線", "route_color": "#f7931d", "route_type": "1", "trip_headsign": "福岡空港"}, "geometry": {"type": "LineString", "coordinates": [[130.325038, 33.583772, 0, 1775028900], [130.340145, 33.580947, 0, 1775029020], [130.348202, 33.581376, 0, 1775029140], [130.359714, 33.583726, 0, 1775029260], [130.370443, 33.590278, 0, 1775029380], [130.378844, 33.590081, 0, 1775029500], [130.390946, 33.589134, 0, 1775029620], [130.399379, 33.591493, 0, 1775029800], [130.405988, 33.59438, 0, 1775029920], [130.414656, 33.594156, 0, 1775030100], [130.420616, 33.59013, 0, 1775030220], [130.431265, 33.589956, 0, 1775030400], [130.448549, 33.597052, 0, 1775030580]]}}, {"type": "Feature", "properties": {"trip_id": "空港線_平日_0_031", "route_id": "空港線", "route_color": "#f7931d", "route_type": "1", "trip_headsign": "貝塚"}, "geometry": {"type": "LineString", "coordinates": [[130.325038, 33.583772, 0, 1775029080], [130.340145, 33.580947, 0, 1775029200], [130.348202, 33.581376, 0, 1775029320], [130.359714, 33.583726, 0, 1775029440], [130.370443, 33.590278, 0, 1775029560], [130.378844, 33.590081, 0, 1775029680], [130.390946, 33.589134, 0, 1775029800], [130.399379, 33.591493, 0, 1775029920], [130.405988, 33.59438, 0, 1775030040]]}}, {"type": "Feature", "properties": {"trip_id": "空港線_平日_0_032", "route_id": "空港線", "route_color": "#f7931d", "route_type": "1", "trip_headsign": "福岡空港"}, "geometry": {"type": "LineString", "coordinates": [[130.325038, 33.583772, 0, 1775029260], [130.340145, 33.580947, 0, 1775029380], [130.348202, 33.581376, 0, 1775029500], [130.359714, 33.583726, 0, 1775029620], [130.370443, 33.590278, 0, 1775029740], [130.378844, 33.590081, 0, 1775029860], [130.390946, 33.589134, 0, 1775029980], [130.399379, 33.591493, 0, 1775030160], [130.405988, 33.59438, 0, 1775030280], [130.414656, 33.594156, 0, 1775030400], [130.420616, 33.59013, 0, 1775030520], [130.431265, 33.589956, 0, 1775030700], [130.448549, 33.597052, 0, 1775030880]]}}, {"type": "Feature", "properties": {"trip_id": "空港線_平日_0_033", "route_id": "空港線", "route_color": "#f7931d", "route_type": "1", "trip_headsign": "福岡空港"}, "geometry": {"type": "LineString", "coordinates": [[130.325038, 33.583772, 0, 1775029380], [130.340145, 33.580947, 0, 1775029560], [130.348202, 33.581376, 0, 1775029620], [130.359714, 33.583726, 0, 1775029800], [130.370443, 33.590278, 0, 1775029920], [130.378844, 33.590081, 0, 1775029980], [130.390946, 33.589134, 0, 1775030160], [130.399379, 33.591493, 0, 1775030280], [130.405988, 33.59438, 0, 1775030400], [130.414656, 33.594156, 0, 1775030520], [130.420616, 33.59013, 0, 1775030700], [130.431265, 33.589956, 0, 1775030820], [130.448549, 33.597052, 0, 1775031000]]}}, {"type": "Feature", "properties": {"trip_id": "空港線_平日_0_034", "route_id": "空港線", "route_color": "#f7931d", "route_type": "1", "trip_headsign": "福岡空港"}, "geometry": {"type": "LineString", "coordinates": [[130.325038, 33.583772, 0, 1775029560], [130.340145, 33.580947, 0, 1775029740], [130.348202, 33.581376, 0, 1775029800], [130.359714, 33.583726, 0, 1775029980], [130.370443, 33.590278, 0, 1775030100], [130.378844, 33.590081, 0, 1775030220], [130.390946, 33.589134, 0, 1775030340], [130.399379, 33.591493, 0, 1775030520], [130.405988, 33.59438, 0, 1775030640], [130.414656, 33.594156, 0, 1775030760], [130.420616, 33.59013, 0, 1775030880], [130.431265, 33.589956, 0, 1775031060], [130.448549, 33.597052, 0, 1775031240]]}}, {"type": "Feature", "properties": {"trip_id": "空港線_平日_0_035", "route_id": "空港線", "route_color": "#f7931d", "route_type": "1", "trip_headsign": "福岡空港"}, "geometry": {"type": "LineString", "coordinates": [[130.325038, 33.583772, 0, 1775029740], [130.340145, 33.580947, 0, 1775029920], [130.348202, 33.581376, 0, 1775029980], [130.359714, 33.583726, 0, 1775030100], [130.370443, 33.590278, 0, 1775030280], [130.378844, 33.590081, 0, 1775030400], [130.390946, 33.589134, 0, 1775030520], [130.399379, 33.591493, 0, 1775030640], [130.405988, 33.59438, 0, 1775030760], [130.414656, 33.594156, 0, 1775030940], [130.420616, 33.59013, 0, 1775031060], [130.431265, 33.589956, 0, 1775031240], [130.448549, 33.597052, 0, 1775031420]]}}, {"type": "Feature", "properties": {"trip_id": "空港線_平日_0_036", "route_id": "空港線", "route_color": "#f7931d", "route_type": "1", "trip_headsign": "貝塚"}, "geometry": {"type": "LineString", "coordinates": [[130.325038, 33.583772, 0, 1775029920], [130.340145, 33.580947, 0, 1775030040], [130.348202, 33.581376, 0, 1775030160], [130.359714, 33.583726, 0, 1775030280], [130.370443, 33.590278, 0, 1775030400], [130.378844, 33.590081, 0, 1775030520], [130.390946, 33.589134, 0, 1775030640], [130.399379, 33.591493, 0, 1775030820], [130.405988, 33.59438, 0, 1775030940]]}}, {"type": "Feature", "properties": {"trip_id": "空港線_平日_0_037", "route_id": "空港線", "route_color": "#f7931d", "route_type": "1", "trip_headsign": "福岡空港"}, "geometry": {"type": "LineString", "coordinates": [[130.325038, 33.583772, 0, 1775030100], [130.340145, 33.580947, 0, 1775030220], [130.348202, 33.581376, 0, 1775030340], [130.359714, 33.583726, 0, 1775030460], [130.370443, 33.590278, 0, 1775030580], [130.378844, 33.590081, 0, 1775030700], [130.390946, 33.589134, 0, 1775030820], [130.399379, 33.591493, 0, 1775031000], [130.405988, 33.59438, 0, 1775031120], [130.414656, 33.594156, 0, 1775031240], [130.420616, 33.59013, 0, 1775031360], [130.431265, 33.589956, 0, 1775031480], [130.448549, 33.597052, 0, 1775031660]]}}, {"type": "Feature", "properties": {"trip_id": "空港線_平日_0_038", "route_id": "空港線", "route_color": "#f7931d", "route_type": "1", "trip_headsign": "福岡空港"}, "geometry": {"type": "LineString", "coordinates": [[130.325038, 33.583772, 0, 1775030220], [130.340145, 33.580947, 0, 1775030400], [130.348202, 33.581376, 0, 1775030460], [130.359714, 33.583726, 0, 1775030640], [130.370443, 33.590278, 0, 1775030760], [130.378844, 33.590081, 0, 1775030820], [130.390946, 33.589134, 0, 1775031000], [130.399379, 33.591493, 0, 1775031120], [130.405988, 33.59438, 0, 1775031240], [130.414656, 33.594156, 0, 1775031360], [130.420616, 33.59013, 0, 1775031540], [130.431265, 33.589956, 0, 1775031660], [130.448549, 33.597052, 0, 1775031840]]}}, {"type": "Feature", "properties": {"trip_id": "空港線_平日_0_039", "route_id": "空港線", "route_color": "#f7931d", "route_type": "1", "trip_headsign": "福岡空港"}, "geometry": {"type": "LineString", "coordinates": [[130.325038, 33.583772, 0, 1775030400], [130.340145, 33.580947, 0, 1775030580], [130.348202, 33.581376, 0, 1775030640], [130.359714, 33.583726, 0, 1775030820], [130.370443, 33.590278, 0, 1775030940], [130.378844, 33.590081, 0, 1775031000], [130.390946, 33.589134, 0, 1775031180], [130.399379, 33.591493, 0, 1775031300], [130.405988, 33.59438, 0, 1775031420], [130.414656, 33.594156, 0, 1775031540], [130.420616, 33.59013, 0, 1775031720], [130.431265, 33.589956, 0, 1775031840], [130.448549, 33.597052, 0, 1775032020]]}}, {"type": "Feature", "properties": {"trip_id": "空港線_平日_0_040", "route_id": "空港線", "route_color": "#f7931d", "route_type": "1", "trip_headsign": "福岡空港"}, "geometry": {"type": "LineString", "coordinates": [[130.325038, 33.583772, 0, 1775030580], [130.340145, 33.580947, 0, 1775030760], [130.348202, 33.581376, 0, 1775030820], [130.359714, 33.583726, 0, 1775031000], [130.370443, 33.590278, 0, 1775031120], [130.378844, 33.590081, 0, 1775031180], [130.390946, 33.589134, 0, 1775031360], [130.399379, 33.591493, 0, 1775031480], [130.405988, 33.59438, 0, 1775031600], [130.414656, 33.594156, 0, 1775031720], [130.420616, 33.59013, 0, 1775031900], [130.431265, 33.589956, 0, 1775032020], [130.448549, 33.597052, 0, 1775032200]]}}, {"type": "Feature", "properties": {"trip_id": "空港線_平日_0_041", "route_id": "空港線", "route_color": "#f7931d", "route_type": "1", "trip_headsign": "福岡空港"}, "geometry": {"type": "LineString", "coordinates": [[130.325038, 33.583772, 0, 1775030760], [130.340145, 33.580947, 0, 1775030880], [130.348202, 33.581376, 0, 1775031000], [130.359714, 33.583726, 0, 1775031120], [130.370443, 33.590278, 0, 1775031240], [130.378844, 33.590081, 0, 1775031360], [130.390946, 33.589134, 0, 1775031480], [130.399379, 33.591493, 0, 1775031660], [130.405988, 33.59438, 0, 1775031780], [130.414656, 33.594156, 0, 1775031900], [130.420616, 33.59013, 0, 1775032080], [130.431265, 33.589956, 0, 1775032200], [130.448549, 33.597052, 0, 1775032380]]}}, {"type": "Feature", "properties": {"trip_id": "空港線_平日_0_042", "route_id": "空港線", "route_color": "#f7931d", "route_type": "1", "trip_headsign": "貝塚"}, "geometry": {"type": "LineString", "coordinates": [[130.325038, 33.583772, 0, 1775030940], [130.340145, 33.580947, 0, 1775031060], [130.348202, 33.581376, 0, 1775031180], [130.359714, 33.583726, 0, 1775031300], [130.370443, 33.590278, 0, 1775031420], [130.378844, 33.590081, 0, 1775031540], [130.390946, 33.589134, 0, 1775031660], [130.399379, 33.591493, 0, 1775031840], [130.405988, 33.59438, 0, 1775031960]]}}, {"type": "Feature", "properties": {"trip_id": "空港線_平日_0_043", "route_id": "空港線", "route_color": "#f7931d", "route_type": "1", "trip_headsign": "福岡空港"}, "geometry": {"type": "LineString", "coordinates": [[130.325038, 33.583772, 0, 1775031060], [130.340145, 33.580947, 0, 1775031240], [130.348202, 33.581376, 0, 1775031300], [130.359714, 33.583726, 0, 1775031480], [130.370443, 33.590278, 0, 1775031600], [130.378844, 33.590081, 0, 1775031660], [130.390946, 33.589134, 0, 1775031840], [130.399379, 33.591493, 0, 1775031960], [130.405988, 33.59438, 0, 1775032080], [130.414656, 33.594156, 0, 1775032200], [130.420616, 33.59013, 0, 1775032320], [130.431265, 33.589956, 0, 1775032500], [130.448549, 33.597052, 0, 1775032680]]}}, {"type": "Feature", "properties": {"trip_id": "空港線_平日_0_044", "route_id": "空港線", "route_color": "#f7931d", "route_type": "1", "trip_headsign": "福岡空港"}, "geometry": {"type": "LineString", "coordinates": [[130.325038, 33.583772, 0, 1775031240], [130.340145, 33.580947, 0, 1775031360], [130.348202, 33.581376, 0, 1775031480], [130.359714, 33.583726, 0, 1775031600], [130.370443, 33.590278, 0, 1775031720], [130.378844, 33.590081, 0, 1775031840], [130.390946, 33.589134, 0, 1775031960], [130.399379, 33.591493, 0, 1775032140], [130.405988, 33.59438, 0, 1775032260], [130.414656, 33.594156, 0, 1775032380], [130.420616, 33.59013, 0, 1775032500], [130.431265, 33.589956, 0, 1775032680], [130.448549, 33.597052, 0, 1775032860]]}}, {"type": "Feature", "properties": {"trip_id": "空港線_平日_0_045", "route_id": "空港線", "route_color": "#f7931d", "route_type": "1", "trip_headsign": "福岡空港"}, "geometry": {"type": "LineString", "coordinates": [[130.325038, 33.583772, 0, 1775031420], [130.340145, 33.580947, 0, 1775031540], [130.348202, 33.581376, 0, 1775031660], [130.359714, 33.583726, 0, 1775031780], [130.370443, 33.590278, 0, 1775031900], [130.378844, 33.590081, 0, 1775032020], [130.390946, 33.589134, 0, 1775032140], [130.399379, 33.591493, 0, 1775032320], [130.405988, 33.59438, 0, 1775032440], [130.414656, 33.594156, 0, 1775032560], [130.420616, 33.59013, 0, 1775032680], [130.431265, 33.589956, 0, 1775032860], [130.448549, 33.597052, 0, 1775033040]]}}, {"type": "Feature", "properties": {"trip_id": "空港線_平日_0_046", "route_id": "空港線", "route_color": "#f7931d", "route_type": "1", "trip_headsign": "福岡空港"}, "geometry": {"type": "LineString", "coordinates": [[130.325038, 33.583772, 0, 1775031600], [130.340145, 33.580947, 0, 1775031720], [130.348202, 33.581376, 0, 1775031840], [130.359714, 33.583726, 0, 1775031960], [130.370443, 33.590278, 0, 1775032080], [130.378844, 33.590081, 0, 1775032200], [130.390946, 33.589134, 0, 1775032320], [130.399379, 33.591493, 0, 1775032500], [130.405988, 33.59438, 0, 1775032620], [130.414656, 33.594156, 0, 1775032740], [130.420616, 33.59013, 0, 1775032920], [130.431265, 33.589956, 0, 1775033040], [130.448549, 33.597052, 0, 1775033220]]}}, {"type": "Feature", "properties": {"trip_id": "空港線_平日_0_047", "route_id": "空港線", "route_color": "#f7931d", "route_type": "1", "trip_headsign": "福岡空港"}, "geometry": {"type": "LineString", "coordinates": [[130.325038, 33.583772, 0, 1775031780], [130.340145, 33.580947, 0, 1775031900], [130.348202, 33.581376, 0, 1775032020], [130.359714, 33.583726, 0, 1775032140], [130.370443, 33.590278, 0, 1775032260], [130.378844, 33.590081, 0, 1775032380], [130.390946, 33.589134, 0, 1775032500], [130.399379, 33.591493, 0, 1775032680], [130.405988, 33.59438, 0, 1775032800], [130.414656, 33.594156, 0, 1775032920], [130.420616, 33.59013, 0, 1775033040], [130.431265, 33.589956, 0, 1775033220], [130.448549, 33.597052, 0, 1775033400]]}}, {"type": "Feature", "properties": {"trip_id": "空港線_平日_0_048", "route_id": "空港線", "route_color": "#f7931d", "route_type": "1", "trip_headsign": "福岡空港"}, "geometry": {"type": "LineString", "coordinates": [[130.325038, 33.583772, 0, 1775031900], [130.340145, 33.580947, 0, 1775032080], [130.348202, 33.581376, 0, 1775032140], [130.359714, 33.583726, 0, 1775032320], [130.370443, 33.590278, 0, 1775032440], [130.378844, 33.590081, 0, 1775032500], [130.390946, 33.589134, 0, 1775032680], [130.399379, 33.591493, 0, 1775032800], [130.405988, 33.59438, 0, 1775032980], [130.414656, 33.594156, 0, 1775033100], [130.420616, 33.59013, 0, 1775033220], [130.431265, 33.589956, 0, 1775033400], [130.448549, 33.597052, 0, 1775033580]]}}, {"type": "Feature", "properties": {"trip_id": "空港線_平日_0_049", "route_id": "空港線", "route_color": "#f7931d", "route_type": "1", "trip_headsign": "貝塚"}, "geometry": {"type": "LineString", "coordinates": [[130.325038, 33.583772, 0, 1775032080], [130.340145, 33.580947, 0, 1775032200], [130.348202, 33.581376, 0, 1775032320], [130.359714, 33.583726, 0, 1775032440], [130.370443, 33.590278, 0, 1775032620], [130.378844, 33.590081, 0, 1775032680], [130.390946, 33.589134, 0, 1775032800], [130.399379, 33.591493, 0, 1775032980], [130.405988, 33.59438, 0, 1775033100]]}}, {"type": "Feature", "properties": {"trip_id": "空港線_平日_0_050", "route_id": "空港線", "route_color": "#f7931d", "route_type": "1", "trip_headsign": "福岡空港"}, "geometry": {"type": "LineString", "coordinates": [[130.325038, 33.583772, 0, 1775032260], [130.340145, 33.580947, 0, 1775032380], [130.348202, 33.581376, 0, 1775032500], [130.359714, 33.583726, 0, 1775032620], [130.370443, 33.590278, 0, 1775032740], [130.378844, 33.590081, 0, 1775032860], [130.390946, 33.589134, 0, 1775032980], [130.399379, 33.591493, 0, 1775033160], [130.405988, 33.59438, 0, 1775033220], [130.414656, 33.594156, 0, 1775033340], [130.420616, 33.59013, 0, 1775033520], [130.431265, 33.589956, 0, 1775033640], [130.448549, 33.597052, 0, 1775033820]]}}, {"type": "Feature", "properties": {"trip_id": "空港線_平日_0_051", "route_id": "空港線", "route_color": "#f7931d", "route_type": "1", "trip_headsign": "福岡空港"}, "geometry": {"type": "LineString", "coordinates": [[130.325038, 33.583772, 0, 1775032440], [130.340145, 33.580947, 0, 1775032560], [130.348202, 33.581376, 0, 1775032680], [130.359714, 33.583726, 0, 1775032800], [130.370443, 33.590278, 0, 1775032920], [130.378844, 33.590081, 0, 1775033040], [130.390946, 33.589134, 0, 1775033160], [130.399379, 33.591493, 0, 1775033340], [130.405988, 33.59438, 0, 1775033460], [130.414656, 33.594156, 0, 1775033580], [130.420616, 33.59013, 0, 1775033700], [130.431265, 33.589956, 0, 1775033880], [130.448549, 33.597052, 0, 1775034060]]}}, {"type": "Feature", "properties": {"trip_id": "空港線_平日_0_052", "route_id": "空港線", "route_color": "#f7931d", "route_type": "1", "trip_headsign": "福岡空港"}, "geometry": {"type": "LineString", "coordinates": [[130.325038, 33.583772, 0, 1775032560], [130.340145, 33.580947, 0, 1775032740], [130.348202, 33.581376, 0, 1775032800], [130.359714, 33.583726, 0, 1775032980], [130.370443, 33.590278, 0, 1775033100], [130.378844, 33.590081, 0, 1775033160], [130.390946, 33.589134, 0, 1775033340], [130.399379, 33.591493, 0, 1775033460], [130.405988, 33.59438, 0, 1775033640], [130.414656, 33.594156, 0, 1775033760], [130.420616, 33.59013, 0, 1775033880], [130.431265, 33.589956, 0, 1775034060], [130.448549, 33.597052, 0, 1775034240]]}}, {"type": "Feature", "properties": {"trip_id": "空港線_平日_0_053", "route_id": "空港線", "route_color": "#f7931d", "route_type": "1", "trip_headsign": "貝塚"}, "geometry": {"type": "LineString", "coordinates": [[130.325038, 33.583772, 0, 1775032740], [130.340145, 33.580947, 0, 1775032860], [130.348202, 33.581376, 0, 1775032980], [130.359714, 33.583726, 0, 1775033100], [130.370443, 33.590278, 0, 1775033280], [130.378844, 33.590081, 0, 1775033340], [130.390946, 33.589134, 0, 1775033460], [130.399379, 33.591493, 0, 1775033640], [130.405988, 33.59438, 0, 1775033760]]}}, {"type": "Feature", "properties": {"trip_id": "空港線_平日_0_054", "route_id": "空港線", "route_color": "#f7931d", "route_type": "1", "trip_headsign": "福岡空港"}, "geometry": {"type": "LineString", "coordinates": [[130.325038, 33.583772, 0, 1775032980], [130.340145, 33.580947, 0, 1775033100], [130.348202, 33.581376, 0, 1775033160], [130.359714, 33.583726, 0, 1775033340], [130.370443, 33.590278, 0, 1775033460], [130.378844, 33.590081, 0, 1775033520], [130.390946, 33.589134, 0, 1775033640], [130.399379, 33.591493, 0, 1775033760], [130.405988, 33.59438, 0, 1775033880], [130.414656, 33.594156, 0, 1775034000], [130.420616, 33.59013, 0, 1775034120], [130.431265, 33.589956, 0, 1775034300], [130.448549, 33.597052, 0, 1775034480]]}}, {"type": "Feature", "properties": {"trip_id": "空港線_平日_0_055", "route_id": "空港線", "route_color": "#f7931d", "route_type": "1", "trip_headsign": "福岡空港"}, "geometry": {"type": "LineString", "coordinates": [[130.325038, 33.583772, 0, 1775033160], [130.340145, 33.580947, 0, 1775033340], [130.348202, 33.581376, 0, 1775033400], [130.359714, 33.583726, 0, 1775033580], [130.370443, 33.590278, 0, 1775033700], [130.378844, 33.590081, 0, 1775033760], [130.390946, 33.589134, 0, 1775033880], [130.399379, 33.591493, 0, 1775034060], [130.405988, 33.59438, 0, 1775034180], [130.414656, 33.594156, 0, 1775034300], [130.420616, 33.59013, 0, 1775034420], [130.431265, 33.589956, 0, 1775034540], [130.448549, 33.597052, 0, 1775034720]]}}, {"type": "Feature", "properties": {"trip_id": "空港線_平日_0_056", "route_id": "空港線", "route_color": "#f7931d", "route_type": "1", "trip_headsign": "福岡空港"}, "geometry": {"type": "LineString", "coordinates": [[130.325038, 33.583772, 0, 1775033400], [130.340145, 33.580947, 0, 1775033520], [130.348202, 33.581376, 0, 1775033640], [130.359714, 33.583726, 0, 1775033760], [130.370443, 33.590278, 0, 1775033880], [130.378844, 33.590081, 0, 1775033940], [130.390946, 33.589134, 0, 1775034120], [130.399379, 33.591493, 0, 1775034240], [130.405988, 33.59438, 0, 1775034360], [130.414656, 33.594156, 0, 1775034480], [130.420616, 33.59013, 0, 1775034600], [130.431265, 33.589956, 0, 1775034720], [130.448549, 33.597052, 0, 1775034900]]}}, {"type": "Feature", "properties": {"trip_id": "空港線_平日_0_057", "route_id": "空港線", "route_color": "#f7931d", "route_type": "1", "trip_headsign": "貝塚"}, "geometry": {"type": "LineString", "coordinates": [[130.325038, 33.583772, 0, 1775033580], [130.340145, 33.580947, 0, 1775033700], [130.348202, 33.581376, 0, 1775033820], [130.359714, 33.583726, 0, 1775033940], [130.370443, 33.590278, 0, 1775034060], [130.378844, 33.590081, 0, 1775034180], [130.390946, 33.589134, 0, 1775034300], [130.399379, 33.591493, 0, 1775034420], [130.405988, 33.59438, 0, 1775034540]]}}, {"type": "Feature", "properties": {"trip_id": "空港線_平日_0_058", "route_id": "空港線", "route_color": "#f7931d", "route_type": "1", "trip_headsign": "福岡空港"}, "geometry": {"type": "LineString", "coordinates": [[130.325038, 33.583772, 0, 1775033760], [130.340145, 33.580947, 0, 1775033880], [130.348202, 33.581376, 0, 1775033940], [130.359714, 33.583726, 0, 1775034120], [130.370443, 33.590278, 0, 1775034240], [130.378844, 33.590081, 0, 1775034300], [130.390946, 33.589134, 0, 1775034420], [130.399379, 33.591493, 0, 1775034600], [130.405988, 33.59438, 0, 1775034720], [130.414656, 33.594156, 0, 1775034840], [130.420616, 33.59013, 0, 1775034960], [130.431265, 33.589956, 0, 1775035080], [130.448549, 33.597052, 0, 1775035260]]}}, {"type": "Feature", "properties": {"trip_id": "空港線_平日_0_059", "route_id": "空港線", "route_color": "#f7931d", "route_type": "1", "trip_headsign": "福岡空港"}, "geometry": {"type": "LineString", "coordinates": [[130.325038, 33.583772, 0, 1775033940], [130.340145, 33.580947, 0, 1775034060], [130.348202, 33.581376, 0, 1775034180], [130.359714, 33.583726, 0, 1775034300], [130.370443, 33.590278, 0, 1775034420], [130.378844, 33.590081, 0, 1775034540], [130.390946, 33.589134, 0, 1775034660], [130.399379, 33.591493, 0, 1775034780], [130.405988, 33.59438, 0, 1775034900], [130.414656, 33.594156, 0, 1775035020], [130.420616, 33.59013, 0, 1775035140], [130.431265, 33.589956, 0, 1775035320], [130.448549, 33.597052, 0, 1775035440]]}}, {"type": "Feature", "properties": {"trip_id": "空港線_平日_0_060", "route_id": "空港線", "route_color": "#f7931d", "route_type": "1", "trip_headsign": "福岡空港"}, "geometry": {"type": "LineString", "coordinates": [[130.325038, 33.583772, 0, 1775034120], [130.340145, 33.580947, 0, 1775034300], [130.348202, 33.581376, 0, 1775034360], [130.359714, 33.583726, 0, 1775034540], [130.370443, 33.590278, 0, 1775034660], [130.378844, 33.590081, 0, 1775034720], [130.390946, 33.589134, 0, 1775034840], [130.399379, 33.591493, 0, 1775035020], [130.405988, 33.59438, 0, 1775035140], [130.414656, 33.594156, 0, 1775035260], [130.420616, 33.59013, 0, 1775035380], [130.431265, 33.589956, 0, 1775035560], [130.448549, 33.597052, 0, 1775035740]]}}, {"type": "Feature", "properties": {"trip_id": "空港線_平日_0_061", "route_id": "空港線", "route_color": "#f7931d", "route_type": "1", "trip_headsign": "貝塚"}, "geometry": {"type": "LineString", "coordinates": [[130.325038, 33.583772, 0, 1775034300], [130.340145, 33.580947, 0, 1775034420], [130.348202, 33.581376, 0, 1775034540], [130.359714, 33.583726, 0, 1775034660], [130.370443, 33.590278, 0, 1775034780], [130.378844, 33.590081, 0, 1775034900], [130.390946, 33.589134, 0, 1775035020], [130.399379, 33.591493, 0, 1775035200], [130.405988, 33.59438, 0, 1775035320]]}}, {"type": "Feature", "properties": {"trip_id": "空港線_平日_0_062", "route_id": "空港線", "route_color": "#f7931d", "route_type": "1", "trip_headsign": "福岡空港"}, "geometry": {"type": "LineString", "coordinates": [[130.325038, 33.583772, 0, 1775034480], [130.340145, 33.580947, 0, 1775034600], [130.348202, 33.581376, 0, 1775034720], [130.359714, 33.583726, 0, 1775034840], [130.370443, 33.590278, 0, 1775034960], [130.378844, 33.590081, 0, 1775035080], [130.390946, 33.589134, 0, 1775035200], [130.399379, 33.591493, 0, 1775035380], [130.405988, 33.59438, 0, 1775035500], [130.414656, 33.594156, 0, 1775035620], [130.420616, 33.59013, 0, 1775035740], [130.431265, 33.589956, 0, 1775035860], [130.448549, 33.597052, 0, 1775036040]]}}, {"type": "Feature", "properties": {"trip_id": "空港線_平日_0_063", "route_id": "空港線", "route_color": "#f7931d", "route_type": "1", "trip_headsign": "福岡空港"}, "geometry": {"type": "LineString", "coordinates": [[130.325038, 33.583772, 0, 1775034660], [130.340145, 33.580947, 0, 1775034780], [130.348202, 33.581376, 0, 1775034900], [130.359714, 33.583726, 0, 1775035020], [130.370443, 33.590278, 0, 1775035140], [130.378844, 33.590081, 0, 1775035260], [130.390946, 33.589134, 0, 1775035380], [130.399379, 33.591493, 0, 1775035560], [130.405988, 33.59438, 0, 1775035680], [130.414656, 33.594156, 0, 1775035800], [130.420616, 33.59013, 0, 1775035920], [130.431265, 33.589956, 0, 1775036100], [130.448549, 33.597052, 0, 1775036280]]}}, {"type": "Feature", "properties": {"trip_id": "空港線_平日_0_064", "route_id": "空港線", "route_color": "#f7931d", "route_type": "1", "trip_headsign": "福岡空港"}, "geometry": {"type": "LineString", "coordinates": [[130.325038, 33.583772, 0, 1775034900], [130.340145, 33.580947, 0, 1775035020], [130.348202, 33.581376, 0, 1775035140], [130.359714, 33.583726, 0, 1775035260], [130.370443, 33.590278, 0, 1775035380], [130.378844, 33.590081, 0, 1775035500], [130.390946, 33.589134, 0, 1775035620], [130.399379, 33.591493, 0, 1775035740], [130.405988, 33.59438, 0, 1775035860], [130.414656, 33.594156, 0, 1775035980], [130.420616, 33.59013, 0, 1775036160], [130.431265, 33.589956, 0, 1775036280], [130.448549, 33.597052, 0, 1775036460]]}}, {"type": "Feature", "properties": {"trip_id": "空港線_平日_0_065", "route_id": "空港線", "route_color": "#f7931d", "route_type": "1", "trip_headsign": "貝塚"}, "geometry": {"type": "LineString", "coordinates": [[130.325038, 33.583772, 0, 1775035080], [130.340145, 33.580947, 0, 1775035200], [130.348202, 33.581376, 0, 1775035260], [130.359714, 33.583726, 0, 1775035440], [130.370443, 33.590278, 0, 1775035560], [130.378844, 33.590081, 0, 1775035620], [130.390946, 33.589134, 0, 1775035740], [130.399379, 33.591493, 0, 1775035920], [130.405988, 33.59438, 0, 1775036040]]}}, {"type": "Feature", "properties": {"trip_id": "空港線_平日_0_066", "route_id": "空港線", "route_color": "#f7931d", "route_type": "1", "trip_headsign": "福岡空港"}, "geometry": {"type": "LineString", "coordinates": [[130.325038, 33.583772, 0, 1775035200], [130.340145, 33.580947, 0, 1775035320], [130.348202, 33.581376, 0, 1775035440], [130.359714, 33.583726, 0, 1775035560], [130.370443, 33.590278, 0, 1775035680], [130.378844, 33.590081, 0, 1775035800], [130.390946, 33.589134, 0, 1775035920], [130.399379, 33.591493, 0, 1775036040], [130.405988, 33.59438, 0, 1775036160], [130.414656, 33.594156, 0, 1775036280], [130.420616, 33.59013, 0, 1775036400], [130.431265, 33.589956, 0, 1775036580], [130.448549, 33.597052, 0, 1775036760]]}}, {"type": "Feature", "properties": {"trip_id": "空港線_平日_0_067", "route_id": "空港線", "route_color": "#f7931d", "route_type": "1", "trip_headsign": "福岡空港"}, "geometry": {"type": "LineString", "coordinates": [[130.325038, 33.583772, 0, 1775035440], [130.340145, 33.580947, 0, 1775035620], [130.348202, 33.581376, 0, 1775035680], [130.359714, 33.583726, 0, 1775035800], [130.370443, 33.590278, 0, 1775035920], [130.378844, 33.590081, 0, 1775036040], [130.390946, 33.589134, 0, 1775036160], [130.399379, 33.591493, 0, 1775036280], [130.405988, 33.59438, 0, 1775036400], [130.414656, 33.594156, 0, 1775036520], [130.420616, 33.59013, 0, 1775036640], [130.431265, 33.589956, 0, 1775036760], [130.448549, 33.597052, 0, 1775036940]]}}, {"type": "Feature", "properties": {"trip_id": "空港線_平日_0_068", "route_id": "空港線", "route_color": "#f7931d", "route_type": "1", "trip_headsign": "福岡空港"}, "geometry": {"type": "LineString", "coordinates": [[130.325038, 33.583772, 0, 1775035740], [130.340145, 33.580947, 0, 1775035860], [130.348202, 33.581376, 0, 1775035980], [130.359714, 33.583726, 0, 1775036100], [130.370443, 33.590278, 0, 1775036220], [130.378844, 33.590081, 0, 1775036340], [130.390946, 33.589134, 0, 1775036460], [130.399379, 33.591493, 0, 1775036580], [130.405988, 33.59438, 0, 1775036700], [130.414656, 33.594156, 0, 1775036820], [130.420616, 33.59013, 0, 1775036940], [130.431265, 33.589956, 0, 1775037120], [130.448549, 33.597052, 0, 1775037300]]}}, {"type": "Feature", "properties": {"trip_id": "空港線_平日_0_069", "route_id": "空港線", "route_color": "#f7931d", "route_type": "1", "trip_headsign": "貝塚"}, "geometry": {"type": "LineString", "coordinates": [[130.325038, 33.583772, 0, 1775035980], [130.340145, 33.580947, 0, 1775036100], [130.348202, 33.581376, 0, 1775036220], [130.359714, 33.583726, 0, 1775036340], [130.370443, 33.590278, 0, 1775036460], [130.378844, 33.590081, 0, 1775036580], [130.390946, 33.589134, 0, 1775036700], [130.399379, 33.591493, 0, 1775036820], [130.405988, 33.59438, 0, 1775036940]]}}, {"type": "Feature", "properties": {"trip_id": "空港線_平日_0_070", "route_id": "空港線", "route_color": "#f7931d", "route_type": "1", "trip_headsign": "福岡空港"}, "geometry": {"type": "LineString", "coordinates": [[130.325038, 33.583772, 0, 1775036160], [130.340145, 33.580947, 0, 1775036280], [130.348202, 33.581376, 0, 1775036400], [130.359714, 33.583726, 0, 1775036520], [130.370443, 33.590278, 0, 1775036640], [130.378844, 33.590081, 0, 1775036760], [130.390946, 33.589134, 0, 1775036880], [130.399379, 33.591493, 0, 1775037000], [130.405988, 33.59438, 0, 1775037120], [130.414656, 33.594156, 0, 1775037240], [130.420616, 33.59013, 0, 1775037360], [130.431265, 33.589956, 0, 1775037480], [130.448549, 33.597052, 0, 1775037660]]}}, {"type": "Feature", "properties": {"trip_id": "空港線_平日_0_071", "route_id": "空港線", "route_color": "#f7931d", "route_type": "1", "trip_headsign": "福岡空港"}, "geometry": {"type": "LineString", "coordinates": [[130.325038, 33.583772, 0, 1775036400], [130.340145, 33.580947, 0, 1775036520], [130.348202, 33.581376, 0, 1775036640], [130.359714, 33.583726, 0, 1775036760], [130.370443, 33.590278, 0, 1775036880], [130.378844, 33.590081, 0, 1775036940], [130.390946, 33.589134, 0, 1775037060], [130.399379, 33.591493, 0, 1775037240], [130.405988, 33.59438, 0, 1775037360], [130.414656, 33.594156, 0, 1775037480], [130.420616, 33.59013, 0, 1775037600], [130.431265, 33.589956, 0, 1775037780], [130.448549, 33.597052, 0, 1775037960]]}}, {"type": "Feature", "properties": {"trip_id": "空港線_平日_0_072", "route_id": "空港線", "route_color": "#f7931d", "route_type": "1", "trip_headsign": "福岡空港"}, "geometry": {"type": "LineString", "coordinates": [[130.325038, 33.583772, 0, 1775036700], [130.340145, 33.580947, 0, 1775036820], [130.348202, 33.581376, 0, 1775036940], [130.359714, 33.583726, 0, 1775037060], [130.370443, 33.590278, 0, 1775037180], [130.378844, 33.590081, 0, 1775037300], [130.390946, 33.589134, 0, 1775037420], [130.399379, 33.591493, 0, 1775037540], [130.405988, 33.59438, 0, 1775037660], [130.414656, 33.594156, 0, 1775037780], [130.420616, 33.59013, 0, 1775037960], [130.431265, 33.589956, 0, 1775038080], [130.448549, 33.597052, 0, 1775038260]]}}, {"type": "Feature", "properties": {"trip_id": "空港線_平日_0_073", "route_id": "空港線", "route_color": "#f7931d", "route_type": "1", "trip_headsign": "貝塚"}, "geometry": {"type": "LineString", "coordinates": [[130.325038, 33.583772, 0, 1775036940], [130.340145, 33.580947, 0, 1775037060], [130.348202, 33.581376, 0, 1775037120], [130.359714, 33.583726, 0, 1775037300], [130.370443, 33.590278, 0, 1775037420], [130.378844, 33.590081, 0, 1775037480], [130.390946, 33.589134, 0, 1775037600], [130.399379, 33.591493, 0, 1775037720], [130.405988, 33.59438, 0, 1775037840]]}}, {"type": "Feature", "properties": {"trip_id": "空港線_平日_0_074", "route_id": "空港線", "route_color": "#f7931d", "route_type": "1", "trip_headsign": "福岡空港"}, "geometry": {"type": "LineString", "coordinates": [[130.325038, 33.583772, 0, 1775037120], [130.340145, 33.580947, 0, 1775037240], [130.348202, 33.581376, 0, 1775037300], [130.359714, 33.583726, 0, 1775037480], [130.370443, 33.590278, 0, 1775037600], [130.378844, 33.590081, 0, 1775037660], [130.390946, 33.589134, 0, 1775037780], [130.399379, 33.591493, 0, 1775037900], [130.405988, 33.59438, 0, 1775038020], [130.414656, 33.594156, 0, 1775038140], [130.420616, 33.59013, 0, 1775038260], [130.431265, 33.589956, 0, 1775038440], [130.448549, 33.597052, 0, 1775038620]]}}, {"type": "Feature", "properties": {"trip_id": "空港線_平日_0_075", "route_id": "空港線", "route_color": "#f7931d", "route_type": "1", "trip_headsign": "貝塚"}, "geometry": {"type": "LineString", "coordinates": [[130.325038, 33.583772, 0, 1775037480], [130.340145, 33.580947, 0, 1775037600], [130.348202, 33.581376, 0, 1775037720], [130.359714, 33.583726, 0, 1775037840], [130.370443, 33.590278, 0, 1775037960], [130.378844, 33.590081, 0, 1775038080], [130.390946, 33.589134, 0, 1775038200], [130.399379, 33.591493, 0, 1775038380], [130.405988, 33.59438, 0, 1775038500]]}}, {"type": "Feature", "properties": {"trip_id": "空港線_平日_0_076", "route_id": "空港線", "route_color": "#f7931d", "route_type": "1", "trip_headsign": "福岡空港"}, "geometry": {"type": "LineString", "coordinates": [[130.325038, 33.583772, 0, 1775037660], [130.340145, 33.580947, 0, 1775037780], [130.348202, 33.581376, 0, 1775037900], [130.359714, 33.583726, 0, 1775038020], [130.370443, 33.590278, 0, 1775038140], [130.378844, 33.590081, 0, 1775038260], [130.390946, 33.589134, 0, 1775038380], [130.399379, 33.591493, 0, 1775038560], [130.405988, 33.59438, 0, 1775038680], [130.414656, 33.594156, 0, 1775038800], [130.420616, 33.59013, 0, 1775038920], [130.431265, 33.589956, 0, 1775039040], [130.448549, 33.597052, 0, 1775039220]]}}, {"type": "Feature", "properties": {"trip_id": "空港線_平日_0_077", "route_id": "空港線", "route_color": "#f7931d", "route_type": "1", "trip_headsign": "福岡空港"}, "geometry": {"type": "LineString", "coordinates": [[130.325038, 33.583772, 0, 1775038020], [130.340145, 33.580947, 0, 1775038140], [130.348202, 33.581376, 0, 1775038260], [130.359714, 33.583726, 0, 1775038380], [130.370443, 33.590278, 0, 1775038500], [130.378844, 33.590081, 0, 1775038620], [130.390946, 33.589134, 0, 1775038740], [130.399379, 33.591493, 0, 1775038920], [130.405988, 33.59438, 0, 1775038980], [130.414656, 33.594156, 0, 1775039160], [130.420616, 33.59013, 0, 1775039280], [130.431265, 33.589956, 0, 1775039400], [130.448549, 33.597052, 0, 1775039580]]}}, {"type": "Feature", "properties": {"trip_id": "空港線_平日_0_078", "route_id": "空港線", "route_color": "#f7931d", "route_type": "1", "trip_headsign": "福岡空港"}, "geometry": {"type": "LineString", "coordinates": [[130.325038, 33.583772, 0, 1775038500], [130.340145, 33.580947, 0, 1775038620], [130.348202, 33.581376, 0, 1775038740], [130.359714, 33.583726, 0, 1775038860], [130.370443, 33.590278, 0, 1775038980], [130.378844, 33.590081, 0, 1775039100], [130.390946, 33.589134, 0, 1775039220], [130.399379, 33.591493, 0, 1775039340], [130.405988, 33.59438, 0, 1775039460], [130.414656, 33.594156, 0, 1775039580], [130.420616, 33.59013, 0, 1775039700], [130.431265, 33.589956, 0, 1775039820], [130.448549, 33.597052, 0, 1775040000]]}}, {"type": "Feature", "properties": {"trip_id": "空港線_平日_0_079", "route_id": "空港線", "route_color": "#f7931d", "route_type": "1", "trip_headsign": "貝塚"}, "geometry": {"type": "LineString", "coordinates": [[130.325038, 33.583772, 0, 1775038740], [130.340145, 33.580947, 0, 1775038860], [130.348202, 33.581376, 0, 1775038920], [130.359714, 33.583726, 0, 1775039100], [130.370443, 33.590278, 0, 1775039220], [130.378844, 33.590081, 0, 1775039280], [130.390946, 33.589134, 0, 1775039400], [130.399379, 33.591493, 0, 1775039520], [130.405988, 33.59438, 0, 1775039640]]}}, {"type": "Feature", "properties": {"trip_id": "空港線_平日_0_080", "route_id": "空港線", "route_color": "#f7931d", "route_type": "1", "trip_headsign": "福岡空港"}, "geometry": {"type": "LineString", "coordinates": [[130.325038, 33.583772, 0, 1775038980], [130.340145, 33.580947, 0, 1775039100], [130.348202, 33.581376, 0, 1775039220], [130.359714, 33.583726, 0, 1775039340], [130.370443, 33.590278, 0, 1775039460], [130.378844, 33.590081, 0, 1775039520], [130.390946, 33.589134, 0, 1775039700], [130.399379, 33.591493, 0, 1775039820], [130.405988, 33.59438, 0, 1775039940], [130.414656, 33.594156, 0, 1775040060], [130.420616, 33.59013, 0, 1775040180], [130.431265, 33.589956, 0, 1775040300], [130.448549, 33.597052, 0, 1775040480]]}}, {"type": "Feature", "properties": {"trip_id": "空港線_平日_0_081", "route_id": "空港線", "route_color": "#f7931d", "route_type": "1", "trip_headsign": "福岡空港"}, "geometry": {"type": "LineString", "coordinates": [[130.325038, 33.583772, 0, 1775039400], [130.340145, 33.580947, 0, 1775039520], [130.348202, 33.581376, 0, 1775039640], [130.359714, 33.583726, 0, 1775039760], [130.370443, 33.590278, 0, 1775039880], [130.378844, 33.590081, 0, 1775040000], [130.390946, 33.589134, 0, 1775040120], [130.399379, 33.591493, 0, 1775040240], [130.405988, 33.59438, 0, 1775040360], [130.414656, 33.594156, 0, 1775040480], [130.420616, 33.59013, 0, 1775040600], [130.431265, 33.589956, 0, 1775040780], [130.448549, 33.597052, 0, 1775040960]]}}, {"type": "Feature", "properties": {"trip_id": "空港線_平日_0_082", "route_id": "空港線", "route_color": "#f7931d", "route_type": "1", "trip_headsign": "貝塚"}, "geometry": {"type": "LineString", "coordinates": [[130.325038, 33.583772, 0, 1775039580], [130.340145, 33.580947, 0, 1775039700], [130.348202, 33.581376, 0, 1775039820], [130.359714, 33.583726, 0, 1775039940], [130.370443, 33.590278, 0, 1775040060], [130.378844, 33.590081, 0, 1775040180], [130.390946, 33.589134, 0, 1775040300], [130.399379, 33.591493, 0, 1775040420], [130.405988, 33.59438, 0, 1775040540]]}}, {"type": "Feature", "properties": {"trip_id": "空港線_平日_0_083", "route_id": "空港線", "route_color": "#f7931d", "route_type": "1", "trip_headsign": "福岡空港"}, "geometry": {"type": "LineString", "coordinates": [[130.325038, 33.583772, 0, 1775039880], [130.340145, 33.580947, 0, 1775040000], [130.348202, 33.581376, 0, 1775040120], [130.359714, 33.583726, 0, 1775040240], [130.370443, 33.590278, 0, 1775040360], [130.378844, 33.590081, 0, 1775040480], [130.390946, 33.589134, 0, 1775040600], [130.399379, 33.591493, 0, 1775040720], [130.405988, 33.59438, 0, 1775040840], [130.414656, 33.594156, 0, 1775040960], [130.420616, 33.59013, 0, 1775041080], [130.431265, 33.589956, 0, 1775041200], [130.448549, 33.597052, 0, 1775041380]]}}, {"type": "Feature", "properties": {"trip_id": "空港線_平日_0_084", "route_id": "空港線", "route_color": "#f7931d", "route_type": "1", "trip_headsign": "福岡空港"}, "geometry": {"type": "LineString", "coordinates": [[130.325038, 33.583772, 0, 1775040300], [130.340145, 33.580947, 0, 1775040420], [130.348202, 33.581376, 0, 1775040540], [130.359714, 33.583726, 0, 1775040660], [130.370443, 33.590278, 0, 1775040780], [130.378844, 33.590081, 0, 1775040900], [130.390946, 33.589134, 0, 1775041020], [130.399379, 33.591493, 0, 1775041140], [130.405988, 33.59438, 0, 1775041260], [130.414656, 33.594156, 0, 1775041380], [130.420616, 33.59013, 0, 1775041500], [130.431265, 33.589956, 0, 1775041620], [130.448549, 33.597052, 0, 1775041800]]}}, {"type": "Feature", "properties": {"trip_id": "空港線_平日_0_085", "route_id": "空港線", "route_color": "#f7931d", "route_type": "1", "trip_headsign": "貝塚"}, "geometry": {"type": "LineString", "coordinates": [[130.325038, 33.583772, 0, 1775040540], [130.340145, 33.580947, 0, 1775040660], [130.348202, 33.581376, 0, 1775040780], [130.359714, 33.583726, 0, 1775040900], [130.370443, 33.590278, 0, 1775041020], [130.378844, 33.590081, 0, 1775041080], [130.390946, 33.589134, 0, 1775041260], [130.399379, 33.591493, 0, 1775041380], [130.405988, 33.59438, 0, 1775041500]]}}, {"type": "Feature", "properties": {"trip_id": "空港線_平日_0_086", "route_id": "空港線", "route_color": "#f7931d", "route_type": "1", "trip_headsign": "福岡空港"}, "geometry": {"type": "LineString", "coordinates": [[130.325038, 33.583772, 0, 1775040720], [130.340145, 33.580947, 0, 1775040840], [130.348202, 33.581376, 0, 1775040960], [130.359714, 33.583726, 0, 1775041080], [130.370443, 33.590278, 0, 1775041200], [130.378844, 33.590081, 0, 1775041320], [130.390946, 33.589134, 0, 1775041440], [130.399379, 33.591493, 0, 1775041560], [130.405988, 33.59438, 0, 1775041680], [130.414656, 33.594156, 0, 1775041800], [130.420616, 33.59013, 0, 1775041920], [130.431265, 33.589956, 0, 1775042040], [130.448549, 33.597052, 0, 1775042220]]}}, {"type": "Feature", "properties": {"trip_id": "空港線_平日_0_087", "route_id": "空港線", "route_color": "#f7931d", "route_type": "1", "trip_headsign": "福岡空港"}, "geometry": {"type": "LineString", "coordinates": [[130.325038, 33.583772, 0, 1775041140], [130.340145, 33.580947, 0, 1775041260], [130.348202, 33.581376, 0, 1775041380], [130.359714, 33.583726, 0, 1775041500], [130.370443, 33.590278, 0, 1775041620], [130.378844, 33.590081, 0, 1775041740], [130.390946, 33.589134, 0, 1775041860], [130.399379, 33.591493, 0, 1775041980], [130.405988, 33.59438, 0, 1775042100], [130.414656, 33.594156, 0, 1775042220], [130.420616, 33.59013, 0, 1775042340], [130.431265, 33.589956, 0, 1775042460], [130.448549, 33.597052, 0, 1775042640]]}}, {"type": "Feature", "properties": {"trip_id": "空港線_平日_0_088", "route_id": "空港線", "route_color": "#f7931d", "route_type": "1", "trip_headsign": "貝塚"}, "geometry": {"type": "LineString", "coordinates": [[130.325038, 33.583772, 0, 1775041440], [130.340145, 33.580947, 0, 1775041620], [130.348202, 33.581376, 0, 1775041680], [130.359714, 33.583726, 0, 1775041800], [130.370443, 33.590278, 0, 1775041920], [130.378844, 33.590081, 0, 1775042040], [130.390946, 33.589134, 0, 1775042160], [130.399379, 33.591493, 0, 1775042280], [130.405988, 33.59438, 0, 1775042400]]}}, {"type": "Feature", "properties": {"trip_id": "空港線_平日_0_089", "route_id": "空港線", "route_color": "#f7931d", "route_type": "1", "trip_headsign": "福岡空港"}, "geometry": {"type": "LineString", "coordinates": [[130.325038, 33.583772, 0, 1775041620], [130.340145, 33.580947, 0, 1775041800], [130.348202, 33.581376, 0, 1775041860], [130.359714, 33.583726, 0, 1775041980], [130.370443, 33.590278, 0, 1775042100], [130.378844, 33.590081, 0, 1775042220], [130.390946, 33.589134, 0, 1775042340], [130.399379, 33.591493, 0, 1775042460], [130.405988, 33.59438, 0, 1775042580], [130.414656, 33.594156, 0, 1775042700], [130.420616, 33.59013, 0, 1775042820], [130.431265, 33.589956, 0, 1775042940], [130.448549, 33.597052, 0, 1775043120]]}}, {"type": "Feature", "properties": {"trip_id": "空港線_平日_0_090", "route_id": "空港線", "route_color": "#f7931d", "route_type": "1", "trip_headsign": "福岡空港"}, "geometry": {"type": "LineString", "coordinates": [[130.325038, 33.583772, 0, 1775042100], [130.340145, 33.580947, 0, 1775042220], [130.348202, 33.581376, 0, 1775042340], [130.359714, 33.583726, 0, 1775042460], [130.370443, 33.590278, 0, 1775042580], [130.378844, 33.590081, 0, 1775042640], [130.390946, 33.589134, 0, 1775042760], [130.399379, 33.591493, 0, 1775042940], [130.405988, 33.59438, 0, 1775043000], [130.414656, 33.594156, 0, 1775043120], [130.420616, 33.59013, 0, 1775043240], [130.431265, 33.589956, 0, 1775043420], [130.448549, 33.597052, 0, 1775043600]]}}, {"type": "Feature", "properties": {"trip_id": "空港線_平日_0_091", "route_id": "空港線", "route_color": "#f7931d", "route_type": "1", "trip_headsign": "福岡空港"}, "geometry": {"type": "LineString", "coordinates": [[130.325038, 33.583772, 0, 1775042460], [130.340145, 33.580947, 0, 1775042640], [130.348202, 33.581376, 0, 1775042700], [130.359714, 33.583726, 0, 1775042820], [130.370443, 33.590278, 0, 1775042940], [130.378844, 33.590081, 0, 1775043060], [130.390946, 33.589134, 0, 1775043180], [130.399379, 33.591493, 0, 1775043300], [130.405988, 33.59438, 0, 1775043420], [130.414656, 33.594156, 0, 1775043540], [130.420616, 33.59013, 0, 1775043660], [130.431265, 33.589956, 0, 1775043780], [130.448549, 33.597052, 0, 1775043960]]}}, {"type": "Feature", "properties": {"trip_id": "空港線_平日_0_092", "route_id": "空港線", "route_color": "#f7931d", "route_type": "1", "trip_headsign": "貝塚"}, "geometry": {"type": "LineString", "coordinates": [[130.359714, 33.583726, 0, 1775042700], [130.370443, 33.590278, 0, 1775042820], [130.378844, 33.590081, 0, 1775042880], [130.390946, 33.589134, 0, 1775043000], [130.399379, 33.591493, 0, 1775043120], [130.405988, 33.59438, 0, 1775043240]]}}, {"type": "Feature", "properties": {"trip_id": "空港線_平日_0_093", "route_id": "空港線", "route_color": "#f7931d", "route_type": "1", "trip_headsign": "福岡空港"}, "geometry": {"type": "LineString", "coordinates": [[130.325038, 33.583772, 0, 1775043000], [130.340145, 33.580947, 0, 1775043120], [130.348202, 33.581376, 0, 1775043240], [130.359714, 33.583726, 0, 1775043360], [130.370443, 33.590278, 0, 1775043480], [130.378844, 33.590081, 0, 1775043540], [130.390946, 33.589134, 0, 1775043660], [130.399379, 33.591493, 0, 1775043840], [130.405988, 33.59438, 0, 1775043900], [130.414656, 33.594156, 0, 1775044020], [130.420616, 33.59013, 0, 1775044140], [130.431265, 33.589956, 0, 1775044320], [130.448549, 33.597052, 0, 1775044500]]}}, {"type": "Feature", "properties": {"trip_id": "空港線_平日_0_094", "route_id": "空港線", "route_color": "#f7931d", "route_type": "1", "trip_headsign": "福岡空港"}, "geometry": {"type": "LineString", "coordinates": [[130.325038, 33.583772, 0, 1775043420], [130.340145, 33.580947, 0, 1775043540], [130.348202, 33.581376, 0, 1775043600], [130.359714, 33.583726, 0, 1775043780], [130.370443, 33.590278, 0, 1775043900], [130.378844, 33.590081, 0, 1775043960], [130.390946, 33.589134, 0, 1775044080], [130.399379, 33.591493, 0, 1775044260], [130.405988, 33.59438, 0, 1775044380], [130.414656, 33.594156, 0, 1775044500], [130.420616, 33.59013, 0, 1775044620], [130.431265, 33.589956, 0, 1775044740], [130.448549, 33.597052, 0, 1775044920]]}}, {"type": "Feature", "properties": {"trip_id": "空港線_平日_0_095", "route_id": "空港線", "route_color": "#f7931d", "route_type": "1", "trip_headsign": "貝塚"}, "geometry": {"type": "LineString", "coordinates": [[130.359714, 33.583726, 0, 1775043600], [130.370443, 33.590278, 0, 1775043720], [130.378844, 33.590081, 0, 1775043780], [130.390946, 33.589134, 0, 1775043900], [130.399379, 33.591493, 0, 1775044020], [130.405988, 33.59438, 0, 1775044140]]}}, {"type": "Feature", "properties": {"trip_id": "空港線_平日_0_096", "route_id": "空港線", "route_color": "#f7931d", "route_type": "1", "trip_headsign": "福岡空港"}, "geometry": {"type": "LineString", "coordinates": [[130.325038, 33.583772, 0, 1775043900], [130.340145, 33.580947, 0, 1775044020], [130.348202, 33.581376, 0, 1775044140], [130.359714, 33.583726, 0, 1775044260], [130.370443, 33.590278, 0, 1775044380], [130.378844, 33.590081, 0, 1775044440], [130.390946, 33.589134, 0, 1775044560], [130.399379, 33.591493, 0, 1775044740], [130.405988, 33.59438, 0, 1775044800], [130.414656, 33.594156, 0, 1775044920], [130.420616, 33.59013, 0, 1775045040], [130.431265, 33.589956, 0, 1775045220], [130.448549, 33.597052, 0, 1775045400]]}}, {"type": "Feature", "properties": {"trip_id": "空港線_平日_0_097", "route_id": "空港線", "route_color": "#f7931d", "route_type": "1", "trip_headsign": "福岡空港"}, "geometry": {"type": "LineString", "coordinates": [[130.325038, 33.583772, 0, 1775044380], [130.340145, 33.580947, 0, 1775044560], [130.348202, 33.581376, 0, 1775044620], [130.359714, 33.583726, 0, 1775044740], [130.370443, 33.590278, 0, 1775044860], [130.378844, 33.590081, 0, 1775044980], [130.390946, 33.589134, 0, 1775045100], [130.399379, 33.591493, 0, 1775045220], [130.405988, 33.59438, 0, 1775045340], [130.414656, 33.594156, 0, 1775045460], [130.420616, 33.59013, 0, 1775045580], [130.431265, 33.589956, 0, 1775045700], [130.448549, 33.597052, 0, 1775045880]]}}, {"type": "Feature", "properties": {"trip_id": "空港線_平日_0_098", "route_id": "空港線", "route_color": "#f7931d", "route_type": "1", "trip_headsign": "貝塚"}, "geometry": {"type": "LineString", "coordinates": [[130.359714, 33.583726, 0, 1775044440], [130.370443, 33.590278, 0, 1775044560], [130.378844, 33.590081, 0, 1775044680], [130.390946, 33.589134, 0, 1775044800], [130.399379, 33.591493, 0, 1775044920], [130.405988, 33.59438, 0, 1775045040]]}}, {"type": "Feature", "properties": {"trip_id": "空港線_平日_0_099", "route_id": "空港線", "route_color": "#f7931d", "route_type": "1", "trip_headsign": "福岡空港"}, "geometry": {"type": "LineString", "coordinates": [[130.325038, 33.583772, 0, 1775044800], [130.340145, 33.580947, 0, 1775044920], [130.348202, 33.581376, 0, 1775045040], [130.359714, 33.583726, 0, 1775045160], [130.370443, 33.590278, 0, 1775045280], [130.378844, 33.590081, 0, 1775045340], [130.390946, 33.589134, 0, 1775045520], [130.399379, 33.591493, 0, 1775045640], [130.405988, 33.59438, 0, 1775045760], [130.414656, 33.594156, 0, 1775045880], [130.420616, 33.59013, 0, 1775046000], [130.431265, 33.589956, 0, 1775046120], [130.448549, 33.597052, 0, 1775046300]]}}, {"type": "Feature", "properties": {"trip_id": "空港線_平日_0_100", "route_id": "空港線", "route_color": "#f7931d", "route_type": "1", "trip_headsign": "福岡空港"}, "geometry": {"type": "LineString", "coordinates": [[130.325038, 33.583772, 0, 1775045220], [130.340145, 33.580947, 0, 1775045340], [130.348202, 33.581376, 0, 1775045400], [130.359714, 33.583726, 0, 1775045580], [130.370443, 33.590278, 0, 1775045700], [130.378844, 33.590081, 0, 1775045760], [130.390946, 33.589134, 0, 1775045880], [130.399379, 33.591493, 0, 1775046000], [130.405988, 33.59438, 0, 1775046120], [130.414656, 33.594156, 0, 1775046240], [130.420616, 33.59013, 0, 1775046420], [130.431265, 33.589956, 0, 1775046540], [130.448549, 33.597052, 0, 1775046720]]}}, {"type": "Feature", "properties": {"trip_id": "空港線_平日_0_101", "route_id": "空港線", "route_color": "#f7931d", "route_type": "1", "trip_headsign": "貝塚"}, "geometry": {"type": "LineString", "coordinates": [[130.359714, 33.583726, 0, 1775045340], [130.370443, 33.590278, 0, 1775045460], [130.378844, 33.590081, 0, 1775045580], [130.390946, 33.589134, 0, 1775045700], [130.399379, 33.591493, 0, 1775045820], [130.405988, 33.59438, 0, 1775045940]]}}, {"type": "Feature", "properties": {"trip_id": "空港線_平日_0_102", "route_id": "空港線", "route_color": "#f7931d", "route_type": "1", "trip_headsign": "福岡空港"}, "geometry": {"type": "LineString", "coordinates": [[130.325038, 33.583772, 0, 1775045700], [130.340145, 33.580947, 0, 1775045820], [130.348202, 33.581376, 0, 1775045940], [130.359714, 33.583726, 0, 1775046060], [130.370443, 33.590278, 0, 1775046180], [130.378844, 33.590081, 0, 1775046240], [130.390946, 33.589134, 0, 1775046360], [130.399379, 33.591493, 0, 1775046540], [130.405988, 33.59438, 0, 1775046600], [130.414656, 33.594156, 0, 1775046720], [130.420616, 33.59013, 0, 1775046840], [130.431265, 33.589956, 0, 1775047020], [130.448549, 33.597052, 0, 1775047200]]}}, {"type": "Feature", "properties": {"trip_id": "空港線_平日_0_103", "route_id": "空港線", "route_color": "#f7931d", "route_type": "1", "trip_headsign": "福岡空港"}, "geometry": {"type": "LineString", "coordinates": [[130.325038, 33.583772, 0, 1775046120], [130.340145, 33.580947, 0, 1775046240], [130.348202, 33.581376, 0, 1775046300], [130.359714, 33.583726, 0, 1775046480], [130.370443, 33.590278, 0, 1775046600], [130.378844, 33.590081, 0, 1775046660], [130.390946, 33.589134, 0, 1775046780], [130.399379, 33.591493, 0, 1775046900], [130.405988, 33.59438, 0, 1775047020], [130.414656, 33.594156, 0, 1775047140], [130.420616, 33.59013, 0, 1775047320], [130.431265, 33.589956, 0, 1775047440], [130.448549, 33.597052, 0, 1775047620]]}}, {"type": "Feature", "properties": {"trip_id": "空港線_平日_0_104", "route_id": "空港線", "route_color": "#f7931d", "route_type": "1", "trip_headsign": "貝塚"}, "geometry": {"type": "LineString", "coordinates": [[130.359714, 33.583726, 0, 1775046240], [130.370443, 33.590278, 0, 1775046360], [130.378844, 33.590081, 0, 1775046420], [130.390946, 33.589134, 0, 1775046600], [130.399379, 33.591493, 0, 1775046720], [130.405988, 33.59438, 0, 1775046840]]}}, {"type": "Feature", "properties": {"trip_id": "空港線_平日_0_105", "route_id": "空港線", "route_color": "#f7931d", "route_type": "1", "trip_headsign": "福岡空港"}, "geometry": {"type": "LineString", "coordinates": [[130.325038, 33.583772, 0, 1775046600], [130.340145, 33.580947, 0, 1775046720], [130.348202, 33.581376, 0, 1775046840], [130.359714, 33.583726, 0, 1775046960], [130.370443, 33.590278, 0, 1775047080], [130.378844, 33.590081, 0, 1775047140], [130.390946, 33.589134, 0, 1775047260], [130.399379, 33.591493, 0, 1775047440], [130.405988, 33.59438, 0, 1775047500], [130.414656, 33.594156, 0, 1775047620], [130.420616, 33.59013, 0, 1775047740], [130.431265, 33.589956, 0, 1775047920], [130.448549, 33.597052, 0, 1775048100]]}}, {"type": "Feature", "properties": {"trip_id": "空港線_平日_0_106", "route_id": "空港線", "route_color": "#f7931d", "route_type": "1", "trip_headsign": "福岡空港"}, "geometry": {"type": "LineString", "coordinates": [[130.325038, 33.583772, 0, 1775047020], [130.340145, 33.580947, 0, 1775047140], [130.348202, 33.581376, 0, 1775047260], [130.359714, 33.583726, 0, 1775047380], [130.370443, 33.590278, 0, 1775047500], [130.378844, 33.590081, 0, 1775047560], [130.390946, 33.589134, 0, 1775047740], [130.399379, 33.591493, 0, 1775047860], [130.405988, 33.59438, 0, 1775047980], [130.414656, 33.594156, 0, 1775048100], [130.420616, 33.59013, 0, 1775048220], [130.431265, 33.589956, 0, 1775048340], [130.448549, 33.597052, 0, 1775048520]]}}, {"type": "Feature", "properties": {"trip_id": "空港線_平日_0_107", "route_id": "空港線", "route_color": "#f7931d", "route_type": "1", "trip_headsign": "貝塚"}, "geometry": {"type": "LineString", "coordinates": [[130.359714, 33.583726, 0, 1775047140], [130.370443, 33.590278, 0, 1775047260], [130.378844, 33.590081, 0, 1775047380], [130.390946, 33.589134, 0, 1775047500], [130.399379, 33.591493, 0, 1775047620], [130.405988, 33.59438, 0, 1775047740]]}}, {"type": "Feature", "properties": {"trip_id": "空港線_平日_0_108", "route_id": "空港線", "route_color": "#f7931d", "route_type": "1", "trip_headsign": "福岡空港"}, "geometry": {"type": "LineString", "coordinates": [[130.325038, 33.583772, 0, 1775047500], [130.340145, 33.580947, 0, 1775047620], [130.348202, 33.581376, 0, 1775047740], [130.359714, 33.583726, 0, 1775047860], [130.370443, 33.590278, 0, 1775047980], [130.378844, 33.590081, 0, 1775048040], [130.390946, 33.589134, 0, 1775048160], [130.399379, 33.591493, 0, 1775048340], [130.405988, 33.59438, 0, 1775048400], [130.414656, 33.594156, 0, 1775048520], [130.420616, 33.59013, 0, 1775048640], [130.431265, 33.589956, 0, 1775048820], [130.448549, 33.597052, 0, 1775049000]]}}, {"type": "Feature", "properties": {"trip_id": "空港線_平日_0_109", "route_id": "空港線", "route_color": "#f7931d", "route_type": "1", "trip_headsign": "福岡空港"}, "geometry": {"type": "LineString", "coordinates": [[130.325038, 33.583772, 0, 1775047920], [130.340145, 33.580947, 0, 1775048040], [130.348202, 33.581376, 0, 1775048100], [130.359714, 33.583726, 0, 1775048280], [130.370443, 33.590278, 0, 1775048400], [130.378844, 33.590081, 0, 1775048460], [130.390946, 33.589134, 0, 1775048580], [130.399379, 33.591493, 0, 1775048700], [130.405988, 33.59438, 0, 1775048820], [130.414656, 33.594156, 0, 1775048940], [130.420616, 33.59013, 0, 1775049120], [130.431265, 33.589956, 0, 1775049240], [130.448549, 33.597052, 0, 1775049420]]}}, {"type": "Feature", "properties": {"trip_id": "空港線_平日_0_110", "route_id": "空港線", "route_color": "#f7931d", "route_type": "1", "trip_headsign": "貝塚"}, "geometry": {"type": "LineString", "coordinates": [[130.359714, 33.583726, 0, 1775048100], [130.370443, 33.590278, 0, 1775048220], [130.378844, 33.590081, 0, 1775048280], [130.390946, 33.589134, 0, 1775048400], [130.399379, 33.591493, 0, 1775048520], [130.405988, 33.59438, 0, 1775048640]]}}, {"type": "Feature", "properties": {"trip_id": "空港線_平日_0_111", "route_id": "空港線", "route_color": "#f7931d", "route_type": "1", "trip_headsign": "福岡空港"}, "geometry": {"type": "LineString", "coordinates": [[130.325038, 33.583772, 0, 1775048400], [130.340145, 33.580947, 0, 1775048520], [130.348202, 33.581376, 0, 1775048640], [130.359714, 33.583726, 0, 1775048760], [130.370443, 33.590278, 0, 1775048880], [130.378844, 33.590081, 0, 1775048940], [130.390946, 33.589134, 0, 1775049120], [130.399379, 33.591493, 0, 1775049240], [130.405988, 33.59438, 0, 1775049360], [130.414656, 33.594156, 0, 1775049480], [130.420616, 33.59013, 0, 1775049600], [130.431265, 33.589956, 0, 1775049720], [130.448549, 33.597052, 0, 1775049900]]}}, {"type": "Feature", "properties": {"trip_id": "空港線_平日_0_112", "route_id": "空港線", "route_color": "#f7931d", "route_type": "1", "trip_headsign": "福岡空港"}, "geometry": {"type": "LineString", "coordinates": [[130.325038, 33.583772, 0, 1775048820], [130.340145, 33.580947, 0, 1775048940], [130.348202, 33.581376, 0, 1775049000], [130.359714, 33.583726, 0, 1775049180], [130.370443, 33.590278, 0, 1775049300], [130.378844, 33.590081, 0, 1775049360], [130.390946, 33.589134, 0, 1775049480], [130.399379, 33.591493, 0, 1775049600], [130.405988, 33.59438, 0, 1775049720], [130.414656, 33.594156, 0, 1775049840], [130.420616, 33.59013, 0, 1775050020], [130.431265, 33.589956, 0, 1775050140], [130.448549, 33.597052, 0, 1775050320]]}}, {"type": "Feature", "properties": {"trip_id": "空港線_平日_0_113", "route_id": "空港線", "route_color": "#f7931d", "route_type": "1", "trip_headsign": "貝塚"}, "geometry": {"type": "LineString", "coordinates": [[130.359714, 33.583726, 0, 1775049000], [130.370443, 33.590278, 0, 1775049120], [130.378844, 33.590081, 0, 1775049180], [130.390946, 33.589134, 0, 1775049300], [130.399379, 33.591493, 0, 1775049420], [130.405988, 33.59438, 0, 1775049540]]}}, {"type": "Feature", "properties": {"trip_id": "空港線_平日_0_114", "route_id": "空港線", "route_color": "#f7931d", "route_type": "1", "trip_headsign": "福岡空港"}, "geometry": {"type": "LineString", "coordinates": [[130.325038, 33.583772, 0, 1775049300], [130.340145, 33.580947, 0, 1775049420], [130.348202, 33.581376, 0, 1775049540], [130.359714, 33.583726, 0, 1775049660], [130.370443, 33.590278, 0, 1775049780], [130.378844, 33.590081, 0, 1775049840], [130.390946, 33.589134, 0, 1775049960], [130.399379, 33.591493, 0, 1775050140], [130.405988, 33.59438, 0, 1775050200], [130.414656, 33.594156, 0, 1775050320], [130.420616, 33.59013, 0, 1775050440], [130.431265, 33.589956, 0, 1775050620], [130.448549, 33.597052, 0, 1775050800]]}}, {"type": "Feature", "properties": {"trip_id": "空港線_平日_0_115", "route_id": "空港線", "route_color": "#f7931d", "route_type": "1", "trip_headsign": "福岡空港"}, "geometry": {"type": "LineString", "coordinates": [[130.325038, 33.583772, 0, 1775049720], [130.340145, 33.580947, 0, 1775049840], [130.348202, 33.581376, 0, 1775049900], [130.359714, 33.583726, 0, 1775050080], [130.370443, 33.590278, 0, 1775050200], [130.378844, 33.590081, 0, 1775050260], [130.390946, 33.589134, 0, 1775050380], [130.399379, 33.591493, 0, 1775050500], [130.405988, 33.59438, 0, 1775050620], [130.414656, 33.594156, 0, 1775050740], [130.420616, 33.59013, 0, 1775050920], [130.431265, 33.589956, 0, 1775051040], [130.448549, 33.597052, 0, 1775051220]]}}, {"type": "Feature", "properties": {"trip_id": "空港線_平日_0_116", "route_id": "空港線", "route_color": "#f7931d", "route_type": "1", "trip_headsign": "貝塚"}, "geometry": {"type": "LineString", "coordinates": [[130.359714, 33.583726, 0, 1775049900], [130.370443, 33.590278, 0, 1775050020], [130.378844, 33.590081, 0, 1775050080], [130.390946, 33.589134, 0, 1775050200], [130.399379, 33.591493, 0, 1775050320], [130.405988, 33.59438, 0, 1775050440]]}}, {"type": "Feature", "properties": {"trip_id": "空港線_平日_0_117", "route_id": "空港線", "route_color": "#f7931d", "route_type": "1", "trip_headsign": "福岡空港"}, "geometry": {"type": "LineString", "coordinates": [[130.325038, 33.583772, 0, 1775050200], [130.340145, 33.580947, 0, 1775050320], [130.348202, 33.581376, 0, 1775050440], [130.359714, 33.583726, 0, 1775050560], [130.370443, 33.590278, 0, 1775050680], [130.378844, 33.590081, 0, 1775050740], [130.390946, 33.589134, 0, 1775050860], [130.399379, 33.591493, 0, 1775051040], [130.405988, 33.59438, 0, 1775051100], [130.414656, 33.594156, 0, 1775051220], [130.420616, 33.59013, 0, 1775051340], [130.431265, 33.589956, 0, 1775051520], [130.448549, 33.597052, 0, 1775051700]]}}, {"type": "Feature", "properties": {"trip_id": "空港線_平日_0_118", "route_id": "空港線", "route_color": "#f7931d", "route_type": "1", "trip_headsign": "福岡空港"}, "geometry": {"type": "LineString", "coordinates": [[130.325038, 33.583772, 0, 1775050620], [130.340145, 33.580947, 0, 1775050740], [130.348202, 33.581376, 0, 1775050860], [130.359714, 33.583726, 0, 1775050980], [130.370443, 33.590278, 0, 1775051100], [130.378844, 33.590081, 0, 1775051160], [130.390946, 33.589134, 0, 1775051340], [130.399379, 33.591493, 0, 1775051460], [130.405988, 33.59438, 0, 1775051580], [130.414656, 33.594156, 0, 1775051700], [130.420616, 33.59013, 0, 1775051820], [130.431265, 33.589956, 0, 1775051940], [130.448549, 33.597052, 0, 1775052120]]}}, {"type": "Feature", "properties": {"trip_id": "空港線_平日_0_119", "route_id": "空港線", "route_color": "#f7931d", "route_type": "1", "trip_headsign": "貝塚"}, "geometry": {"type": "LineString", "coordinates": [[130.359714, 33.583726, 0, 1775050680], [130.370443, 33.590278, 0, 1775050800], [130.378844, 33.590081, 0, 1775050920], [130.390946, 33.589134, 0, 1775051040], [130.399379, 33.591493, 0, 1775051160], [130.405988, 33.59438, 0, 1775051280]]}}, {"type": "Feature", "properties": {"trip_id": "空港線_平日_0_120", "route_id": "空港線", "route_color": "#f7931d", "route_type": "1", "trip_headsign": "福岡空港"}, "geometry": {"type": "LineString", "coordinates": [[130.325038, 33.583772, 0, 1775051100], [130.340145, 33.580947, 0, 1775051220], [130.348202, 33.581376, 0, 1775051340], [130.359714, 33.583726, 0, 1775051460], [130.370443, 33.590278, 0, 1775051580], [130.378844, 33.590081, 0, 1775051700], [130.390946, 33.589134, 0, 1775051820], [130.399379, 33.591493, 0, 1775051940], [130.405988, 33.59438, 0, 1775052060], [130.414656, 33.594156, 0, 1775052180], [130.420616, 33.59013, 0, 1775052300], [130.431265, 33.589956, 0, 1775052420], [130.448549, 33.597052, 0, 1775052600]]}}, {"type": "Feature", "properties": {"trip_id": "空港線_平日_0_121", "route_id": "空港線", "route_color": "#f7931d", "route_type": "1", "trip_headsign": "福岡空港"}, "geometry": {"type": "LineString", "coordinates": [[130.325038, 33.583772, 0, 1775051520], [130.340145, 33.580947, 0, 1775051640], [130.348202, 33.581376, 0, 1775051700], [130.359714, 33.583726, 0, 1775051880], [130.370443, 33.590278, 0, 1775052000], [130.378844, 33.590081, 0, 1775052060], [130.390946, 33.589134, 0, 1775052180], [130.399379, 33.591493, 0, 1775052300], [130.405988, 33.59438, 0, 1775052420], [130.414656, 33.594156, 0, 1775052540], [130.420616, 33.59013, 0, 1775052720], [130.431265, 33.589956, 0, 1775052840], [130.448549, 33.597052, 0, 1775053020]]}}, {"type": "Feature", "properties": {"trip_id": "空港線_平日_0_122", "route_id": "空港線", "route_color": "#f7931d", "route_type": "1", "trip_headsign": "貝塚"}, "geometry": {"type": "LineString", "coordinates": [[130.359714, 33.583726, 0, 1775051640], [130.370443, 33.590278, 0, 1775051760], [130.378844, 33.590081, 0, 1775051820], [130.390946, 33.589134, 0, 1775052000], [130.399379, 33.591493, 0, 1775052120], [130.405988, 33.59438, 0, 1775052240]]}}, {"type": "Feature", "properties": {"trip_id": "空港線_平日_0_123", "route_id": "空港線", "route_color": "#f7931d", "route_type": "1", "trip_headsign": "福岡空港"}, "geometry": {"type": "LineString", "coordinates": [[130.325038, 33.583772, 0, 1775052000], [130.340145, 33.580947, 0, 1775052120], [130.348202, 33.581376, 0, 1775052240], [130.359714, 33.583726, 0, 1775052360], [130.370443, 33.590278, 0, 1775052480], [130.378844, 33.590081, 0, 1775052540], [130.390946, 33.589134, 0, 1775052720], [130.399379, 33.591493, 0, 1775052840], [130.405988, 33.59438, 0, 1775052960], [130.414656, 33.594156, 0, 1775053080], [130.420616, 33.59013, 0, 1775053200], [130.431265, 33.589956, 0, 1775053320], [130.448549, 33.597052, 0, 1775053500]]}}, {"type": "Feature", "properties": {"trip_id": "空港線_平日_0_124", "route_id": "空港線", "route_color": "#f7931d", "route_type": "1", "trip_headsign": "福岡空港"}, "geometry": {"type": "LineString", "coordinates": [[130.325038, 33.583772, 0, 1775052420], [130.340145, 33.580947, 0, 1775052540], [130.348202, 33.581376, 0, 1775052600], [130.359714, 33.583726, 0, 1775052780], [130.370443, 33.590278, 0, 1775052900], [130.378844, 33.590081, 0, 1775052960], [130.390946, 33.589134, 0, 1775053080], [130.399379, 33.591493, 0, 1775053200], [130.405988, 33.59438, 0, 1775053320], [130.414656, 33.594156, 0, 1775053440], [130.420616, 33.59013, 0, 1775053620], [130.431265, 33.589956, 0, 1775053740], [130.448549, 33.597052, 0, 1775053920]]}}, {"type": "Feature", "properties": {"trip_id": "空港線_平日_0_125", "route_id": "空港線", "route_color": "#f7931d", "route_type": "1", "trip_headsign": "貝塚"}, "geometry": {"type": "LineString", "coordinates": [[130.359714, 33.583726, 0, 1775052540], [130.370443, 33.590278, 0, 1775052660], [130.378844, 33.590081, 0, 1775052780], [130.390946, 33.589134, 0, 1775052900], [130.399379, 33.591493, 0, 1775053020], [130.405988, 33.59438, 0, 1775053140]]}}, {"type": "Feature", "properties": {"trip_id": "空港線_平日_0_126", "route_id": "空港線", "route_color": "#f7931d", "route_type": "1", "trip_headsign": "福岡空港"}, "geometry": {"type": "LineString", "coordinates": [[130.325038, 33.583772, 0, 1775052900], [130.340145, 33.580947, 0, 1775053020], [130.348202, 33.581376, 0, 1775053140], [130.359714, 33.583726, 0, 1775053260], [130.370443, 33.590278, 0, 1775053380], [130.378844, 33.590081, 0, 1775053440], [130.390946, 33.589134, 0, 1775053560], [130.399379, 33.591493, 0, 1775053740], [130.405988, 33.59438, 0, 1775053800], [130.414656, 33.594156, 0, 1775053920], [130.420616, 33.59013, 0, 1775054040], [130.431265, 33.589956, 0, 1775054220], [130.448549, 33.597052, 0, 1775054400]]}}, {"type": "Feature", "properties": {"trip_id": "空港線_平日_0_127", "route_id": "空港線", "route_color": "#f7931d", "route_type": "1", "trip_headsign": "福岡空港"}, "geometry": {"type": "LineString", "coordinates": [[130.325038, 33.583772, 0, 1775053320], [130.340145, 33.580947, 0, 1775053440], [130.348202, 33.581376, 0, 1775053500], [130.359714, 33.583726, 0, 1775053680], [130.370443, 33.590278, 0, 1775053800], [130.378844, 33.590081, 0, 1775053860], [130.390946, 33.589134, 0, 1775053980], [130.399379, 33.591493, 0, 1775054160], [130.405988, 33.59438, 0, 1775054280], [130.414656, 33.594156, 0, 1775054400], [130.420616, 33.59013, 0, 1775054520], [130.431265, 33.589956, 0, 1775054640], [130.448549, 33.597052, 0, 1775054820]]}}, {"type": "Feature", "properties": {"trip_id": "空港線_平日_0_128", "route_id": "空港線", "route_color": "#f7931d", "route_type": "1", "trip_headsign": "貝塚"}, "geometry": {"type": "LineString", "coordinates": [[130.359714, 33.583726, 0, 1775053440], [130.370443, 33.590278, 0, 1775053560], [130.378844, 33.590081, 0, 1775053680], [130.390946, 33.589134, 0, 1775053800], [130.399379, 33.591493, 0, 1775053920], [130.405988, 33.59438, 0, 1775054040]]}}, {"type": "Feature", "properties": {"trip_id": "空港線_平日_0_129", "route_id": "空港線", "route_color": "#f7931d", "route_type": "1", "trip_headsign": "福岡空港"}, "geometry": {"type": "LineString", "coordinates": [[130.325038, 33.583772, 0, 1775053800], [130.340145, 33.580947, 0, 1775053920], [130.348202, 33.581376, 0, 1775054040], [130.359714, 33.583726, 0, 1775054160], [130.370443, 33.590278, 0, 1775054280], [130.378844, 33.590081, 0, 1775054340], [130.390946, 33.589134, 0, 1775054460], [130.399379, 33.591493, 0, 1775054640], [130.405988, 33.59438, 0, 1775054700], [130.414656, 33.594156, 0, 1775054820], [130.420616, 33.59013, 0, 1775054940], [130.431265, 33.589956, 0, 1775055120], [130.448549, 33.597052, 0, 1775055300]]}}, {"type": "Feature", "properties": {"trip_id": "空港線_平日_0_130", "route_id": "空港線", "route_color": "#f7931d", "route_type": "1", "trip_headsign": "福岡空港"}, "geometry": {"type": "LineString", "coordinates": [[130.325038, 33.583772, 0, 1775054220], [130.340145, 33.580947, 0, 1775054340], [130.348202, 33.581376, 0, 1775054400], [130.359714, 33.583726, 0, 1775054580], [130.370443, 33.590278, 0, 1775054700], [130.378844, 33.590081, 0, 1775054760], [130.390946, 33.589134, 0, 1775054880], [130.399379, 33.591493, 0, 1775055000], [130.405988, 33.59438, 0, 1775055120], [130.414656, 33.594156, 0, 1775055240], [130.420616, 33.59013, 0, 1775055360], [130.431265, 33.589956, 0, 1775055540], [130.448549, 33.597052, 0, 1775055720]]}}, {"type": "Feature", "properties": {"trip_id": "空港線_平日_0_131", "route_id": "空港線", "route_color": "#f7931d", "route_type": "1", "trip_headsign": "貝塚"}, "geometry": {"type": "LineString", "coordinates": [[130.359714, 33.583726, 0, 1775054340], [130.370443, 33.590278, 0, 1775054460], [130.378844, 33.590081, 0, 1775054580], [130.390946, 33.589134, 0, 1775054700], [130.399379, 33.591493, 0, 1775054820], [130.405988, 33.59438, 0, 1775054940]]}}, {"type": "Feature", "properties": {"trip_id": "空港線_平日_0_132", "route_id": "空港線", "route_color": "#f7931d", "route_type": "1", "trip_headsign": "福岡空港"}, "geometry": {"type": "LineString", "coordinates": [[130.325038, 33.583772, 0, 1775054700], [130.340145, 33.580947, 0, 1775054820], [130.348202, 33.581376, 0, 1775054940], [130.359714, 33.583726, 0, 1775055060], [130.370443, 33.590278, 0, 1775055180], [130.378844, 33.590081, 0, 1775055240], [130.390946, 33.589134, 0, 1775055360], [130.399379, 33.591493, 0, 1775055540], [130.405988, 33.59438, 0, 1775055600], [130.414656, 33.594156, 0, 1775055720], [130.420616, 33.59013, 0, 1775055840], [130.431265, 33.589956, 0, 1775056020], [130.448549, 33.597052, 0, 1775056200]]}}, {"type": "Feature", "properties": {"trip_id": "空港線_平日_0_133", "route_id": "空港線", "route_color": "#f7931d", "route_type": "1", "trip_headsign": "福岡空港"}, "geometry": {"type": "LineString", "coordinates": [[130.325038, 33.583772, 0, 1775055120], [130.340145, 33.580947, 0, 1775055240], [130.348202, 33.581376, 0, 1775055300], [130.359714, 33.583726, 0, 1775055480], [130.370443, 33.590278, 0, 1775055600], [130.378844, 33.590081, 0, 1775055660], [130.390946, 33.589134, 0, 1775055780], [130.399379, 33.591493, 0, 1775055900], [130.405988, 33.59438, 0, 1775056020], [130.414656, 33.594156, 0, 1775056140], [130.420616, 33.59013, 0, 1775056260], [130.431265, 33.589956, 0, 1775056440], [130.448549, 33.597052, 0, 1775056620]]}}, {"type": "Feature", "properties": {"trip_id": "空港線_平日_0_134", "route_id": "空港線", "route_color": "#f7931d", "route_type": "1", "trip_headsign": "貝塚"}, "geometry": {"type": "LineString", "coordinates": [[130.359714, 33.583726, 0, 1775055300], [130.370443, 33.590278, 0, 1775055420], [130.378844, 33.590081, 0, 1775055480], [130.390946, 33.589134, 0, 1775055600], [130.399379, 33.591493, 0, 1775055720], [130.405988, 33.59438, 0, 1775055840]]}}, {"type": "Feature", "properties": {"trip_id": "空港線_平日_0_135", "route_id": "空港線", "route_color": "#f7931d", "route_type": "1", "trip_headsign": "福岡空港"}, "geometry": {"type": "LineString", "coordinates": [[130.325038, 33.583772, 0, 1775055600], [130.340145, 33.580947, 0, 1775055720], [130.348202, 33.581376, 0, 1775055840], [130.359714, 33.583726, 0, 1775055960], [130.370443, 33.590278, 0, 1775056080], [130.378844, 33.590081, 0, 1775056140], [130.390946, 33.589134, 0, 1775056320], [130.399379, 33.591493, 0, 1775056440], [130.405988, 33.59438, 0, 1775056560], [130.414656, 33.594156, 0, 1775056680], [130.420616, 33.59013, 0, 1775056800], [130.431265, 33.589956, 0, 1775056920], [130.448549, 33.597052, 0, 1775057100]]}}, {"type": "Feature", "properties": {"trip_id": "空港線_平日_0_136", "route_id": "空港線", "route_color": "#f7931d", "route_type": "1", "trip_headsign": "福岡空港"}, "geometry": {"type": "LineString", "coordinates": [[130.325038, 33.583772, 0, 1775056020], [130.340145, 33.580947, 0, 1775056140], [130.348202, 33.581376, 0, 1775056200], [130.359714, 33.583726, 0, 1775056380], [130.370443, 33.590278, 0, 1775056500], [130.378844, 33.590081, 0, 1775056560], [130.390946, 33.589134, 0, 1775056680], [130.399379, 33.591493, 0, 1775056800], [130.405988, 33.59438, 0, 1775056920], [130.414656, 33.594156, 0, 1775057040], [130.420616, 33.59013, 0, 1775057160], [130.431265, 33.589956, 0, 1775057340], [130.448549, 33.597052, 0, 1775057520]]}}, {"type": "Feature", "properties": {"trip_id": "空港線_平日_0_137", "route_id": "空港線", "route_color": "#f7931d", "route_type": "1", "trip_headsign": "貝塚"}, "geometry": {"type": "LineString", "coordinates": [[130.359714, 33.583726, 0, 1775056080], [130.370443, 33.590278, 0, 1775056200], [130.378844, 33.590081, 0, 1775056320], [130.390946, 33.589134, 0, 1775056440], [130.399379, 33.591493, 0, 1775056560], [130.405988, 33.59438, 0, 1775056680]]}}, {"type": "Feature", "properties": {"trip_id": "空港線_平日_0_138", "route_id": "空港線", "route_color": "#f7931d", "route_type": "1", "trip_headsign": "福岡空港"}, "geometry": {"type": "LineString", "coordinates": [[130.325038, 33.583772, 0, 1775056500], [130.340145, 33.580947, 0, 1775056620], [130.348202, 33.581376, 0, 1775056740], [130.359714, 33.583726, 0, 1775056860], [130.370443, 33.590278, 0, 1775056980], [130.378844, 33.590081, 0, 1775057040], [130.390946, 33.589134, 0, 1775057160], [130.399379, 33.591493, 0, 1775057340], [130.405988, 33.59438, 0, 1775057400], [130.414656, 33.594156, 0, 1775057520], [130.420616, 33.59013, 0, 1775057640], [130.431265, 33.589956, 0, 1775057820], [130.448549, 33.597052, 0, 1775058000]]}}, {"type": "Feature", "properties": {"trip_id": "空港線_平日_0_139", "route_id": "空港線", "route_color": "#f7931d", "route_type": "1", "trip_headsign": "福岡空港"}, "geometry": {"type": "LineString", "coordinates": [[130.325038, 33.583772, 0, 1775056920], [130.340145, 33.580947, 0, 1775057040], [130.348202, 33.581376, 0, 1775057100], [130.359714, 33.583726, 0, 1775057280], [130.370443, 33.590278, 0, 1775057400], [130.378844, 33.590081, 0, 1775057460], [130.390946, 33.589134, 0, 1775057580], [130.399379, 33.591493, 0, 1775057700], [130.405988, 33.59438, 0, 1775057820], [130.414656, 33.594156, 0, 1775057940], [130.420616, 33.59013, 0, 1775058060], [130.431265, 33.589956, 0, 1775058240], [130.448549, 33.597052, 0, 1775058420]]}}, {"type": "Feature", "properties": {"trip_id": "空港線_平日_0_140", "route_id": "空港線", "route_color": "#f7931d", "route_type": "1", "trip_headsign": "貝塚"}, "geometry": {"type": "LineString", "coordinates": [[130.359714, 33.583726, 0, 1775057040], [130.370443, 33.590278, 0, 1775057160], [130.378844, 33.590081, 0, 1775057220], [130.390946, 33.589134, 0, 1775057400], [130.399379, 33.591493, 0, 1775057520], [130.405988, 33.59438, 0, 1775057640]]}}, {"type": "Feature", "properties": {"trip_id": "空港線_平日_0_141", "route_id": "空港線", "route_color": "#f7931d", "route_type": "1", "trip_headsign": "福岡空港"}, "geometry": {"type": "LineString", "coordinates": [[130.325038, 33.583772, 0, 1775057400], [130.340145, 33.580947, 0, 1775057520], [130.348202, 33.581376, 0, 1775057640], [130.359714, 33.583726, 0, 1775057760], [130.370443, 33.590278, 0, 1775057880], [130.378844, 33.590081, 0, 1775057940], [130.390946, 33.589134, 0, 1775058060], [130.399379, 33.591493, 0, 1775058240], [130.405988, 33.59438, 0, 1775058300], [130.414656, 33.594156, 0, 1775058420], [130.420616, 33.59013, 0, 1775058540], [130.431265, 33.589956, 0, 1775058720], [130.448549, 33.597052, 0, 1775058900]]}}, {"type": "Feature", "properties": {"trip_id": "空港線_平日_0_142", "route_id": "空港線", "route_color": "#f7931d", "route_type": "1", "trip_headsign": "福岡空港"}, "geometry": {"type": "LineString", "coordinates": [[130.325038, 33.583772, 0, 1775057820], [130.340145, 33.580947, 0, 1775057940], [130.348202, 33.581376, 0, 1775058000], [130.359714, 33.583726, 0, 1775058180], [130.370443, 33.590278, 0, 1775058300], [130.378844, 33.590081, 0, 1775058360], [130.390946, 33.589134, 0, 1775058480], [130.399379, 33.591493, 0, 1775058600], [130.405988, 33.59438, 0, 1775058720], [130.414656, 33.594156, 0, 1775058840], [130.420616, 33.59013, 0, 1775058960], [130.431265, 33.589956, 0, 1775059140], [130.448549, 33.597052, 0, 1775059320]]}}, {"type": "Feature", "properties": {"trip_id": "空港線_平日_0_143", "route_id": "空港線", "route_color": "#f7931d", "route_type": "1", "trip_headsign": "貝塚"}, "geometry": {"type": "LineString", "coordinates": [[130.359714, 33.583726, 0, 1775057940], [130.370443, 33.590278, 0, 1775058060], [130.378844, 33.590081, 0, 1775058180], [130.390946, 33.589134, 0, 1775058300], [130.399379, 33.591493, 0, 1775058420], [130.405988, 33.59438, 0, 1775058540]]}}, {"type": "Feature", "properties": {"trip_id": "空港線_平日_0_144", "route_id": "空港線", "route_color": "#f7931d", "route_type": "1", "trip_headsign": "福岡空港"}, "geometry": {"type": "LineString", "coordinates": [[130.325038, 33.583772, 0, 1775058300], [130.340145, 33.580947, 0, 1775058420], [130.348202, 33.581376, 0, 1775058540], [130.359714, 33.583726, 0, 1775058660], [130.370443, 33.590278, 0, 1775058780], [130.378844, 33.590081, 0, 1775058840], [130.390946, 33.589134, 0, 1775058960], [130.399379, 33.591493, 0, 1775059140], [130.405988, 33.59438, 0, 1775059200], [130.414656, 33.594156, 0, 1775059320], [130.420616, 33.59013, 0, 1775059440], [130.431265, 33.589956, 0, 1775059620], [130.448549, 33.597052, 0, 1775059800]]}}, {"type": "Feature", "properties": {"trip_id": "空港線_平日_0_145", "route_id": "空港線", "route_color": "#f7931d", "route_type": "1", "trip_headsign": "福岡空港"}, "geometry": {"type": "LineString", "coordinates": [[130.325038, 33.583772, 0, 1775058720], [130.340145, 33.580947, 0, 1775058840], [130.348202, 33.581376, 0, 1775058900], [130.359714, 33.583726, 0, 1775059080], [130.370443, 33.590278, 0, 1775059200], [130.378844, 33.590081, 0, 1775059260], [130.390946, 33.589134, 0, 1775059380], [130.399379, 33.591493, 0, 1775059560], [130.405988, 33.59438, 0, 1775059680], [130.414656, 33.594156, 0, 1775059800], [130.420616, 33.59013, 0, 1775059920], [130.431265, 33.589956, 0, 1775060040], [130.448549, 33.597052, 0, 1775060220]]}}, {"type": "Feature", "properties": {"trip_id": "空港線_平日_0_146", "route_id": "空港線", "route_color": "#f7931d", "route_type": "1", "trip_headsign": "貝塚"}, "geometry": {"type": "LineString", "coordinates": [[130.359714, 33.583726, 0, 1775058840], [130.370443, 33.590278, 0, 1775058960], [130.378844, 33.590081, 0, 1775059080], [130.390946, 33.589134, 0, 1775059200], [130.399379, 33.591493, 0, 1775059320], [130.405988, 33.59438, 0, 1775059440]]}}, {"type": "Feature", "properties": {"trip_id": "空港線_平日_0_147", "route_id": "空港線", "route_color": "#f7931d", "route_type": "1", "trip_headsign": "福岡空港"}, "geometry": {"type": "LineString", "coordinates": [[130.325038, 33.583772, 0, 1775059140], [130.340145, 33.580947, 0, 1775059320], [130.348202, 33.581376, 0, 1775059380], [130.359714, 33.583726, 0, 1775059500], [130.370443, 33.590278, 0, 1775059620], [130.378844, 33.590081, 0, 1775059740], [130.390946, 33.589134, 0, 1775059860], [130.399379, 33.591493, 0, 1775059980], [130.405988, 33.59438, 0, 1775060100], [130.414656, 33.594156, 0, 1775060220], [130.420616, 33.59013, 0, 1775060340], [130.431265, 33.589956, 0, 1775060460], [130.448549, 33.597052, 0, 1775060640]]}}, {"type": "Feature", "properties": {"trip_id": "空港線_平日_0_148", "route_id": "空港線", "route_color": "#f7931d", "route_type": "1", "trip_headsign": "貝塚"}, "geometry": {"type": "LineString", "coordinates": [[130.325038, 33.583772, 0, 1775059380], [130.340145, 33.580947, 0, 1775059500], [130.348202, 33.581376, 0, 1775059620], [130.359714, 33.583726, 0, 1775059740], [130.370443, 33.590278, 0, 1775059860], [130.378844, 33.590081, 0, 1775059920], [130.390946, 33.589134, 0, 1775060100], [130.399379, 33.591493, 0, 1775060220], [130.405988, 33.59438, 0, 1775060340]]}}, {"type": "Feature", "properties": {"trip_id": "空港線_平日_0_149", "route_id": "空港線", "route_color": "#f7931d", "route_type": "1", "trip_headsign": "福岡空港"}, "geometry": {"type": "LineString", "coordinates": [[130.325038, 33.583772, 0, 1775059620], [130.340145, 33.580947, 0, 1775059740], [130.348202, 33.581376, 0, 1775059860], [130.359714, 33.583726, 0, 1775059980], [130.370443, 33.590278, 0, 1775060100], [130.378844, 33.590081, 0, 1775060220], [130.390946, 33.589134, 0, 1775060340], [130.399379, 33.591493, 0, 1775060460], [130.405988, 33.59438, 0, 1775060580], [130.414656, 33.594156, 0, 1775060700], [130.420616, 33.59013, 0, 1775060820], [130.431265, 33.589956, 0, 1775060940], [130.448549, 33.597052, 0, 1775061120]]}}, {"type": "Feature", "properties": {"trip_id": "空港線_平日_0_150", "route_id": "空港線", "route_color": "#f7931d", "route_type": "1", "trip_headsign": "福岡空港"}, "geometry": {"type": "LineString", "coordinates": [[130.325038, 33.583772, 0, 1775059920], [130.340145, 33.580947, 0, 1775060040], [130.348202, 33.581376, 0, 1775060160], [130.359714, 33.583726, 0, 1775060280], [130.370443, 33.590278, 0, 1775060400], [130.378844, 33.590081, 0, 1775060520], [130.390946, 33.589134, 0, 1775060640], [130.399379, 33.591493, 0, 1775060760], [130.405988, 33.59438, 0, 1775060880], [130.414656, 33.594156, 0, 1775061000], [130.420616, 33.59013, 0, 1775061120], [130.431265, 33.589956, 0, 1775061240], [130.448549, 33.597052, 0, 1775061420]]}}, {"type": "Feature", "properties": {"trip_id": "空港線_平日_0_151", "route_id": "空港線", "route_color": "#f7931d", "route_type": "1", "trip_headsign": "福岡空港"}, "geometry": {"type": "LineString", "coordinates": [[130.325038, 33.583772, 0, 1775060220], [130.340145, 33.580947, 0, 1775060340], [130.348202, 33.581376, 0, 1775060460], [130.359714, 33.583726, 0, 1775060580], [130.370443, 33.590278, 0, 1775060700], [130.378844, 33.590081, 0, 1775060820], [130.390946, 33.589134, 0, 1775060940], [130.399379, 33.591493, 0, 1775061060], [130.405988, 33.59438, 0, 1775061180], [130.414656, 33.594156, 0, 1775061300], [130.420616, 33.59013, 0, 1775061420], [130.431265, 33.589956, 0, 1775061540], [130.448549, 33.597052, 0, 1775061720]]}}, {"type": "Feature", "properties": {"trip_id": "空港線_平日_0_152", "route_id": "空港線", "route_color": "#f7931d", "route_type": "1", "trip_headsign": "貝塚"}, "geometry": {"type": "LineString", "coordinates": [[130.325038, 33.583772, 0, 1775060400], [130.340145, 33.580947, 0, 1775060520], [130.348202, 33.581376, 0, 1775060580], [130.359714, 33.583726, 0, 1775060760], [130.370443, 33.590278, 0, 1775060880], [130.378844, 33.590081, 0, 1775060940], [130.390946, 33.589134, 0, 1775061060], [130.399379, 33.591493, 0, 1775061180], [130.405988, 33.59438, 0, 1775061300]]}}, {"type": "Feature", "properties": {"trip_id": "空港線_平日_0_153", "route_id": "空港線", "route_color": "#f7931d", "route_type": "1", "trip_headsign": "福岡空港"}, "geometry": {"type": "LineString", "coordinates": [[130.325038, 33.583772, 0, 1775060640], [130.340145, 33.580947, 0, 1775060760], [130.348202, 33.581376, 0, 1775060820], [130.359714, 33.583726, 0, 1775061000], [130.370443, 33.590278, 0, 1775061120], [130.378844, 33.590081, 0, 1775061180], [130.390946, 33.589134, 0, 1775061300], [130.399379, 33.591493, 0, 1775061420], [130.405988, 33.59438, 0, 1775061540], [130.414656, 33.594156, 0, 1775061660], [130.420616, 33.59013, 0, 1775061780], [130.431265, 33.589956, 0, 1775061960], [130.448549, 33.597052, 0, 1775062140]]}}, {"type": "Feature", "properties": {"trip_id": "空港線_平日_0_154", "route_id": "空港線", "route_color": "#f7931d", "route_type": "1", "trip_headsign": "福岡空港"}, "geometry": {"type": "LineString", "coordinates": [[130.325038, 33.583772, 0, 1775060820], [130.340145, 33.580947, 0, 1775060940], [130.348202, 33.581376, 0, 1775061060], [130.359714, 33.583726, 0, 1775061180], [130.370443, 33.590278, 0, 1775061300], [130.378844, 33.590081, 0, 1775061420], [130.390946, 33.589134, 0, 1775061540], [130.399379, 33.591493, 0, 1775061660], [130.405988, 33.59438, 0, 1775061780], [130.414656, 33.594156, 0, 1775061900], [130.420616, 33.59013, 0, 1775062080], [130.431265, 33.589956, 0, 1775062200], [130.448549, 33.597052, 0, 1775062380]]}}, {"type": "Feature", "properties": {"trip_id": "空港線_平日_0_155", "route_id": "空港線", "route_color": "#f7931d", "route_type": "1", "trip_headsign": "福岡空港"}, "geometry": {"type": "LineString", "coordinates": [[130.325038, 33.583772, 0, 1775061120], [130.340145, 33.580947, 0, 1775061240], [130.348202, 33.581376, 0, 1775061300], [130.359714, 33.583726, 0, 1775061480], [130.370443, 33.590278, 0, 1775061600], [130.378844, 33.590081, 0, 1775061660], [130.390946, 33.589134, 0, 1775061780], [130.399379, 33.591493, 0, 1775061900], [130.405988, 33.59438, 0, 1775062020], [130.414656, 33.594156, 0, 1775062200], [130.420616, 33.59013, 0, 1775062320], [130.431265, 33.589956, 0, 1775062500], [130.448549, 33.597052, 0, 1775062620]]}}, {"type": "Feature", "properties": {"trip_id": "空港線_平日_0_156", "route_id": "空港線", "route_color": "#f7931d", "route_type": "1", "trip_headsign": "貝塚"}, "geometry": {"type": "LineString", "coordinates": [[130.325038, 33.583772, 0, 1775061240], [130.340145, 33.580947, 0, 1775061360], [130.348202, 33.581376, 0, 1775061480], [130.359714, 33.583726, 0, 1775061600], [130.370443, 33.590278, 0, 1775061720], [130.378844, 33.590081, 0, 1775061840], [130.390946, 33.589134, 0, 1775061960], [130.399379, 33.591493, 0, 1775062080], [130.405988, 33.59438, 0, 1775062200]]}}, {"type": "Feature", "properties": {"trip_id": "空港線_平日_0_157", "route_id": "空港線", "route_color": "#f7931d", "route_type": "1", "trip_headsign": "福岡空港"}, "geometry": {"type": "LineString", "coordinates": [[130.325038, 33.583772, 0, 1775061420], [130.340145, 33.580947, 0, 1775061540], [130.348202, 33.581376, 0, 1775061660], [130.359714, 33.583726, 0, 1775061780], [130.370443, 33.590278, 0, 1775061900], [130.378844, 33.590081, 0, 1775062020], [130.390946, 33.589134, 0, 1775062140], [130.399379, 33.591493, 0, 1775062260], [130.405988, 33.59438, 0, 1775062380], [130.414656, 33.594156, 0, 1775062500], [130.420616, 33.59013, 0, 1775062620], [130.431265, 33.589956, 0, 1775062800], [130.448549, 33.597052, 0, 1775062980]]}}, {"type": "Feature", "properties": {"trip_id": "空港線_平日_0_158", "route_id": "空港線", "route_color": "#f7931d", "route_type": "1", "trip_headsign": "福岡空港"}, "geometry": {"type": "LineString", "coordinates": [[130.325038, 33.583772, 0, 1775061780], [130.340145, 33.580947, 0, 1775061900], [130.348202, 33.581376, 0, 1775062020], [130.359714, 33.583726, 0, 1775062140], [130.370443, 33.590278, 0, 1775062260], [130.378844, 33.590081, 0, 1775062380], [130.390946, 33.589134, 0, 1775062500], [130.399379, 33.591493, 0, 1775062620], [130.405988, 33.59438, 0, 1775062740], [130.414656, 33.594156, 0, 1775062860], [130.420616, 33.59013, 0, 1775062980], [130.431265, 33.589956, 0, 1775063100], [130.448549, 33.597052, 0, 1775063280]]}}, {"type": "Feature", "properties": {"trip_id": "空港線_平日_0_159", "route_id": "空港線", "route_color": "#f7931d", "route_type": "1", "trip_headsign": "福岡空港"}, "geometry": {"type": "LineString", "coordinates": [[130.325038, 33.583772, 0, 1775062020], [130.340145, 33.580947, 0, 1775062140], [130.348202, 33.581376, 0, 1775062260], [130.359714, 33.583726, 0, 1775062380], [130.370443, 33.590278, 0, 1775062500], [130.378844, 33.590081, 0, 1775062620], [130.390946, 33.589134, 0, 1775062740], [130.399379, 33.591493, 0, 1775062860], [130.405988, 33.59438, 0, 1775062980], [130.414656, 33.594156, 0, 1775063100], [130.420616, 33.59013, 0, 1775063220], [130.431265, 33.589956, 0, 1775063400], [130.448549, 33.597052, 0, 1775063580]]}}, {"type": "Feature", "properties": {"trip_id": "空港線_平日_0_160", "route_id": "空港線", "route_color": "#f7931d", "route_type": "1", "trip_headsign": "貝塚"}, "geometry": {"type": "LineString", "coordinates": [[130.325038, 33.583772, 0, 1775062140], [130.340145, 33.580947, 0, 1775062320], [130.348202, 33.581376, 0, 1775062380], [130.359714, 33.583726, 0, 1775062560], [130.370443, 33.590278, 0, 1775062680], [130.378844, 33.590081, 0, 1775062740], [130.390946, 33.589134, 0, 1775062860], [130.399379, 33.591493, 0, 1775062980], [130.405988, 33.59438, 0, 1775063100]]}}, {"type": "Feature", "properties": {"trip_id": "空港線_平日_0_161", "route_id": "空港線", "route_color": "#f7931d", "route_type": "1", "trip_headsign": "福岡空港"}, "geometry": {"type": "LineString", "coordinates": [[130.325038, 33.583772, 0, 1775062440], [130.340145, 33.580947, 0, 1775062560], [130.348202, 33.581376, 0, 1775062620], [130.359714, 33.583726, 0, 1775062800], [130.370443, 33.590278, 0, 1775062920], [130.378844, 33.590081, 0, 1775062980], [130.390946, 33.589134, 0, 1775063100], [130.399379, 33.591493, 0, 1775063220], [130.405988, 33.59438, 0, 1775063340], [130.414656, 33.594156, 0, 1775063460], [130.420616, 33.59013, 0, 1775063580], [130.431265, 33.589956, 0, 1775063760], [130.448549, 33.597052, 0, 1775063940]]}}, {"type": "Feature", "properties": {"trip_id": "空港線_平日_0_162", "route_id": "空港線", "route_color": "#f7931d", "route_type": "1", "trip_headsign": "福岡空港"}, "geometry": {"type": "LineString", "coordinates": [[130.325038, 33.583772, 0, 1775062620], [130.340145, 33.580947, 0, 1775062740], [130.348202, 33.581376, 0, 1775062860], [130.359714, 33.583726, 0, 1775062980], [130.370443, 33.590278, 0, 1775063100], [130.378844, 33.590081, 0, 1775063220], [130.390946, 33.589134, 0, 1775063340], [130.399379, 33.591493, 0, 1775063460], [130.405988, 33.59438, 0, 1775063580], [130.414656, 33.594156, 0, 1775063700], [130.420616, 33.59013, 0, 1775063820], [130.431265, 33.589956, 0, 1775063940], [130.448549, 33.597052, 0, 1775064120]]}}, {"type": "Feature", "properties": {"trip_id": "空港線_平日_0_163", "route_id": "空港線", "route_color": "#f7931d", "route_type": "1", "trip_headsign": "福岡空港"}, "geometry": {"type": "LineString", "coordinates": [[130.325038, 33.583772, 0, 1775062860], [130.340145, 33.580947, 0, 1775062980], [130.348202, 33.581376, 0, 1775063100], [130.359714, 33.583726, 0, 1775063220], [130.370443, 33.590278, 0, 1775063340], [130.378844, 33.590081, 0, 1775063460], [130.390946, 33.589134, 0, 1775063580], [130.399379, 33.591493, 0, 1775063760], [130.405988, 33.59438, 0, 1775063820], [130.414656, 33.594156, 0, 1775063940], [130.420616, 33.59013, 0, 1775064120], [130.431265, 33.589956, 0, 1775064240], [130.448549, 33.597052, 0, 1775064420]]}}, {"type": "Feature", "properties": {"trip_id": "空港線_平日_0_164", "route_id": "空港線", "route_color": "#f7931d", "route_type": "1", "trip_headsign": "貝塚"}, "geometry": {"type": "LineString", "coordinates": [[130.325038, 33.583772, 0, 1775063040], [130.340145, 33.580947, 0, 1775063160], [130.348202, 33.581376, 0, 1775063220], [130.359714, 33.583726, 0, 1775063400], [130.370443, 33.590278, 0, 1775063520], [130.378844, 33.590081, 0, 1775063640], [130.390946, 33.589134, 0, 1775063760], [130.399379, 33.591493, 0, 1775063880], [130.405988, 33.59438, 0, 1775064000]]}}, {"type": "Feature", "properties": {"trip_id": "空港線_平日_0_165", "route_id": "空港線", "route_color": "#f7931d", "route_type": "1", "trip_headsign": "福岡空港"}, "geometry": {"type": "LineString", "coordinates": [[130.325038, 33.583772, 0, 1775063220], [130.340145, 33.580947, 0, 1775063340], [130.348202, 33.581376, 0, 1775063460], [130.359714, 33.583726, 0, 1775063580], [130.370443, 33.590278, 0, 1775063700], [130.378844, 33.590081, 0, 1775063820], [130.390946, 33.589134, 0, 1775063940], [130.399379, 33.591493, 0, 1775064060], [130.405988, 33.59438, 0, 1775064180], [130.414656, 33.594156, 0, 1775064300], [130.420616, 33.59013, 0, 1775064420], [130.431265, 33.589956, 0, 1775064540], [130.448549, 33.597052, 0, 1775064720]]}}, {"type": "Feature", "properties": {"trip_id": "空港線_平日_0_166", "route_id": "空港線", "route_color": "#f7931d", "route_type": "1", "trip_headsign": "福岡空港"}, "geometry": {"type": "LineString", "coordinates": [[130.325038, 33.583772, 0, 1775063580], [130.340145, 33.580947, 0, 1775063700], [130.348202, 33.581376, 0, 1775063760], [130.359714, 33.583726, 0, 1775063940], [130.370443, 33.590278, 0, 1775064060], [130.378844, 33.590081, 0, 1775064120], [130.390946, 33.589134, 0, 1775064240], [130.399379, 33.591493, 0, 1775064360], [130.405988, 33.59438, 0, 1775064480], [130.414656, 33.594156, 0, 1775064600], [130.420616, 33.59013, 0, 1775064720], [130.431265, 33.589956, 0, 1775064900], [130.448549, 33.597052, 0, 1775065080]]}}, {"type": "Feature", "properties": {"trip_id": "空港線_平日_0_167", "route_id": "空港線", "route_color": "#f7931d", "route_type": "1", "trip_headsign": "福岡空港"}, "geometry": {"type": "LineString", "coordinates": [[130.325038, 33.583772, 0, 1775063760], [130.340145, 33.580947, 0, 1775063880], [130.348202, 33.581376, 0, 1775064000], [130.359714, 33.583726, 0, 1775064120], [130.370443, 33.590278, 0, 1775064240], [130.378844, 33.590081, 0, 1775064300], [130.390946, 33.589134, 0, 1775064420], [130.399379, 33.591493, 0, 1775064600], [130.405988, 33.59438, 0, 1775064660], [130.414656, 33.594156, 0, 1775064780], [130.420616, 33.59013, 0, 1775064960], [130.431265, 33.589956, 0, 1775065080], [130.448549, 33.597052, 0, 1775065260]]}}, {"type": "Feature", "properties": {"trip_id": "空港線_平日_0_168", "route_id": "空港線", "route_color": "#f7931d", "route_type": "1", "trip_headsign": "福岡空港"}, "geometry": {"type": "LineString", "coordinates": [[130.325038, 33.583772, 0, 1775063940], [130.340145, 33.580947, 0, 1775064060], [130.348202, 33.581376, 0, 1775064180], [130.359714, 33.583726, 0, 1775064300], [130.370443, 33.590278, 0, 1775064420], [130.378844, 33.590081, 0, 1775064540], [130.390946, 33.589134, 0, 1775064660], [130.399379, 33.591493, 0, 1775064780], [130.405988, 33.59438, 0, 1775064900], [130.414656, 33.594156, 0, 1775065020], [130.420616, 33.59013, 0, 1775065200], [130.431265, 33.589956, 0, 1775065320], [130.448549, 33.597052, 0, 1775065500]]}}, {"type": "Feature", "properties": {"trip_id": "空港線_平日_0_169", "route_id": "空港線", "route_color": "#f7931d", "route_type": "1", "trip_headsign": "貝塚"}, "geometry": {"type": "LineString", "coordinates": [[130.325038, 33.583772, 0, 1775064120], [130.340145, 33.580947, 0, 1775064240], [130.348202, 33.581376, 0, 1775064360], [130.359714, 33.583726, 0, 1775064480], [130.370443, 33.590278, 0, 1775064600], [130.378844, 33.590081, 0, 1775064720], [130.390946, 33.589134, 0, 1775064840], [130.399379, 33.591493, 0, 1775064960], [130.405988, 33.59438, 0, 1775065080]]}}, {"type": "Feature", "properties": {"trip_id": "空港線_平日_0_170", "route_id": "空港線", "route_color": "#f7931d", "route_type": "1", "trip_headsign": "福岡空港"}, "geometry": {"type": "LineString", "coordinates": [[130.325038, 33.583772, 0, 1775064300], [130.340145, 33.580947, 0, 1775064420], [130.348202, 33.581376, 0, 1775064540], [130.359714, 33.583726, 0, 1775064660], [130.370443, 33.590278, 0, 1775064780], [130.378844, 33.590081, 0, 1775064840], [130.390946, 33.589134, 0, 1775065020], [130.399379, 33.591493, 0, 1775065140], [130.405988, 33.59438, 0, 1775065260], [130.414656, 33.594156, 0, 1775065380], [130.420616, 33.59013, 0, 1775065500], [130.431265, 33.589956, 0, 1775065620], [130.448549, 33.597052, 0, 1775065800]]}}, {"type": "Feature", "properties": {"trip_id": "空港線_平日_0_171", "route_id": "空港線", "route_color": "#f7931d", "route_type": "1", "trip_headsign": "福岡空港"}, "geometry": {"type": "LineString", "coordinates": [[130.325038, 33.583772, 0, 1775064540], [130.340145, 33.580947, 0, 1775064660], [130.348202, 33.581376, 0, 1775064780], [130.359714, 33.583726, 0, 1775064900], [130.370443, 33.590278, 0, 1775065020], [130.378844, 33.590081, 0, 1775065140], [130.390946, 33.589134, 0, 1775065260], [130.399379, 33.591493, 0, 1775065380], [130.405988, 33.59438, 0, 1775065500], [130.414656, 33.594156, 0, 1775065620], [130.420616, 33.59013, 0, 1775065740], [130.431265, 33.589956, 0, 1775065860], [130.448549, 33.597052, 0, 1775066040]]}}, {"type": "Feature", "properties": {"trip_id": "空港線_平日_0_172", "route_id": "空港線", "route_color": "#f7931d", "route_type": "1", "trip_headsign": "福岡空港"}, "geometry": {"type": "LineString", "coordinates": [[130.325038, 33.583772, 0, 1775064720], [130.340145, 33.580947, 0, 1775064840], [130.348202, 33.581376, 0, 1775064960], [130.359714, 33.583726, 0, 1775065080], [130.370443, 33.590278, 0, 1775065200], [130.378844, 33.590081, 0, 1775065320], [130.390946, 33.589134, 0, 1775065440], [130.399379, 33.591493, 0, 1775065560], [130.405988, 33.59438, 0, 1775065680], [130.414656, 33.594156, 0, 1775065800], [130.420616, 33.59013, 0, 1775065920], [130.431265, 33.589956, 0, 1775066040], [130.448549, 33.597052, 0, 1775066220]]}}, {"type": "Feature", "properties": {"trip_id": "空港線_平日_0_173", "route_id": "空港線", "route_color": "#f7931d", "route_type": "1", "trip_headsign": "貝塚"}, "geometry": {"type": "LineString", "coordinates": [[130.325038, 33.583772, 0, 1775064900], [130.340145, 33.580947, 0, 1775065020], [130.348202, 33.581376, 0, 1775065140], [130.359714, 33.583726, 0, 1775065260], [130.370443, 33.590278, 0, 1775065380], [130.378844, 33.590081, 0, 1775065440], [130.390946, 33.589134, 0, 1775065620], [130.399379, 33.591493, 0, 1775065740], [130.405988, 33.59438, 0, 1775065860]]}}, {"type": "Feature", "properties": {"trip_id": "空港線_平日_0_174", "route_id": "空港線", "route_color": "#f7931d", "route_type": "1", "trip_headsign": "福岡空港"}, "geometry": {"type": "LineString", "coordinates": [[130.325038, 33.583772, 0, 1775065020], [130.340145, 33.580947, 0, 1775065200], [130.348202, 33.581376, 0, 1775065260], [130.359714, 33.583726, 0, 1775065380], [130.370443, 33.590278, 0, 1775065500], [130.378844, 33.590081, 0, 1775065620], [130.390946, 33.589134, 0, 1775065740], [130.399379, 33.591493, 0, 1775065860], [130.405988, 33.59438, 0, 1775065980], [130.414656, 33.594156, 0, 1775066100], [130.420616, 33.59013, 0, 1775066220], [130.431265, 33.589956, 0, 1775066340], [130.448549, 33.597052, 0, 1775066520]]}}, {"type": "Feature", "properties": {"trip_id": "空港線_平日_0_175", "route_id": "空港線", "route_color": "#f7931d", "route_type": "1", "trip_headsign": "福岡空港"}, "geometry": {"type": "LineString", "coordinates": [[130.325038, 33.583772, 0, 1775065260], [130.340145, 33.580947, 0, 1775065440], [130.348202, 33.581376, 0, 1775065500], [130.359714, 33.583726, 0, 1775065620], [130.370443, 33.590278, 0, 1775065740], [130.378844, 33.590081, 0, 1775065860], [130.390946, 33.589134, 0, 1775065980], [130.399379, 33.591493, 0, 1775066100], [130.405988, 33.59438, 0, 1775066220], [130.414656, 33.594156, 0, 1775066340], [130.420616, 33.59013, 0, 1775066460], [130.431265, 33.589956, 0, 1775066580], [130.448549, 33.597052, 0, 1775066760]]}}, {"type": "Feature", "properties": {"trip_id": "空港線_平日_0_176", "route_id": "空港線", "route_color": "#f7931d", "route_type": "1", "trip_headsign": "福岡空港"}, "geometry": {"type": "LineString", "coordinates": [[130.325038, 33.583772, 0, 1775065440], [130.340145, 33.580947, 0, 1775065620], [130.348202, 33.581376, 0, 1775065680], [130.359714, 33.583726, 0, 1775065800], [130.370443, 33.590278, 0, 1775065920], [130.378844, 33.590081, 0, 1775066040], [130.390946, 33.589134, 0, 1775066160], [130.399379, 33.591493, 0, 1775066280], [130.405988, 33.59438, 0, 1775066400], [130.414656, 33.594156, 0, 1775066520], [130.420616, 33.59013, 0, 1775066640], [130.431265, 33.589956, 0, 1775066820], [130.448549, 33.597052, 0, 1775067000]]}}, {"type": "Feature", "properties": {"trip_id": "空港線_平日_0_177", "route_id": "空港線", "route_color": "#f7931d", "route_type": "1", "trip_headsign": "福岡空港"}, "geometry": {"type": "LineString", "coordinates": [[130.325038, 33.583772, 0, 1775065680], [130.340145, 33.580947, 0, 1775065800], [130.348202, 33.581376, 0, 1775065860], [130.359714, 33.583726, 0, 1775066040], [130.370443, 33.590278, 0, 1775066160], [130.378844, 33.590081, 0, 1775066220], [130.390946, 33.589134, 0, 1775066340], [130.399379, 33.591493, 0, 1775066520], [130.405988, 33.59438, 0, 1775066640], [130.414656, 33.594156, 0, 1775066760], [130.420616, 33.59013, 0, 1775066880], [130.431265, 33.589956, 0, 1775067060], [130.448549, 33.597052, 0, 1775067240]]}}, {"type": "Feature", "properties": {"trip_id": "空港線_平日_0_178", "route_id": "空港線", "route_color": "#f7931d", "route_type": "1", "trip_headsign": "貝塚"}, "geometry": {"type": "LineString", "coordinates": [[130.325038, 33.583772, 0, 1775065800], [130.340145, 33.580947, 0, 1775065920], [130.348202, 33.581376, 0, 1775066040], [130.359714, 33.583726, 0, 1775066160], [130.370443, 33.590278, 0, 1775066280], [130.378844, 33.590081, 0, 1775066400], [130.390946, 33.589134, 0, 1775066520], [130.399379, 33.591493, 0, 1775066640], [130.405988, 33.59438, 0, 1775066760]]}}, {"type": "Feature", "properties": {"trip_id": "空港線_平日_0_179", "route_id": "空港線", "route_color": "#f7931d", "route_type": "1", "trip_headsign": "福岡空港"}, "geometry": {"type": "LineString", "coordinates": [[130.325038, 33.583772, 0, 1775065980], [130.340145, 33.580947, 0, 1775066100], [130.348202, 33.581376, 0, 1775066220], [130.359714, 33.583726, 0, 1775066340], [130.370443, 33.590278, 0, 1775066460], [130.378844, 33.590081, 0, 1775066580], [130.390946, 33.589134, 0, 1775066700], [130.399379, 33.591493, 0, 1775066820], [130.405988, 33.59438, 0, 1775066940], [130.414656, 33.594156, 0, 1775067060], [130.420616, 33.59013, 0, 1775067180], [130.431265, 33.589956, 0, 1775067300], [130.448549, 33.597052, 0, 1775067480]]}}, {"type": "Feature", "properties": {"trip_id": "空港線_平日_0_180", "route_id": "空港線", "route_color": "#f7931d", "route_type": "1", "trip_headsign": "福岡空港"}, "geometry": {"type": "LineString", "coordinates": [[130.325038, 33.583772, 0, 1775066220], [130.340145, 33.580947, 0, 1775066340], [130.348202, 33.581376, 0, 1775066460], [130.359714, 33.583726, 0, 1775066580], [130.370443, 33.590278, 0, 1775066700], [130.378844, 33.590081, 0, 1775066760], [130.390946, 33.589134, 0, 1775066880], [130.399379, 33.591493, 0, 1775067060], [130.405988, 33.59438, 0, 1775067120], [130.414656, 33.594156, 0, 1775067240], [130.420616, 33.59013, 0, 1775067360], [130.431265, 33.589956, 0, 1775067540], [130.448549, 33.597052, 0, 1775067720]]}}, {"type": "Feature", "properties": {"trip_id": "空港線_平日_0_181", "route_id": "空港線", "route_color": "#f7931d", "route_type": "1", "trip_headsign": "福岡空港"}, "geometry": {"type": "LineString", "coordinates": [[130.325038, 33.583772, 0, 1775066400], [130.340145, 33.580947, 0, 1775066520], [130.348202, 33.581376, 0, 1775066640], [130.359714, 33.583726, 0, 1775066760], [130.370443, 33.590278, 0, 1775066880], [130.378844, 33.590081, 0, 1775067000], [130.390946, 33.589134, 0, 1775067120], [130.399379, 33.591493, 0, 1775067300], [130.405988, 33.59438, 0, 1775067420], [130.414656, 33.594156, 0, 1775067540], [130.420616, 33.59013, 0, 1775067660], [130.431265, 33.589956, 0, 1775067840], [130.448549, 33.597052, 0, 1775068020]]}}, {"type": "Feature", "properties": {"trip_id": "空港線_平日_0_182", "route_id": "空港線", "route_color": "#f7931d", "route_type": "1", "trip_headsign": "福岡空港"}, "geometry": {"type": "LineString", "coordinates": [[130.325038, 33.583772, 0, 1775066700], [130.340145, 33.580947, 0, 1775066820], [130.348202, 33.581376, 0, 1775066880], [130.359714, 33.583726, 0, 1775067060], [130.370443, 33.590278, 0, 1775067180], [130.378844, 33.590081, 0, 1775067240], [130.390946, 33.589134, 0, 1775067360], [130.399379, 33.591493, 0, 1775067540], [130.405988, 33.59438, 0, 1775067660], [130.414656, 33.594156, 0, 1775067780], [130.420616, 33.59013, 0, 1775067900], [130.431265, 33.589956, 0, 1775068080], [130.448549, 33.597052, 0, 1775068260]]}}, {"type": "Feature", "properties": {"trip_id": "空港線_平日_0_183", "route_id": "空港線", "route_color": "#f7931d", "route_type": "1", "trip_headsign": "貝塚"}, "geometry": {"type": "LineString", "coordinates": [[130.325038, 33.583772, 0, 1775066880], [130.340145, 33.580947, 0, 1775067000], [130.348202, 33.581376, 0, 1775067120], [130.359714, 33.583726, 0, 1775067240], [130.370443, 33.590278, 0, 1775067360], [130.378844, 33.590081, 0, 1775067480], [130.390946, 33.589134, 0, 1775067600], [130.399379, 33.591493, 0, 1775067720], [130.405988, 33.59438, 0, 1775067840]]}}, {"type": "Feature", "properties": {"trip_id": "空港線_平日_0_184", "route_id": "空港線", "route_color": "#f7931d", "route_type": "1", "trip_headsign": "福岡空港"}, "geometry": {"type": "LineString", "coordinates": [[130.325038, 33.583772, 0, 1775067060], [130.340145, 33.580947, 0, 1775067180], [130.348202, 33.581376, 0, 1775067300], [130.359714, 33.583726, 0, 1775067420], [130.370443, 33.590278, 0, 1775067540], [130.378844, 33.590081, 0, 1775067660], [130.390946, 33.589134, 0, 1775067780], [130.399379, 33.591493, 0, 1775067900], [130.405988, 33.59438, 0, 1775068020], [130.414656, 33.594156, 0, 1775068140], [130.420616, 33.59013, 0, 1775068260], [130.431265, 33.589956, 0, 1775068440], [130.448549, 33.597052, 0, 1775068620]]}}, {"type": "Feature", "properties": {"trip_id": "空港線_平日_0_185", "route_id": "空港線", "route_color": "#f7931d", "route_type": "1", "trip_headsign": "福岡空港"}, "geometry": {"type": "LineString", "coordinates": [[130.325038, 33.583772, 0, 1775067240], [130.340145, 33.580947, 0, 1775067360], [130.348202, 33.581376, 0, 1775067480], [130.359714, 33.583726, 0, 1775067600], [130.370443, 33.590278, 0, 1775067720], [130.378844, 33.590081, 0, 1775067840], [130.390946, 33.589134, 0, 1775067960], [130.399379, 33.591493, 0, 1775068080], [130.405988, 33.59438, 0, 1775068200], [130.414656, 33.594156, 0, 1775068320], [130.420616, 33.59013, 0, 1775068500], [130.431265, 33.589956, 0, 1775068620], [130.448549, 33.597052, 0, 1775068800]]}}, {"type": "Feature", "properties": {"trip_id": "空港線_平日_0_186", "route_id": "空港線", "route_color": "#f7931d", "route_type": "1", "trip_headsign": "福岡空港"}, "geometry": {"type": "LineString", "coordinates": [[130.325038, 33.583772, 0, 1775067420], [130.340145, 33.580947, 0, 1775067540], [130.348202, 33.581376, 0, 1775067660], [130.359714, 33.583726, 0, 1775067780], [130.370443, 33.590278, 0, 1775067960], [130.378844, 33.590081, 0, 1775068020], [130.390946, 33.589134, 0, 1775068200], [130.399379, 33.591493, 0, 1775068320], [130.405988, 33.59438, 0, 1775068440], [130.414656, 33.594156, 0, 1775068560], [130.420616, 33.59013, 0, 1775068740], [130.431265, 33.589956, 0, 1775068860], [130.448549, 33.597052, 0, 1775069040]]}}, {"type": "Feature", "properties": {"trip_id": "空港線_平日_0_187", "route_id": "空港線", "route_color": "#f7931d", "route_type": "1", "trip_headsign": "貝塚"}, "geometry": {"type": "LineString", "coordinates": [[130.325038, 33.583772, 0, 1775067660], [130.340145, 33.580947, 0, 1775067780], [130.348202, 33.581376, 0, 1775067900], [130.359714, 33.583726, 0, 1775068020], [130.370443, 33.590278, 0, 1775068140], [130.378844, 33.590081, 0, 1775068200], [130.390946, 33.589134, 0, 1775068380], [130.399379, 33.591493, 0, 1775068500], [130.405988, 33.59438, 0, 1775068620]]}}, {"type": "Feature", "properties": {"trip_id": "空港線_平日_0_188", "route_id": "空港線", "route_color": "#f7931d", "route_type": "1", "trip_headsign": "福岡空港"}, "geometry": {"type": "LineString", "coordinates": [[130.325038, 33.583772, 0, 1775067840], [130.340145, 33.580947, 0, 1775067960], [130.348202, 33.581376, 0, 1775068080], [130.359714, 33.583726, 0, 1775068200], [130.370443, 33.590278, 0, 1775068320], [130.378844, 33.590081, 0, 1775068440], [130.390946, 33.589134, 0, 1775068560], [130.399379, 33.591493, 0, 1775068680], [130.405988, 33.59438, 0, 1775068800], [130.414656, 33.594156, 0, 1775068920], [130.420616, 33.59013, 0, 1775069040], [130.431265, 33.589956, 0, 1775069160], [130.448549, 33.597052, 0, 1775069340]]}}, {"type": "Feature", "properties": {"trip_id": "空港線_平日_0_189", "route_id": "空港線", "route_color": "#f7931d", "route_type": "1", "trip_headsign": "福岡空港"}, "geometry": {"type": "LineString", "coordinates": [[130.325038, 33.583772, 0, 1775068080], [130.340145, 33.580947, 0, 1775068200], [130.348202, 33.581376, 0, 1775068320], [130.359714, 33.583726, 0, 1775068440], [130.370443, 33.590278, 0, 1775068560], [130.378844, 33.590081, 0, 1775068680], [130.390946, 33.589134, 0, 1775068800], [130.399379, 33.591493, 0, 1775068980], [130.405988, 33.59438, 0, 1775069100], [130.414656, 33.594156, 0, 1775069220], [130.420616, 33.59013, 0, 1775069340], [130.431265, 33.589956, 0, 1775069460], [130.448549, 33.597052, 0, 1775069640]]}}, {"type": "Feature", "properties": {"trip_id": "空港線_平日_0_190", "route_id": "空港線", "route_color": "#f7931d", "route_type": "1", "trip_headsign": "福岡空港"}, "geometry": {"type": "LineString", "coordinates": [[130.325038, 33.583772, 0, 1775068380], [130.340145, 33.580947, 0, 1775068500], [130.348202, 33.581376, 0, 1775068560], [130.359714, 33.583726, 0, 1775068740], [130.370443, 33.590278, 0, 1775068860], [130.378844, 33.590081, 0, 1775068920], [130.390946, 33.589134, 0, 1775069040], [130.399379, 33.591493, 0, 1775069160], [130.405988, 33.59438, 0, 1775069280], [130.414656, 33.594156, 0, 1775069400], [130.420616, 33.59013, 0, 1775069520], [130.431265, 33.589956, 0, 1775069700], [130.448549, 33.597052, 0, 1775069880]]}}, {"type": "Feature", "properties": {"trip_id": "空港線_平日_0_191", "route_id": "空港線", "route_color": "#f7931d", "route_type": "1", "trip_headsign": "福岡空港"}, "geometry": {"type": "LineString", "coordinates": [[130.325038, 33.583772, 0, 1775068560], [130.340145, 33.580947, 0, 1775068680], [130.348202, 33.581376, 0, 1775068800], [130.359714, 33.583726, 0, 1775068920], [130.370443, 33.590278, 0, 1775069040], [130.378844, 33.590081, 0, 1775069160], [130.390946, 33.589134, 0, 1775069280], [130.399379, 33.591493, 0, 1775069460], [130.405988, 33.59438, 0, 1775069580], [130.414656, 33.594156, 0, 1775069700], [130.420616, 33.59013, 0, 1775069820], [130.431265, 33.589956, 0, 1775069940], [130.448549, 33.597052, 0, 1775070120]]}}, {"type": "Feature", "properties": {"trip_id": "空港線_平日_0_192", "route_id": "空港線", "route_color": "#f7931d", "route_type": "1", "trip_headsign": "貝塚"}, "geometry": {"type": "LineString", "coordinates": [[130.325038, 33.583772, 0, 1775068680], [130.340145, 33.580947, 0, 1775068860], [130.348202, 33.581376, 0, 1775068920], [130.359714, 33.583726, 0, 1775069100], [130.370443, 33.590278, 0, 1775069220], [130.378844, 33.590081, 0, 1775069340], [130.390946, 33.589134, 0, 1775069460], [130.399379, 33.591493, 0, 1775069580], [130.405988, 33.59438, 0, 1775069700]]}}, {"type": "Feature", "properties": {"trip_id": "空港線_平日_0_193", "route_id": "空港線", "route_color": "#f7931d", "route_type": "1", "trip_headsign": "福岡空港"}, "geometry": {"type": "LineString", "coordinates": [[130.325038, 33.583772, 0, 1775068980], [130.340145, 33.580947, 0, 1775069100], [130.348202, 33.581376, 0, 1775069160], [130.359714, 33.583726, 0, 1775069340], [130.370443, 33.590278, 0, 1775069460], [130.378844, 33.590081, 0, 1775069520], [130.390946, 33.589134, 0, 1775069640], [130.399379, 33.591493, 0, 1775069760], [130.405988, 33.59438, 0, 1775069880], [130.414656, 33.594156, 0, 1775070000], [130.420616, 33.59013, 0, 1775070120], [130.431265, 33.589956, 0, 1775070300], [130.448549, 33.597052, 0, 1775070480]]}}, {"type": "Feature", "properties": {"trip_id": "空港線_平日_0_194", "route_id": "空港線", "route_color": "#f7931d", "route_type": "1", "trip_headsign": "福岡空港"}, "geometry": {"type": "LineString", "coordinates": [[130.325038, 33.583772, 0, 1775069160], [130.340145, 33.580947, 0, 1775069280], [130.348202, 33.581376, 0, 1775069400], [130.359714, 33.583726, 0, 1775069520], [130.370443, 33.590278, 0, 1775069640], [130.378844, 33.590081, 0, 1775069760], [130.390946, 33.589134, 0, 1775069880], [130.399379, 33.591493, 0, 1775070000], [130.405988, 33.59438, 0, 1775070180], [130.414656, 33.594156, 0, 1775070300], [130.420616, 33.59013, 0, 1775070420], [130.431265, 33.589956, 0, 1775070600], [130.448549, 33.597052, 0, 1775070780]]}}, {"type": "Feature", "properties": {"trip_id": "空港線_平日_0_195", "route_id": "空港線", "route_color": "#f7931d", "route_type": "1", "trip_headsign": "貝塚"}, "geometry": {"type": "LineString", "coordinates": [[130.325038, 33.583772, 0, 1775069340], [130.340145, 33.580947, 0, 1775069460], [130.348202, 33.581376, 0, 1775069580], [130.359714, 33.583726, 0, 1775069700], [130.370443, 33.590278, 0, 1775069820], [130.378844, 33.590081, 0, 1775069940], [130.390946, 33.589134, 0, 1775070060], [130.399379, 33.591493, 0, 1775070180], [130.405988, 33.59438, 0, 1775070360]]}}, {"type": "Feature", "properties": {"trip_id": "空港線_平日_0_196", "route_id": "空港線", "route_color": "#f7931d", "route_type": "1", "trip_headsign": "福岡空港"}, "geometry": {"type": "LineString", "coordinates": [[130.325038, 33.583772, 0, 1775069520], [130.340145, 33.580947, 0, 1775069640], [130.348202, 33.581376, 0, 1775069760], [130.359714, 33.583726, 0, 1775069880], [130.370443, 33.590278, 0, 1775070000], [130.378844, 33.590081, 0, 1775070120], [130.390946, 33.589134, 0, 1775070240], [130.399379, 33.591493, 0, 1775070360], [130.405988, 33.59438, 0, 1775070480], [130.414656, 33.594156, 0, 1775070600], [130.420616, 33.59013, 0, 1775070720], [130.431265, 33.589956, 0, 1775070840], [130.448549, 33.597052, 0, 1775071020]]}}, {"type": "Feature", "properties": {"trip_id": "空港線_平日_0_197", "route_id": "空港線", "route_color": "#f7931d", "route_type": "1", "trip_headsign": "福岡空港"}, "geometry": {"type": "LineString", "coordinates": [[130.325038, 33.583772, 0, 1775069760], [130.340145, 33.580947, 0, 1775069880], [130.348202, 33.581376, 0, 1775070000], [130.359714, 33.583726, 0, 1775070120], [130.370443, 33.590278, 0, 1775070240], [130.378844, 33.590081, 0, 1775070300], [130.390946, 33.589134, 0, 1775070480], [130.399379, 33.591493, 0, 1775070600], [130.405988, 33.59438, 0, 1775070720], [130.414656, 33.594156, 0, 1775070840], [130.420616, 33.59013, 0, 1775070960], [130.431265, 33.589956, 0, 1775071140], [130.448549, 33.597052, 0, 1775071320]]}}, {"type": "Feature", "properties": {"trip_id": "空港線_平日_0_198", "route_id": "空港線", "route_color": "#f7931d", "route_type": "1", "trip_headsign": "福岡空港"}, "geometry": {"type": "LineString", "coordinates": [[130.325038, 33.583772, 0, 1775070060], [130.340145, 33.580947, 0, 1775070180], [130.348202, 33.581376, 0, 1775070300], [130.359714, 33.583726, 0, 1775070420], [130.370443, 33.590278, 0, 1775070540], [130.378844, 33.590081, 0, 1775070660], [130.390946, 33.589134, 0, 1775070780], [130.399379, 33.591493, 0, 1775070900], [130.405988, 33.59438, 0, 1775071020], [130.414656, 33.594156, 0, 1775071140], [130.420616, 33.59013, 0, 1775071320], [130.431265, 33.589956, 0, 1775071440], [130.448549, 33.597052, 0, 1775071620]]}}, {"type": "Feature", "properties": {"trip_id": "空港線_平日_0_199", "route_id": "空港線", "route_color": "#f7931d", "route_type": "1", "trip_headsign": "貝塚"}, "geometry": {"type": "LineString", "coordinates": [[130.325038, 33.583772, 0, 1775070240], [130.340145, 33.580947, 0, 1775070360], [130.348202, 33.581376, 0, 1775070480], [130.359714, 33.583726, 0, 1775070600], [130.370443, 33.590278, 0, 1775070720], [130.378844, 33.590081, 0, 1775070840], [130.390946, 33.589134, 0, 1775070960], [130.399379, 33.591493, 0, 1775071080], [130.405988, 33.59438, 0, 1775071200]]}}, {"type": "Feature", "properties": {"trip_id": "空港線_平日_0_200", "route_id": "空港線", "route_color": "#f7931d", "route_type": "1", "trip_headsign": "福岡空港"}, "geometry": {"type": "LineString", "coordinates": [[130.325038, 33.583772, 0, 1775070420], [130.340145, 33.580947, 0, 1775070600], [130.348202, 33.581376, 0, 1775070660], [130.359714, 33.583726, 0, 1775070780], [130.370443, 33.590278, 0, 1775070900], [130.378844, 33.590081, 0, 1775071020], [130.390946, 33.589134, 0, 1775071140], [130.399379, 33.591493, 0, 1775071260], [130.405988, 33.59438, 0, 1775071380], [130.414656, 33.594156, 0, 1775071500], [130.420616, 33.59013, 0, 1775071620], [130.431265, 33.589956, 0, 1775071740], [130.448549, 33.597052, 0, 1775071920]]}}, {"type": "Feature", "properties": {"trip_id": "空港線_平日_0_201", "route_id": "空港線", "route_color": "#f7931d", "route_type": "1", "trip_headsign": "福岡空港"}, "geometry": {"type": "LineString", "coordinates": [[130.325038, 33.583772, 0, 1775070600], [130.340145, 33.580947, 0, 1775070780], [130.348202, 33.581376, 0, 1775070840], [130.359714, 33.583726, 0, 1775071020], [130.370443, 33.590278, 0, 1775071140], [130.378844, 33.590081, 0, 1775071260], [130.390946, 33.589134, 0, 1775071380], [130.399379, 33.591493, 0, 1775071500], [130.405988, 33.59438, 0, 1775071620], [130.414656, 33.594156, 0, 1775071800], [130.420616, 33.59013, 0, 1775071920], [130.431265, 33.589956, 0, 1775072040], [130.448549, 33.597052, 0, 1775072220]]}}, {"type": "Feature", "properties": {"trip_id": "空港線_平日_0_202", "route_id": "空港線", "route_color": "#f7931d", "route_type": "1", "trip_headsign": "福岡空港"}, "geometry": {"type": "LineString", "coordinates": [[130.325038, 33.583772, 0, 1775070960], [130.340145, 33.580947, 0, 1775071080], [130.348202, 33.581376, 0, 1775071200], [130.359714, 33.583726, 0, 1775071320], [130.370443, 33.590278, 0, 1775071440], [130.378844, 33.590081, 0, 1775071560], [130.390946, 33.589134, 0, 1775071680], [130.399379, 33.591493, 0, 1775071860], [130.405988, 33.59438, 0, 1775071980], [130.414656, 33.594156, 0, 1775072100], [130.420616, 33.59013, 0, 1775072220], [130.431265, 33.589956, 0, 1775072400], [130.448549, 33.597052, 0, 1775072520]]}}, {"type": "Feature", "properties": {"trip_id": "空港線_平日_0_203", "route_id": "空港線", "route_color": "#f7931d", "route_type": "1", "trip_headsign": "福岡空港"}, "geometry": {"type": "LineString", "coordinates": [[130.325038, 33.583772, 0, 1775071260], [130.340145, 33.580947, 0, 1775071380], [130.348202, 33.581376, 0, 1775071500], [130.359714, 33.583726, 0, 1775071620], [130.370443, 33.590278, 0, 1775071740], [130.378844, 33.590081, 0, 1775071860], [130.390946, 33.589134, 0, 1775071980], [130.399379, 33.591493, 0, 1775072100], [130.405988, 33.59438, 0, 1775072220], [130.414656, 33.594156, 0, 1775072340], [130.420616, 33.59013, 0, 1775072460], [130.431265, 33.589956, 0, 1775072640], [130.448549, 33.597052, 0, 1775072820]]}}, {"type": "Feature", "properties": {"trip_id": "空港線_平日_0_204", "route_id": "空港線", "route_color": "#f7931d", "route_type": "1", "trip_headsign": "貝塚"}, "geometry": {"type": "LineString", "coordinates": [[130.325038, 33.583772, 0, 1775071440], [130.340145, 33.580947, 0, 1775071560], [130.348202, 33.581376, 0, 1775071680], [130.359714, 33.583726, 0, 1775071800], [130.370443, 33.590278, 0, 1775071920], [130.378844, 33.590081, 0, 1775072040], [130.390946, 33.589134, 0, 1775072160], [130.399379, 33.591493, 0, 1775072280], [130.405988, 33.59438, 0, 1775072400]]}}, {"type": "Feature", "properties": {"trip_id": "空港線_平日_0_205", "route_id": "空港線", "route_color": "#f7931d", "route_type": "1", "trip_headsign": "福岡空港"}, "geometry": {"type": "LineString", "coordinates": [[130.325038, 33.583772, 0, 1775071740], [130.340145, 33.580947, 0, 1775071860], [130.348202, 33.581376, 0, 1775071920], [130.359714, 33.583726, 0, 1775072100], [130.370443, 33.590278, 0, 1775072220], [130.378844, 33.590081, 0, 1775072280], [130.390946, 33.589134, 0, 1775072400], [130.399379, 33.591493, 0, 1775072580], [130.405988, 33.59438, 0, 1775072640], [130.414656, 33.594156, 0, 1775072760], [130.420616, 33.59013, 0, 1775072940], [130.431265, 33.589956, 0, 1775073060], [130.448549, 33.597052, 0, 1775073240]]}}, {"type": "Feature", "properties": {"trip_id": "空港線_平日_0_206", "route_id": "空港線", "route_color": "#f7931d", "route_type": "1", "trip_headsign": "福岡空港"}, "geometry": {"type": "LineString", "coordinates": [[130.325038, 33.583772, 0, 1775072160], [130.340145, 33.580947, 0, 1775072280], [130.348202, 33.581376, 0, 1775072400], [130.359714, 33.583726, 0, 1775072520], [130.370443, 33.590278, 0, 1775072640], [130.378844, 33.590081, 0, 1775072760], [130.390946, 33.589134, 0, 1775072880], [130.399379, 33.591493, 0, 1775073000], [130.405988, 33.59438, 0, 1775073120], [130.414656, 33.594156, 0, 1775073240], [130.420616, 33.59013, 0, 1775073360], [130.431265, 33.589956, 0, 1775073540], [130.448549, 33.597052, 0, 1775073720]]}}, {"type": "Feature", "properties": {"trip_id": "空港線_平日_0_207", "route_id": "空港線", "route_color": "#f7931d", "route_type": "1", "trip_headsign": "福岡空港"}, "geometry": {"type": "LineString", "coordinates": [[130.325038, 33.583772, 0, 1775072580], [130.340145, 33.580947, 0, 1775072760], [130.348202, 33.581376, 0, 1775072820], [130.359714, 33.583726, 0, 1775073000], [130.370443, 33.590278, 0, 1775073120], [130.378844, 33.590081, 0, 1775073180], [130.390946, 33.589134, 0, 1775073300], [130.399379, 33.591493, 0, 1775073480], [130.405988, 33.59438, 0, 1775073540], [130.414656, 33.594156, 0, 1775073660], [130.420616, 33.59013, 0, 1775073840], [130.431265, 33.589956, 0, 1775073960], [130.448549, 33.597052, 0, 1775074140]]}}, {"type": "Feature", "properties": {"trip_id": "空港線_平日_0_208", "route_id": "空港線", "route_color": "#f7931d", "route_type": "1", "trip_headsign": "福岡空港"}, "geometry": {"type": "LineString", "coordinates": [[130.325038, 33.583772, 0, 1775073060], [130.340145, 33.580947, 0, 1775073180], [130.348202, 33.581376, 0, 1775073240], [130.359714, 33.583726, 0, 1775073420], [130.370443, 33.590278, 0, 1775073540], [130.378844, 33.590081, 0, 1775073600], [130.390946, 33.589134, 0, 1775073720], [130.399379, 33.591493, 0, 1775073840], [130.405988, 33.59438, 0, 1775073960], [130.414656, 33.594156, 0, 1775074080], [130.420616, 33.59013, 0, 1775074200], [130.431265, 33.589956, 0, 1775074380], [130.448549, 33.597052, 0, 1775074560]]}}, {"type": "Feature", "properties": {"trip_id": "空港線_平日_0_209", "route_id": "空港線", "route_color": "#f7931d", "route_type": "1", "trip_headsign": "貝塚"}, "geometry": {"type": "LineString", "coordinates": [[130.325038, 33.583772, 0, 1775073240], [130.340145, 33.580947, 0, 1775073360], [130.348202, 33.581376, 0, 1775073480], [130.359714, 33.583726, 0, 1775073600], [130.370443, 33.590278, 0, 1775073720], [130.378844, 33.590081, 0, 1775073840], [130.390946, 33.589134, 0, 1775073960], [130.399379, 33.591493, 0, 1775074080], [130.405988, 33.59438, 0, 1775074200]]}}, {"type": "Feature", "properties": {"trip_id": "空港線_平日_0_210", "route_id": "空港線", "route_color": "#f7931d", "route_type": "1", "trip_headsign": "福岡空港"}, "geometry": {"type": "LineString", "coordinates": [[130.325038, 33.583772, 0, 1775073420], [130.340145, 33.580947, 0, 1775073540], [130.348202, 33.581376, 0, 1775073660], [130.359714, 33.583726, 0, 1775073780], [130.370443, 33.590278, 0, 1775073900], [130.378844, 33.590081, 0, 1775074020], [130.390946, 33.589134, 0, 1775074140], [130.399379, 33.591493, 0, 1775074260], [130.405988, 33.59438, 0, 1775074380], [130.414656, 33.594156, 0, 1775074500], [130.420616, 33.59013, 0, 1775074620], [130.431265, 33.589956, 0, 1775074800], [130.448549, 33.597052, 0, 1775074980]]}}, {"type": "Feature", "properties": {"trip_id": "空港線_平日_0_211", "route_id": "空港線", "route_color": "#f7931d", "route_type": "1", "trip_headsign": "福岡空港"}, "geometry": {"type": "LineString", "coordinates": [[130.325038, 33.583772, 0, 1775073720], [130.340145, 33.580947, 0, 1775073900], [130.348202, 33.581376, 0, 1775074020], [130.359714, 33.583726, 0, 1775074140], [130.370443, 33.590278, 0, 1775074260], [130.378844, 33.590081, 0, 1775074380], [130.390946, 33.589134, 0, 1775074500], [130.399379, 33.591493, 0, 1775074680], [130.405988, 33.59438, 0, 1775074800], [130.414656, 33.594156, 0, 1775074920], [130.420616, 33.59013, 0, 1775075040], [130.431265, 33.589956, 0, 1775075220], [130.448549, 33.597052, 0, 1775075400]]}}, {"type": "Feature", "properties": {"trip_id": "空港線_平日_0_212", "route_id": "空港線", "route_color": "#f7931d", "route_type": "1", "trip_headsign": "貝塚"}, "geometry": {"type": "LineString", "coordinates": [[130.325038, 33.583772, 0, 1775074140], [130.340145, 33.580947, 0, 1775074260], [130.348202, 33.581376, 0, 1775074380], [130.359714, 33.583726, 0, 1775074500], [130.370443, 33.590278, 0, 1775074620], [130.378844, 33.590081, 0, 1775074740], [130.390946, 33.589134, 0, 1775074860], [130.399379, 33.591493, 0, 1775074980], [130.405988, 33.59438, 0, 1775075100]]}}, {"type": "Feature", "properties": {"trip_id": "空港線_平日_0_213", "route_id": "空港線", "route_color": "#f7931d", "route_type": "1", "trip_headsign": "福岡空港"}, "geometry": {"type": "LineString", "coordinates": [[130.325038, 33.583772, 0, 1775074320], [130.340145, 33.580947, 0, 1775074440], [130.348202, 33.581376, 0, 1775074560], [130.359714, 33.583726, 0, 1775074680], [130.370443, 33.590278, 0, 1775074800], [130.378844, 33.590081, 0, 1775074920], [130.390946, 33.589134, 0, 1775075040], [130.399379, 33.591493, 0, 1775075160], [130.405988, 33.59438, 0, 1775075280], [130.414656, 33.594156, 0, 1775075400], [130.420616, 33.59013, 0, 1775075520], [130.431265, 33.589956, 0, 1775075640], [130.448549, 33.597052, 0, 1775075820]]}}, {"type": "Feature", "properties": {"trip_id": "空港線_平日_0_214", "route_id": "空港線", "route_color": "#f7931d", "route_type": "1", "trip_headsign": "福岡空港"}, "geometry": {"type": "LineString", "coordinates": [[130.325038, 33.583772, 0, 1775074740], [130.340145, 33.580947, 0, 1775074860], [130.348202, 33.581376, 0, 1775074920], [130.359714, 33.583726, 0, 1775075100], [130.370443, 33.590278, 0, 1775075220], [130.378844, 33.590081, 0, 1775075280], [130.390946, 33.589134, 0, 1775075400], [130.399379, 33.591493, 0, 1775075520], [130.405988, 33.59438, 0, 1775075640], [130.414656, 33.594156, 0, 1775075760], [130.420616, 33.59013, 0, 1775075880], [130.431265, 33.589956, 0, 1775076060], [130.448549, 33.597052, 0, 1775076240]]}}, {"type": "Feature", "properties": {"trip_id": "空港線_平日_0_215", "route_id": "空港線", "route_color": "#f7931d", "route_type": "1", "trip_headsign": "福岡空港"}, "geometry": {"type": "LineString", "coordinates": [[130.325038, 33.583772, 0, 1775075100], [130.340145, 33.580947, 0, 1775075220], [130.348202, 33.581376, 0, 1775075340], [130.359714, 33.583726, 0, 1775075460], [130.370443, 33.590278, 0, 1775075580], [130.378844, 33.590081, 0, 1775075700], [130.390946, 33.589134, 0, 1775075820], [130.399379, 33.591493, 0, 1775075940], [130.405988, 33.59438, 0, 1775076060], [130.414656, 33.594156, 0, 1775076180], [130.420616, 33.59013, 0, 1775076300], [130.431265, 33.589956, 0, 1775076480], [130.448549, 33.597052, 0, 1775076660]]}}, {"type": "Feature", "properties": {"trip_id": "空港線_平日_0_216", "route_id": "空港線", "route_color": "#f7931d", "route_type": "1", "trip_headsign": "貝塚"}, "geometry": {"type": "LineString", "coordinates": [[130.325038, 33.583772, 0, 1775075340], [130.340145, 33.580947, 0, 1775075460], [130.348202, 33.581376, 0, 1775075520], [130.359714, 33.583726, 0, 1775075700], [130.370443, 33.590278, 0, 1775075820], [130.378844, 33.590081, 0, 1775075880], [130.390946, 33.589134, 0, 1775076000], [130.399379, 33.591493, 0, 1775076180], [130.405988, 33.59438, 0, 1775076300]]}}, {"type": "Feature", "properties": {"trip_id": "空港線_平日_0_217", "route_id": "空港線", "route_color": "#f7931d", "route_type": "1", "trip_headsign": "福岡空港"}, "geometry": {"type": "LineString", "coordinates": [[130.325038, 33.583772, 0, 1775075580], [130.340145, 33.580947, 0, 1775075700], [130.348202, 33.581376, 0, 1775075760], [130.359714, 33.583726, 0, 1775075940], [130.370443, 33.590278, 0, 1775076060], [130.378844, 33.590081, 0, 1775076120], [130.390946, 33.589134, 0, 1775076300], [130.399379, 33.591493, 0, 1775076420], [130.405988, 33.59438, 0, 1775076540], [130.414656, 33.594156, 0, 1775076660], [130.420616, 33.59013, 0, 1775076780], [130.431265, 33.589956, 0, 1775076900], [130.448549, 33.597052, 0, 1775077080]]}}, {"type": "Feature", "properties": {"trip_id": "空港線_平日_0_218", "route_id": "空港線", "route_color": "#f7931d", "route_type": "1", "trip_headsign": "福岡空港"}, "geometry": {"type": "LineString", "coordinates": [[130.325038, 33.583772, 0, 1775076060], [130.340145, 33.580947, 0, 1775076240], [130.348202, 33.581376, 0, 1775076300], [130.359714, 33.583726, 0, 1775076480], [130.370443, 33.590278, 0, 1775076600], [130.378844, 33.590081, 0, 1775076660], [130.390946, 33.589134, 0, 1775076780], [130.399379, 33.591493, 0, 1775076900], [130.405988, 33.59438, 0, 1775077020], [130.414656, 33.594156, 0, 1775077140], [130.420616, 33.59013, 0, 1775077260], [130.431265, 33.589956, 0, 1775077440], [130.448549, 33.597052, 0, 1775077620]]}}, {"type": "Feature", "properties": {"trip_id": "空港線_平日_0_219", "route_id": "空港線", "route_color": "#f7931d", "route_type": "1", "trip_headsign": "福岡空港"}, "geometry": {"type": "LineString", "coordinates": [[130.325038, 33.583772, 0, 1775076540], [130.340145, 33.580947, 0, 1775076660], [130.348202, 33.581376, 0, 1775076720], [130.359714, 33.583726, 0, 1775076900], [130.370443, 33.590278, 0, 1775077020], [130.378844, 33.590081, 0, 1775077080], [130.390946, 33.589134, 0, 1775077200], [130.399379, 33.591493, 0, 1775077320], [130.405988, 33.59438, 0, 1775077440], [130.414656, 33.594156, 0, 1775077560], [130.420616, 33.59013, 0, 1775077680], [130.431265, 33.589956, 0, 1775077860], [130.448549, 33.597052, 0, 1775078040]]}}, {"type": "Feature", "properties": {"trip_id": "空港線_平日_0_220", "route_id": "空港線", "route_color": "#f7931d", "route_type": "1", "trip_headsign": "福岡空港"}, "geometry": {"type": "LineString", "coordinates": [[130.325038, 33.583772, 0, 1775076960], [130.340145, 33.580947, 0, 1775077080], [130.348202, 33.581376, 0, 1775077200], [130.359714, 33.583726, 0, 1775077320], [130.370443, 33.590278, 0, 1775077440], [130.378844, 33.590081, 0, 1775077560], [130.390946, 33.589134, 0, 1775077680], [130.399379, 33.591493, 0, 1775077800], [130.405988, 33.59438, 0, 1775077920], [130.414656, 33.594156, 0, 1775078040], [130.420616, 33.59013, 0, 1775078160], [130.431265, 33.589956, 0, 1775078280], [130.448549, 33.597052, 0, 1775078460]]}}, {"type": "Feature", "properties": {"trip_id": "空港線_平日_0_221", "route_id": "空港線", "route_color": "#f7931d", "route_type": "1", "trip_headsign": "貝塚"}, "geometry": {"type": "LineString", "coordinates": [[130.325038, 33.583772, 0, 1775077260], [130.340145, 33.580947, 0, 1775077380], [130.348202, 33.581376, 0, 1775077440], [130.359714, 33.583726, 0, 1775077620], [130.370443, 33.590278, 0, 1775077740], [130.378844, 33.590081, 0, 1775077800], [130.390946, 33.589134, 0, 1775077920], [130.399379, 33.591493, 0, 1775078040], [130.405988, 33.59438, 0, 1775078160]]}}, {"type": "Feature", "properties": {"trip_id": "空港線_平日_0_222", "route_id": "空港線", "route_color": "#f7931d", "route_type": "1", "trip_headsign": "福岡空港"}, "geometry": {"type": "LineString", "coordinates": [[130.325038, 33.583772, 0, 1775077500], [130.340145, 33.580947, 0, 1775077620], [130.348202, 33.581376, 0, 1775077740], [130.359714, 33.583726, 0, 1775077860], [130.370443, 33.590278, 0, 1775077980], [130.378844, 33.590081, 0, 1775078100], [130.390946, 33.589134, 0, 1775078220], [130.399379, 33.591493, 0, 1775078340], [130.405988, 33.59438, 0, 1775078460], [130.414656, 33.594156, 0, 1775078580], [130.420616, 33.59013, 0, 1775078700], [130.431265, 33.589956, 0, 1775078820], [130.448549, 33.597052, 0, 1775079000]]}}, {"type": "Feature", "properties": {"trip_id": "空港線_平日_0_223", "route_id": "空港線", "route_color": "#f7931d", "route_type": "1", "trip_headsign": "福岡空港"}, "geometry": {"type": "LineString", "coordinates": [[130.325038, 33.583772, 0, 1775077860], [130.340145, 33.580947, 0, 1775078040], [130.348202, 33.581376, 0, 1775078100], [130.359714, 33.583726, 0, 1775078220], [130.370443, 33.590278, 0, 1775078340], [130.378844, 33.590081, 0, 1775078460], [130.390946, 33.589134, 0, 1775078580], [130.399379, 33.591493, 0, 1775078700], [130.405988, 33.59438, 0, 1775078820], [130.414656, 33.594156, 0, 1775078940], [130.420616, 33.59013, 0, 1775079060], [130.431265, 33.589956, 0, 1775079180], [130.448549, 33.597052, 0, 1775079360]]}}, {"type": "Feature", "properties": {"trip_id": "空港線_平日_0_224", "route_id": "空港線", "route_color": "#f7931d", "route_type": "1", "trip_headsign": "福岡空港"}, "geometry": {"type": "LineString", "coordinates": [[130.325038, 33.583772, 0, 1775078340], [130.340145, 33.580947, 0, 1775078460], [130.348202, 33.581376, 0, 1775078520], [130.359714, 33.583726, 0, 1775078700], [130.370443, 33.590278, 0, 1775078820], [130.378844, 33.590081, 0, 1775078880], [130.390946, 33.589134, 0, 1775079000], [130.399379, 33.591493, 0, 1775079120], [130.405988, 33.59438, 0, 1775079240], [130.414656, 33.594156, 0, 1775079360], [130.420616, 33.59013, 0, 1775079480], [130.431265, 33.589956, 0, 1775079660], [130.448549, 33.597052, 0, 1775079840]]}}, {"type": "Feature", "properties": {"trip_id": "空港線_平日_0_225", "route_id": "空港線", "route_color": "#f7931d", "route_type": "1", "trip_headsign": "福岡空港"}, "geometry": {"type": "LineString", "coordinates": [[130.325038, 33.583772, 0, 1775078760], [130.340145, 33.580947, 0, 1775078880], [130.348202, 33.581376, 0, 1775079000], [130.359714, 33.583726, 0, 1775079120], [130.370443, 33.590278, 0, 1775079240], [130.378844, 33.590081, 0, 1775079360], [130.390946, 33.589134, 0, 1775079480], [130.399379, 33.591493, 0, 1775079600], [130.405988, 33.59438, 0, 1775079720], [130.414656, 33.594156, 0, 1775079840], [130.420616, 33.59013, 0, 1775079960], [130.431265, 33.589956, 0, 1775080140], [130.448549, 33.597052, 0, 1775080260]]}}, {"type": "Feature", "properties": {"trip_id": "空港線_平日_0_226", "route_id": "空港線", "route_color": "#f7931d", "route_type": "1", "trip_headsign": "福岡空港"}, "geometry": {"type": "LineString", "coordinates": [[130.325038, 33.583772, 0, 1775079180], [130.340145, 33.580947, 0, 1775079360], [130.348202, 33.581376, 0, 1775079420], [130.359714, 33.583726, 0, 1775079600], [130.370443, 33.590278, 0, 1775079720], [130.378844, 33.590081, 0, 1775079780], [130.390946, 33.589134, 0, 1775079900], [130.399379, 33.591493, 0, 1775080080], [130.405988, 33.59438, 0, 1775080200], [130.414656, 33.594156, 0, 1775080320], [130.420616, 33.59013, 0, 1775080440], [130.431265, 33.589956, 0, 1775080620], [130.448549, 33.597052, 0, 1775080800]]}}, {"type": "Feature", "properties": {"trip_id": "空港線_平日_0_227", "route_id": "空港線", "route_color": "#f7931d", "route_type": "1", "trip_headsign": "福岡空港"}, "geometry": {"type": "LineString", "coordinates": [[130.325038, 33.583772, 0, 1775079600], [130.340145, 33.580947, 0, 1775079720], [130.348202, 33.581376, 0, 1775079780], [130.359714, 33.583726, 0, 1775079960], [130.370443, 33.590278, 0, 1775080080], [130.378844, 33.590081, 0, 1775080140], [130.390946, 33.589134, 0, 1775080260], [130.399379, 33.591493, 0, 1775080380], [130.405988, 33.59438, 0, 1775080500], [130.414656, 33.594156, 0, 1775080680], [130.420616, 33.59013, 0, 1775080800], [130.431265, 33.589956, 0, 1775080980], [130.448549, 33.597052, 0, 1775081100]]}}, {"type": "Feature", "properties": {"trip_id": "空港線_平日_0_228", "route_id": "空港線", "route_color": "#f7931d", "route_type": "1", "trip_headsign": "貝塚"}, "geometry": {"type": "LineString", "coordinates": [[130.325038, 33.583772, 0, 1775079780], [130.340145, 33.580947, 0, 1775079900], [130.348202, 33.581376, 0, 1775080020], [130.359714, 33.583726, 0, 1775080140], [130.370443, 33.590278, 0, 1775080260], [130.378844, 33.590081, 0, 1775080380], [130.390946, 33.589134, 0, 1775080500], [130.399379, 33.591493, 0, 1775080620], [130.405988, 33.59438, 0, 1775080740]]}}, {"type": "Feature", "properties": {"trip_id": "空港線_平日_0_229", "route_id": "空港線", "route_color": "#f7931d", "route_type": "1", "trip_headsign": "福岡空港"}, "geometry": {"type": "LineString", "coordinates": [[130.325038, 33.583772, 0, 1775080020], [130.340145, 33.580947, 0, 1775080140], [130.348202, 33.581376, 0, 1775080260], [130.359714, 33.583726, 0, 1775080380], [130.370443, 33.590278, 0, 1775080500], [130.378844, 33.590081, 0, 1775080560], [130.390946, 33.589134, 0, 1775080740], [130.399379, 33.591493, 0, 1775080860], [130.405988, 33.59438, 0, 1775080980], [130.414656, 33.594156, 0, 1775081100], [130.420616, 33.59013, 0, 1775081220], [130.431265, 33.589956, 0, 1775081340], [130.448549, 33.597052, 0, 1775081520]]}}, {"type": "Feature", "properties": {"trip_id": "空港線_平日_0_230", "route_id": "空港線", "route_color": "#f7931d", "route_type": "1", "trip_headsign": "福岡空港"}, "geometry": {"type": "LineString", "coordinates": [[130.325038, 33.583772, 0, 1775080560], [130.340145, 33.580947, 0, 1775080680], [130.348202, 33.581376, 0, 1775080800], [130.359714, 33.583726, 0, 1775080920], [130.370443, 33.590278, 0, 1775081040], [130.378844, 33.590081, 0, 1775081160], [130.390946, 33.589134, 0, 1775081280], [130.399379, 33.591493, 0, 1775081400], [130.405988, 33.59438, 0, 1775081520], [130.414656, 33.594156, 0, 1775081640], [130.420616, 33.59013, 0, 1775081760], [130.431265, 33.589956, 0, 1775081880], [130.448549, 33.597052, 0, 1775082060]]}}, {"type": "Feature", "properties": {"trip_id": "空港線_平日_0_231", "route_id": "空港線", "route_color": "#f7931d", "route_type": "1", "trip_headsign": "貝塚"}, "geometry": {"type": "LineString", "coordinates": [[130.325038, 33.583772, 0, 1775080980], [130.340145, 33.580947, 0, 1775081100], [130.348202, 33.581376, 0, 1775081220], [130.359714, 33.583726, 0, 1775081340], [130.370443, 33.590278, 0, 1775081460], [130.378844, 33.590081, 0, 1775081520], [130.390946, 33.589134, 0, 1775081640], [130.399379, 33.591493, 0, 1775081820], [130.405988, 33.59438, 0, 1775081880]]}}, {"type": "Feature", "properties": {"trip_id": "空港線_平日_0_232", "route_id": "空港線", "route_color": "#f7931d", "route_type": "1", "trip_headsign": "福岡空港"}, "geometry": {"type": "LineString", "coordinates": [[130.325038, 33.583772, 0, 1775081160], [130.340145, 33.580947, 0, 1775081280], [130.348202, 33.581376, 0, 1775081340], [130.359714, 33.583726, 0, 1775081520], [130.370443, 33.590278, 0, 1775081640], [130.378844, 33.590081, 0, 1775081700], [130.390946, 33.589134, 0, 1775081820], [130.399379, 33.591493, 0, 1775081940], [130.405988, 33.59438, 0, 1775082060], [130.414656, 33.594156, 0, 1775082180], [130.420616, 33.59013, 0, 1775082300], [130.431265, 33.589956, 0, 1775082480], [130.448549, 33.597052, 0, 1775082660]]}}, {"type": "Feature", "properties": {"trip_id": "空港線_平日_0_233", "route_id": "空港線", "route_color": "#f7931d", "route_type": "1", "trip_headsign": "福岡空港"}, "geometry": {"type": "LineString", "coordinates": [[130.325038, 33.583772, 0, 1775081520], [130.340145, 33.580947, 0, 1775081700], [130.348202, 33.581376, 0, 1775081760], [130.359714, 33.583726, 0, 1775081880], [130.370443, 33.590278, 0, 1775082000], [130.378844, 33.590081, 0, 1775082120], [130.390946, 33.589134, 0, 1775082240], [130.399379, 33.591493, 0, 1775082360], [130.405988, 33.59438, 0, 1775082480], [130.414656, 33.594156, 0, 1775082600], [130.420616, 33.59013, 0, 1775082720], [130.431265, 33.589956, 0, 1775082840], [130.448549, 33.597052, 0, 1775083020]]}}, {"type": "Feature", "properties": {"trip_id": "空港線_平日_0_234", "route_id": "空港線", "route_color": "#f7931d", "route_type": "1", "trip_headsign": "福岡空港"}, "geometry": {"type": "LineString", "coordinates": [[130.325038, 33.583772, 0, 1775082060], [130.340145, 33.580947, 0, 1775082180], [130.348202, 33.581376, 0, 1775082300], [130.359714, 33.583726, 0, 1775082420], [130.370443, 33.590278, 0, 1775082540], [130.378844, 33.590081, 0, 1775082600], [130.390946, 33.589134, 0, 1775082780], [130.399379, 33.591493, 0, 1775082900], [130.405988, 33.59438, 0, 1775083020], [130.414656, 33.594156, 0, 1775083140], [130.420616, 33.59013, 0, 1775083260], [130.431265, 33.589956, 0, 1775083380], [130.448549, 33.597052, 0, 1775083560]]}}, {"type": "Feature", "properties": {"trip_id": "空港線_平日_0_235", "route_id": "空港線", "route_color": "#f7931d", "route_type": "1", "trip_headsign": "貝塚"}, "geometry": {"type": "LineString", "coordinates": [[130.325038, 33.583772, 0, 1775082360], [130.340145, 33.580947, 0, 1775082480], [130.348202, 33.581376, 0, 1775082540], [130.359714, 33.583726, 0, 1775082720], [130.370443, 33.590278, 0, 1775082840], [130.378844, 33.590081, 0, 1775082900], [130.390946, 33.589134, 0, 1775083020], [130.399379, 33.591493, 0, 1775083140], [130.405988, 33.59438, 0, 1775083260]]}}, {"type": "Feature", "properties": {"trip_id": "空港線_平日_0_236", "route_id": "空港線", "route_color": "#f7931d", "route_type": "1", "trip_headsign": "福岡空港"}, "geometry": {"type": "LineString", "coordinates": [[130.325038, 33.583772, 0, 1775082600], [130.340145, 33.580947, 0, 1775082780], [130.348202, 33.581376, 0, 1775082840], [130.359714, 33.583726, 0, 1775082960], [130.370443, 33.590278, 0, 1775083080], [130.378844, 33.590081, 0, 1775083200], [130.390946, 33.589134, 0, 1775083320], [130.399379, 33.591493, 0, 1775083440], [130.405988, 33.59438, 0, 1775083560], [130.414656, 33.594156, 0, 1775083680], [130.420616, 33.59013, 0, 1775083800], [130.431265, 33.589956, 0, 1775083980], [130.448549, 33.597052, 0, 1775084100]]}}, {"type": "Feature", "properties": {"trip_id": "空港線_平日_0_237", "route_id": "空港線", "route_color": "#f7931d", "route_type": "1", "trip_headsign": "貝塚"}, "geometry": {"type": "LineString", "coordinates": [[130.325038, 33.583772, 0, 1775083020], [130.340145, 33.580947, 0, 1775083200], [130.348202, 33.581376, 0, 1775083260], [130.359714, 33.583726, 0, 1775083380], [130.370443, 33.590278, 0, 1775083500], [130.378844, 33.590081, 0, 1775083620], [130.390946, 33.589134, 0, 1775083740], [130.399379, 33.591493, 0, 1775083860], [130.405988, 33.59438, 0, 1775083980]]}}, {"type": "Feature", "properties": {"trip_id": "空港線_平日_0_238", "route_id": "空港線", "route_color": "#f7931d", "route_type": "1", "trip_headsign": "福岡空港"}, "geometry": {"type": "LineString", "coordinates": [[130.325038, 33.583772, 0, 1775083200], [130.340145, 33.580947, 0, 1775083380], [130.348202, 33.581376, 0, 1775083440], [130.359714, 33.583726, 0, 1775083560], [130.370443, 33.590278, 0, 1775083680], [130.378844, 33.590081, 0, 1775083800], [130.390946, 33.589134, 0, 1775083920], [130.399379, 33.591493, 0, 1775084040], [130.405988, 33.59438, 0, 1775084160], [130.414656, 33.594156, 0, 1775084280], [130.420616, 33.59013, 0, 1775084400], [130.431265, 33.589956, 0, 1775084520], [130.448549, 33.597052, 0, 1775084700]]}}, {"type": "Feature", "properties": {"trip_id": "空港線_平日_0_239", "route_id": "空港線", "route_color": "#f7931d", "route_type": "1", "trip_headsign": "福岡空港"}, "geometry": {"type": "LineString", "coordinates": [[130.325038, 33.583772, 0, 1775083860], [130.340145, 33.580947, 0, 1775083980], [130.348202, 33.581376, 0, 1775084100], [130.359714, 33.583726, 0, 1775084220], [130.370443, 33.590278, 0, 1775084340], [130.378844, 33.590081, 0, 1775084400], [130.390946, 33.589134, 0, 1775084520], [130.399379, 33.591493, 0, 1775084700], [130.405988, 33.59438, 0, 1775084760], [130.414656, 33.594156, 0, 1775084880], [130.420616, 33.59013, 0, 1775085060], [130.431265, 33.589956, 0, 1775085180], [130.448549, 33.597052, 0, 1775085360]]}}, {"type": "Feature", "properties": {"trip_id": "空港線_平日_0_240", "route_id": "空港線", "route_color": "#f7931d", "route_type": "1", "trip_headsign": "貝塚"}, "geometry": {"type": "LineString", "coordinates": [[130.325038, 33.583772, 0, 1775084040], [130.340145, 33.580947, 0, 1775084160], [130.348202, 33.581376, 0, 1775084280], [130.359714, 33.583726, 0, 1775084400], [130.370443, 33.590278, 0, 1775084520], [130.378844, 33.590081, 0, 1775084580], [130.390946, 33.589134, 0, 1775084700], [130.399379, 33.591493, 0, 1775084880], [130.405988, 33.59438, 0, 1775084940]]}}, {"type": "Feature", "properties": {"trip_id": "空港線_平日_0_241", "route_id": "空港線", "route_color": "#f7931d", "route_type": "1", "trip_headsign": "福岡空港"}, "geometry": {"type": "LineString", "coordinates": [[130.325038, 33.583772, 0, 1775084640], [130.340145, 33.580947, 0, 1775084760], [130.348202, 33.581376, 0, 1775084880], [130.359714, 33.583726, 0, 1775085000], [130.370443, 33.590278, 0, 1775085120], [130.378844, 33.590081, 0, 1775085180], [130.390946, 33.589134, 0, 1775085360], [130.399379, 33.591493, 0, 1775085480], [130.405988, 33.59438, 0, 1775085600], [130.414656, 33.594156, 0, 1775085720], [130.420616, 33.59013, 0, 1775085840], [130.431265, 33.589956, 0, 1775085960], [130.448549, 33.597052, 0, 1775086140]]}}, {"type": "Feature", "properties": {"trip_id": "空港線_平日_0_242", "route_id": "空港線", "route_color": "#f7931d", "route_type": "1", "trip_headsign": "貝塚"}, "geometry": {"type": "LineString", "coordinates": [[130.325038, 33.583772, 0, 1775084760], [130.340145, 33.580947, 0, 1775084940], [130.348202, 33.581376, 0, 1775085000], [130.359714, 33.583726, 0, 1775085180], [130.370443, 33.590278, 0, 1775085300], [130.378844, 33.590081, 0, 1775085360], [130.390946, 33.589134, 0, 1775085480], [130.399379, 33.591493, 0, 1775085600], [130.405988, 33.59438, 0, 1775085720]]}}, {"type": "Feature", "properties": {"trip_id": "空港線_平日_0_243", "route_id": "空港線", "route_color": "#f7931d", "route_type": "1", "trip_headsign": "福岡空港"}, "geometry": {"type": "LineString", "coordinates": [[130.325038, 33.583772, 0, 1775085120], [130.340145, 33.580947, 0, 1775085300], [130.348202, 33.581376, 0, 1775085360], [130.359714, 33.583726, 0, 1775085540], [130.370443, 33.590278, 0, 1775085660], [130.378844, 33.590081, 0, 1775085720], [130.390946, 33.589134, 0, 1775085840], [130.399379, 33.591493, 0, 1775085960], [130.405988, 33.59438, 0, 1775086080], [130.414656, 33.594156, 0, 1775086200], [130.420616, 33.59013, 0, 1775086320], [130.431265, 33.589956, 0, 1775086500], [130.448549, 33.597052, 0, 1775086680]]}}, {"type": "Feature", "properties": {"trip_id": "空港線_平日_0_244", "route_id": "空港線", "route_color": "#f7931d", "route_type": "1", "trip_headsign": "福岡空港"}, "geometry": {"type": "LineString", "coordinates": [[130.325038, 33.583772, 0, 1775085540], [130.340145, 33.580947, 0, 1775085720], [130.348202, 33.581376, 0, 1775085780], [130.359714, 33.583726, 0, 1775085960], [130.370443, 33.590278, 0, 1775086080], [130.378844, 33.590081, 0, 1775086140], [130.390946, 33.589134, 0, 1775086260], [130.399379, 33.591493, 0, 1775086380], [130.405988, 33.59438, 0, 1775086500], [130.414656, 33.594156, 0, 1775086620], [130.420616, 33.59013, 0, 1775086740], [130.431265, 33.589956, 0, 1775086920], [130.448549, 33.597052, 0, 1775087100]]}}, {"type": "Feature", "properties": {"trip_id": "空港線_平日_0_245", "route_id": "空港線", "route_color": "#f7931d", "route_type": "1", "trip_headsign": "貝塚"}, "geometry": {"type": "LineString", "coordinates": [[130.325038, 33.583772, 0, 1775085840], [130.340145, 33.580947, 0, 1775086020], [130.348202, 33.581376, 0, 1775086080], [130.359714, 33.583726, 0, 1775086200], [130.370443, 33.590278, 0, 1775086320], [130.378844, 33.590081, 0, 1775086440], [130.390946, 33.589134, 0, 1775086560], [130.399379, 33.591493, 0, 1775086680], [130.405988, 33.59438, 0, 1775086800]]}}, {"type": "Feature", "properties": {"trip_id": "空港線_平日_0_246", "route_id": "空港線", "route_color": "#f7931d", "route_type": "1", "trip_headsign": "福岡空港"}, "geometry": {"type": "LineString", "coordinates": [[130.325038, 33.583772, 0, 1775086320], [130.340145, 33.580947, 0, 1775086440], [130.348202, 33.581376, 0, 1775086560], [130.359714, 33.583726, 0, 1775086680], [130.370443, 33.590278, 0, 1775086800], [130.378844, 33.590081, 0, 1775086860], [130.390946, 33.589134, 0, 1775087040], [130.399379, 33.591493, 0, 1775087160], [130.405988, 33.59438, 0, 1775087280], [130.414656, 33.594156, 0, 1775087400], [130.420616, 33.59013, 0, 1775087520], [130.431265, 33.589956, 0, 1775087640], [130.448549, 33.597052, 0, 1775087820]]}}, {"type": "Feature", "properties": {"trip_id": "空港線_平日_0_247", "route_id": "空港線", "route_color": "#f7931d", "route_type": "1", "trip_headsign": "貝塚"}, "geometry": {"type": "LineString", "coordinates": [[130.325038, 33.583772, 0, 1775086980], [130.340145, 33.580947, 0, 1775087100], [130.348202, 33.581376, 0, 1775087220], [130.359714, 33.583726, 0, 1775087340], [130.370443, 33.590278, 0, 1775087460], [130.378844, 33.590081, 0, 1775087580], [130.390946, 33.589134, 0, 1775087700], [130.399379, 33.591493, 0, 1775087820], [130.405988, 33.59438, 0, 1775087880]]}}, {"type": "Feature", "properties": {"trip_id": "空港線_平日_0_248", "route_id": "空港線", "route_color": "#f7931d", "route_type": "1", "trip_headsign": "福岡空港"}, "geometry": {"type": "LineString", "coordinates": [[130.325038, 33.583772, 0, 1775087160], [130.340145, 33.580947, 0, 1775087280], [130.348202, 33.581376, 0, 1775087400], [130.359714, 33.583726, 0, 1775087520], [130.370443, 33.590278, 0, 1775087640], [130.378844, 33.590081, 0, 1775087760], [130.390946, 33.589134, 0, 1775087880], [130.399379, 33.591493, 0, 1775088000], [130.405988, 33.59438, 0, 1775088120], [130.414656, 33.594156, 0, 1775088240], [130.420616, 33.59013, 0, 1775088360], [130.431265, 33.589956, 0, 1775088480], [130.448549, 33.597052, 0, 1775088660]]}}, {"type": "Feature", "properties": {"trip_id": "空港線_平日_0_249", "route_id": "空港線", "route_color": "#f7931d", "route_type": "1", "trip_headsign": "福岡空港"}, "geometry": {"type": "LineString", "coordinates": [[130.325038, 33.583772, 0, 1775088000], [130.340145, 33.580947, 0, 1775088120], [130.348202, 33.581376, 0, 1775088240], [130.359714, 33.583726, 0, 1775088360], [130.370443, 33.590278, 0, 1775088480], [130.378844, 33.590081, 0, 1775088600], [130.390946, 33.589134, 0, 1775088720], [130.399379, 33.591493, 0, 1775088840], [130.405988, 33.59438, 0, 1775088960], [130.414656, 33.594156, 0, 1775089080], [130.420616, 33.59013, 0, 1775089200], [130.431265, 33.589956, 0, 1775089320], [130.448549, 33.597052, 0, 1775089500]]}}, {"type": "Feature", "properties": {"trip_id": "空港線_平日_0_250", "route_id": "空港線", "route_color": "#f7931d", "route_type": "1", "trip_headsign": "貝塚"}, "geometry": {"type": "LineString", "coordinates": [[130.325038, 33.583772, 0, 1775088660], [130.340145, 33.580947, 0, 1775088780], [130.348202, 33.581376, 0, 1775088900], [130.359714, 33.583726, 0, 1775089020], [130.370443, 33.590278, 0, 1775089140], [130.378844, 33.590081, 0, 1775089200], [130.390946, 33.589134, 0, 1775089320], [130.399379, 33.591493, 0, 1775089500], [130.405988, 33.59438, 0, 1775089560]]}}, {"type": "Feature", "properties": {"trip_id": "空港線_平日_0_251", "route_id": "空港線", "route_color": "#f7931d", "route_type": "1", "trip_headsign": "福岡空港"}, "geometry": {"type": "LineString", "coordinates": [[130.325038, 33.583772, 0, 1775089080], [130.340145, 33.580947, 0, 1775089200], [130.348202, 33.581376, 0, 1775089320], [130.359714, 33.583726, 0, 1775089440], [130.370443, 33.590278, 0, 1775089560], [130.378844, 33.590081, 0, 1775089620], [130.390946, 33.589134, 0, 1775089740], [130.399379, 33.591493, 0, 1775089920], [130.405988, 33.59438, 0, 1775089980], [130.414656, 33.594156, 0, 1775090100], [130.420616, 33.59013, 0, 1775090280], [130.431265, 33.589956, 0, 1775090400], [130.448549, 33.597052, 0, 1775090580]]}}, {"type": "Feature", "properties": {"trip_id": "空港線_平日_0_252", "route_id": "空港線", "route_color": "#f7931d", "route_type": "1", "trip_headsign": "博多"}, "geometry": {"type": "LineString", "coordinates": [[130.325038, 33.583772, 0, 1775089500], [130.340145, 33.580947, 0, 1775089620], [130.348202, 33.581376, 0, 1775089740], [130.359714, 33.583726, 0, 1775089860], [130.370443, 33.590278, 0, 1775089980], [130.378844, 33.590081, 0, 1775090040], [130.390946, 33.589134, 0, 1775090160], [130.399379, 33.591493, 0, 1775090340], [130.405988, 33.59438, 0, 1775090400], [130.414656, 33.594156, 0, 1775090520], [130.420616, 33.59013, 0, 1775090640]]}}, {"type": "Feature", "properties": {"trip_id": "空港線_平日_1_001", "route_id": "空港線", "route_color": "#f7931d", "route_type": "1", "trip_headsign": "筑前前原"}, "geometry": {"type": "LineString", "coordinates": [[130.420616, 33.59013, 0, 1775021400], [130.414656, 33.594156, 0, 1775021520], [130.405988, 33.59438, 0, 1775021640], [130.399379, 33.591493, 0, 1775021760], [130.390946, 33.589134, 0, 1775021880], [130.378844, 33.590081, 0, 1775022000], [130.370443, 33.590278, 0, 1775022060], [130.359714, 33.583726, 0, 1775022240], [130.348202, 33.581376, 0, 1775022360], [130.340145, 33.580947, 0, 1775022420], [130.325038, 33.583772, 0, 1775022540]]}}, {"type": "Feature", "properties": {"trip_id": "空港線_平日_1_002", "route_id": "空港線", "route_color": "#f7931d", "route_type": "1", "trip_headsign": "姪浜"}, "geometry": {"type": "LineString", "coordinates": [[130.405988, 33.59438, 0, 1775022000], [130.399379, 33.591493, 0, 1775022120], [130.390946, 33.589134, 0, 1775022240], [130.378844, 33.590081, 0, 1775022360], [130.370443, 33.590278, 0, 1775022480], [130.359714, 33.583726, 0, 1775022600], [130.348202, 33.581376, 0, 1775022720], [130.340145, 33.580947, 0, 1775022840], [130.325038, 33.583772, 0, 1775022960]]}}, {"type": "Feature", "properties": {"trip_id": "空港線_平日_1_003", "route_id": "空港線", "route_color": "#f7931d", "route_type": "1", "trip_headsign": "筑前前原"}, "geometry": {"type": "LineString", "coordinates": [[130.448549, 33.597052, 0, 1775022180], [130.431265, 33.589956, 0, 1775022360], [130.420616, 33.59013, 0, 1775022480], [130.414656, 33.594156, 0, 1775022600], [130.405988, 33.59438, 0, 1775022720], [130.399379, 33.591493, 0, 1775022840], [130.390946, 33.589134, 0, 1775022960], [130.378844, 33.590081, 0, 1775023080], [130.370443, 33.590278, 0, 1775023140], [130.359714, 33.583726, 0, 1775023260], [130.348202, 33.581376, 0, 1775023380], [130.340145, 33.580947, 0, 1775023500], [130.325038, 33.583772, 0, 1775023620]]}}, {"type": "Feature", "properties": {"trip_id": "空港線_平日_1_004", "route_id": "空港線", "route_color": "#f7931d", "route_type": "1", "trip_headsign": "筑前前原"}, "geometry": {"type": "LineString", "coordinates": [[130.448549, 33.597052, 0, 1775023260], [130.431265, 33.589956, 0, 1775023440], [130.420616, 33.59013, 0, 1775023620], [130.414656, 33.594156, 0, 1775023680], [130.405988, 33.59438, 0, 1775023800], [130.399379, 33.591493, 0, 1775023920], [130.390946, 33.589134, 0, 1775024040], [130.378844, 33.590081, 0, 1775024160], [130.370443, 33.590278, 0, 1775024280], [130.359714, 33.583726, 0, 1775024400], [130.348202, 33.581376, 0, 1775024520], [130.340145, 33.580947, 0, 1775024640], [130.325038, 33.583772, 0, 1775024760]]}}, {"type": "Feature", "properties": {"trip_id": "空港線_平日_1_005", "route_id": "空港線", "route_color": "#f7931d", "route_type": "1", "trip_headsign": "姪浜"}, "geometry": {"type": "LineString", "coordinates": [[130.405988, 33.59438, 0, 1775023380], [130.399379, 33.591493, 0, 1775023500], [130.390946, 33.589134, 0, 1775023620], [130.378844, 33.590081, 0, 1775023740], [130.370443, 33.590278, 0, 1775023860], [130.359714, 33.583726, 0, 1775023980], [130.348202, 33.581376, 0, 1775024100], [130.340145, 33.580947, 0, 1775024220], [130.325038, 33.583772, 0, 1775024340]]}}, {"type": "Feature", "properties": {"trip_id": "空港線_平日_1_006", "route_id": "空港線", "route_color": "#f7931d", "route_type": "1", "trip_headsign": "筑前前原"}, "geometry": {"type": "LineString", "coordinates": [[130.448549, 33.597052, 0, 1775023860], [130.431265, 33.589956, 0, 1775024040], [130.420616, 33.59013, 0, 1775024220], [130.414656, 33.594156, 0, 1775024340], [130.405988, 33.59438, 0, 1775024460], [130.399379, 33.591493, 0, 1775024580], [130.390946, 33.589134, 0, 1775024700], [130.378844, 33.590081, 0, 1775024760], [130.370443, 33.590278, 0, 1775024880], [130.359714, 33.583726, 0, 1775025000], [130.348202, 33.581376, 0, 1775025120], [130.340145, 33.580947, 0, 1775025240], [130.325038, 33.583772, 0, 1775025360]]}}, {"type": "Feature", "properties": {"trip_id": "空港線_平日_1_007", "route_id": "空港線", "route_color": "#f7931d", "route_type": "1", "trip_headsign": "姪浜"}, "geometry": {"type": "LineString", "coordinates": [[130.405988, 33.59438, 0, 1775024040], [130.399379, 33.591493, 0, 1775024160], [130.390946, 33.589134, 0, 1775024280], [130.378844, 33.590081, 0, 1775024400], [130.370443, 33.590278, 0, 1775024460], [130.359714, 33.583726, 0, 1775024580], [130.348202, 33.581376, 0, 1775024700], [130.340145, 33.580947, 0, 1775024820], [130.325038, 33.583772, 0, 1775024940]]}}, {"type": "Feature", "properties": {"trip_id": "空港線_平日_1_008", "route_id": "空港線", "route_color": "#f7931d", "route_type": "1", "trip_headsign": "筑前前原"}, "geometry": {"type": "LineString", "coordinates": [[130.448549, 33.597052, 0, 1775024520], [130.431265, 33.589956, 0, 1775024700], [130.420616, 33.59013, 0, 1775024880], [130.414656, 33.594156, 0, 1775025000], [130.405988, 33.59438, 0, 1775025120], [130.399379, 33.591493, 0, 1775025240], [130.390946, 33.589134, 0, 1775025360], [130.378844, 33.590081, 0, 1775025420], [130.370443, 33.590278, 0, 1775025540], [130.359714, 33.583726, 0, 1775025660], [130.348202, 33.581376, 0, 1775025780], [130.340145, 33.580947, 0, 1775025900], [130.325038, 33.583772, 0, 1775026020]]}}, {"type": "Feature", "properties": {"trip_id": "空港線_平日_1_009", "route_id": "空港線", "route_color": "#f7931d", "route_type": "1", "trip_headsign": "筑前前原"}, "geometry": {"type": "LineString", "coordinates": [[130.448549, 33.597052, 0, 1775025420], [130.431265, 33.589956, 0, 1775025600], [130.420616, 33.59013, 0, 1775025720], [130.414656, 33.594156, 0, 1775025840], [130.405988, 33.59438, 0, 1775025960], [130.399379, 33.591493, 0, 1775026080], [130.390946, 33.589134, 0, 1775026200], [130.378844, 33.590081, 0, 1775026320], [130.370443, 33.590278, 0, 1775026440], [130.359714, 33.583726, 0, 1775026560], [130.348202, 33.581376, 0, 1775026680], [130.340145, 33.580947, 0, 1775026740], [130.325038, 33.583772, 0, 1775026920]]}}, {"type": "Feature", "properties": {"trip_id": "空港線_平日_1_010", "route_id": "空港線", "route_color": "#f7931d", "route_type": "1", "trip_headsign": "姪浜"}, "geometry": {"type": "LineString", "coordinates": [[130.405988, 33.59438, 0, 1775025480], [130.399379, 33.591493, 0, 1775025600], [130.390946, 33.589134, 0, 1775025720], [130.378844, 33.590081, 0, 1775025840], [130.370443, 33.590278, 0, 1775025960], [130.359714, 33.583726, 0, 1775026080], [130.348202, 33.581376, 0, 1775026200], [130.340145, 33.580947, 0, 1775026320], [130.325038, 33.583772, 0, 1775026440]]}}, {"type": "Feature", "properties": {"trip_id": "空港線_平日_1_011", "route_id": "空港線", "route_color": "#f7931d", "route_type": "1", "trip_headsign": "筑前前原"}, "geometry": {"type": "LineString", "coordinates": [[130.448549, 33.597052, 0, 1775025900], [130.431265, 33.589956, 0, 1775026080], [130.420616, 33.59013, 0, 1775026260], [130.414656, 33.594156, 0, 1775026380], [130.405988, 33.59438, 0, 1775026500], [130.399379, 33.591493, 0, 1775026620], [130.390946, 33.589134, 0, 1775026740], [130.378844, 33.590081, 0, 1775026800], [130.370443, 33.590278, 0, 1775026920], [130.359714, 33.583726, 0, 1775027040], [130.348202, 33.581376, 0, 1775027160], [130.340145, 33.580947, 0, 1775027280], [130.325038, 33.583772, 0, 1775027400]]}}, {"type": "Feature", "properties": {"trip_id": "空港線_平日_1_012", "route_id": "空港線", "route_color": "#f7931d", "route_type": "1", "trip_headsign": "西唐津"}, "geometry": {"type": "LineString", "coordinates": [[130.448549, 33.597052, 0, 1775026500], [130.431265, 33.589956, 0, 1775026680], [130.420616, 33.59013, 0, 1775026860], [130.414656, 33.594156, 0, 1775026980], [130.405988, 33.59438, 0, 1775027100], [130.399379, 33.591493, 0, 1775027220], [130.390946, 33.589134, 0, 1775027340], [130.378844, 33.590081, 0, 1775027460], [130.370443, 33.590278, 0, 1775027520], [130.359714, 33.583726, 0, 1775027700], [130.348202, 33.581376, 0, 1775027820], [130.340145, 33.580947, 0, 1775027880], [130.325038, 33.583772, 0, 1775028000]]}}, {"type": "Feature", "properties": {"trip_id": "空港線_平日_1_013", "route_id": "空港線", "route_color": "#f7931d", "route_type": "1", "trip_headsign": "姪浜"}, "geometry": {"type": "LineString", "coordinates": [[130.405988, 33.59438, 0, 1775026860], [130.399379, 33.591493, 0, 1775026980], [130.390946, 33.589134, 0, 1775027100], [130.378844, 33.590081, 0, 1775027160], [130.370443, 33.590278, 0, 1775027280], [130.359714, 33.583726, 0, 1775027400], [130.348202, 33.581376, 0, 1775027520], [130.340145, 33.580947, 0, 1775027640], [130.325038, 33.583772, 0, 1775027760]]}}, {"type": "Feature", "properties": {"trip_id": "空港線_平日_1_014", "route_id": "空港線", "route_color": "#f7931d", "route_type": "1", "trip_headsign": "姪浜"}, "geometry": {"type": "LineString", "coordinates": [[130.448549, 33.597052, 0, 1775026860], [130.431265, 33.589956, 0, 1775027040], [130.420616, 33.59013, 0, 1775027220], [130.414656, 33.594156, 0, 1775027280], [130.405988, 33.59438, 0, 1775027400], [130.399379, 33.591493, 0, 1775027520], [130.390946, 33.589134, 0, 1775027640], [130.378844, 33.590081, 0, 1775027760], [130.370443, 33.590278, 0, 1775027880], [130.359714, 33.583726, 0, 1775028000], [130.348202, 33.581376, 0, 1775028120], [130.340145, 33.580947, 0, 1775028240], [130.325038, 33.583772, 0, 1775028360]]}}, {"type": "Feature", "properties": {"trip_id": "空港線_平日_1_015", "route_id": "空港線", "route_color": "#f7931d", "route_type": "1", "trip_headsign": "筑前前原"}, "geometry": {"type": "LineString", "coordinates": [[130.448549, 33.597052, 0, 1775027220], [130.431265, 33.589956, 0, 1775027400], [130.420616, 33.59013, 0, 1775027580], [130.414656, 33.594156, 0, 1775027640], [130.405988, 33.59438, 0, 1775027760], [130.399379, 33.591493, 0, 1775027880], [130.390946, 33.589134, 0, 1775028000], [130.378844, 33.590081, 0, 1775028120], [130.370443, 33.590278, 0, 1775028240], [130.359714, 33.583726, 0, 1775028360], [130.348202, 33.581376, 0, 1775028480], [130.340145, 33.580947, 0, 1775028600], [130.325038, 33.583772, 0, 1775028720]]}}, {"type": "Feature", "properties": {"trip_id": "空港線_平日_1_016", "route_id": "空港線", "route_color": "#f7931d", "route_type": "1", "trip_headsign": "筑前前原"}, "geometry": {"type": "LineString", "coordinates": [[130.448549, 33.597052, 0, 1775027760], [130.431265, 33.589956, 0, 1775027940], [130.420616, 33.59013, 0, 1775028120], [130.414656, 33.594156, 0, 1775028180], [130.405988, 33.59438, 0, 1775028300], [130.399379, 33.591493, 0, 1775028420], [130.390946, 33.589134, 0, 1775028540], [130.378844, 33.590081, 0, 1775028660], [130.370443, 33.590278, 0, 1775028780], [130.359714, 33.583726, 0, 1775028900], [130.348202, 33.581376, 0, 1775029020], [130.340145, 33.580947, 0, 1775029140], [130.325038, 33.583772, 0, 1775029260]]}}, {"type": "Feature", "properties": {"trip_id": "空港線_平日_1_017", "route_id": "空港線", "route_color": "#f7931d", "route_type": "1", "trip_headsign": "姪浜"}, "geometry": {"type": "LineString", "coordinates": [[130.405988, 33.59438, 0, 1775028120], [130.399379, 33.591493, 0, 1775028240], [130.390946, 33.589134, 0, 1775028360], [130.378844, 33.590081, 0, 1775028480], [130.370443, 33.590278, 0, 1775028540], [130.359714, 33.583726, 0, 1775028660], [130.348202, 33.581376, 0, 1775028780], [130.340145, 33.580947, 0, 1775028900], [130.325038, 33.583772, 0, 1775029020]]}}, {"type": "Feature", "properties": {"trip_id": "空港線_平日_1_018", "route_id": "空港線", "route_color": "#f7931d", "route_type": "1", "trip_headsign": "姪浜"}, "geometry": {"type": "LineString", "coordinates": [[130.448549, 33.597052, 0, 1775028240], [130.431265, 33.589956, 0, 1775028420], [130.420616, 33.59013, 0, 1775028540], [130.414656, 33.594156, 0, 1775028660], [130.405988, 33.59438, 0, 1775028780], [130.399379, 33.591493, 0, 1775028900], [130.390946, 33.589134, 0, 1775029020], [130.378844, 33.590081, 0, 1775029140], [130.370443, 33.590278, 0, 1775029260], [130.359714, 33.583726, 0, 1775029380], [130.348202, 33.581376, 0, 1775029500], [130.340145, 33.580947, 0, 1775029560], [130.325038, 33.583772, 0, 1775029740]]}}, {"type": "Feature", "properties": {"trip_id": "空港線_平日_1_019", "route_id": "空港線", "route_color": "#f7931d", "route_type": "1", "trip_headsign": "筑前前原"}, "geometry": {"type": "LineString", "coordinates": [[130.448549, 33.597052, 0, 1775028420], [130.431265, 33.589956, 0, 1775028600], [130.420616, 33.59013, 0, 1775028780], [130.414656, 33.594156, 0, 1775028840], [130.405988, 33.59438, 0, 1775028960], [130.399379, 33.591493, 0, 1775029080], [130.390946, 33.589134, 0, 1775029200], [130.378844, 33.590081, 0, 1775029320], [130.370443, 33.590278, 0, 1775029440], [130.359714, 33.583726, 0, 1775029560], [130.348202, 33.581376, 0, 1775029680], [130.340145, 33.580947, 0, 1775029800], [130.325038, 33.583772, 0, 1775029920]]}}, {"type": "Feature", "properties": {"trip_id": "空港線_平日_1_020", "route_id": "空港線", "route_color": "#f7931d", "route_type": "1", "trip_headsign": "姪浜"}, "geometry": {"type": "LineString", "coordinates": [[130.405988, 33.59438, 0, 1775028600], [130.399379, 33.591493, 0, 1775028720], [130.390946, 33.589134, 0, 1775028840], [130.378844, 33.590081, 0, 1775028960], [130.370443, 33.590278, 0, 1775029080], [130.359714, 33.583726, 0, 1775029200], [130.348202, 33.581376, 0, 1775029320], [130.340145, 33.580947, 0, 1775029380], [130.325038, 33.583772, 0, 1775029560]]}}, {"type": "Feature", "properties": {"trip_id": "空港線_平日_1_021", "route_id": "空港線", "route_color": "#f7931d", "route_type": "1", "trip_headsign": "姪浜"}, "geometry": {"type": "LineString", "coordinates": [[130.448549, 33.597052, 0, 1775028660], [130.431265, 33.589956, 0, 1775028840], [130.420616, 33.59013, 0, 1775029020], [130.414656, 33.594156, 0, 1775029080], [130.405988, 33.59438, 0, 1775029200], [130.399379, 33.591493, 0, 1775029380], [130.390946, 33.589134, 0, 1775029500], [130.378844, 33.590081, 0, 1775029560], [130.370443, 33.590278, 0, 1775029680], [130.359714, 33.583726, 0, 1775029800], [130.348202, 33.581376, 0, 1775029920], [130.340145, 33.580947, 0, 1775030040], [130.325038, 33.583772, 0, 1775030160]]}}, {"type": "Feature", "properties": {"trip_id": "空港線_平日_1_022", "route_id": "空港線", "route_color": "#f7931d", "route_type": "1", "trip_headsign": "筑前前原"}, "geometry": {"type": "LineString", "coordinates": [[130.448549, 33.597052, 0, 1775029020], [130.431265, 33.589956, 0, 1775029200], [130.420616, 33.59013, 0, 1775029380], [130.414656, 33.594156, 0, 1775029440], [130.405988, 33.59438, 0, 1775029620], [130.399379, 33.591493, 0, 1775029740], [130.390946, 33.589134, 0, 1775029860], [130.378844, 33.590081, 0, 1775029980], [130.370443, 33.590278, 0, 1775030040], [130.359714, 33.583726, 0, 1775030220], [130.348202, 33.581376, 0, 1775030340], [130.340145, 33.580947, 0, 1775030400], [130.325038, 33.583772, 0, 1775030520]]}}, {"type": "Feature", "properties": {"trip_id": "空港線_平日_1_023", "route_id": "空港線", "route_color": "#f7931d", "route_type": "1", "trip_headsign": "姪浜"}, "geometry": {"type": "LineString", "coordinates": [[130.448549, 33.597052, 0, 1775029260], [130.431265, 33.589956, 0, 1775029440], [130.420616, 33.59013, 0, 1775029620], [130.414656, 33.594156, 0, 1775029740], [130.405988, 33.59438, 0, 1775029860], [130.399379, 33.591493, 0, 1775029980], [130.390946, 33.589134, 0, 1775030100], [130.378844, 33.590081, 0, 1775030220], [130.370443, 33.590278, 0, 1775030280], [130.359714, 33.583726, 0, 1775030460], [130.348202, 33.581376, 0, 1775030520], [130.340145, 33.580947, 0, 1775030640], [130.325038, 33.583772, 0, 1775030760]]}}, {"type": "Feature", "properties": {"trip_id": "空港線_平日_1_024", "route_id": "空港線", "route_color": "#f7931d", "route_type": "1", "trip_headsign": "姪浜"}, "geometry": {"type": "LineString", "coordinates": [[130.405988, 33.59438, 0, 1775029440], [130.399379, 33.591493, 0, 1775029560], [130.390946, 33.589134, 0, 1775029680], [130.378844, 33.590081, 0, 1775029800], [130.370443, 33.590278, 0, 1775029920], [130.359714, 33.583726, 0, 1775030040], [130.348202, 33.581376, 0, 1775030160], [130.340145, 33.580947, 0, 1775030220], [130.325038, 33.583772, 0, 1775030400]]}}, {"type": "Feature", "properties": {"trip_id": "空港線_平日_1_025", "route_id": "空港線", "route_color": "#f7931d", "route_type": "1", "trip_headsign": "姪浜"}, "geometry": {"type": "LineString", "coordinates": [[130.448549, 33.597052, 0, 1775029560], [130.431265, 33.589956, 0, 1775029740], [130.420616, 33.59013, 0, 1775029920], [130.414656, 33.594156, 0, 1775030040], [130.405988, 33.59438, 0, 1775030160], [130.399379, 33.591493, 0, 1775030280], [130.390946, 33.589134, 0, 1775030400], [130.378844, 33.590081, 0, 1775030520], [130.370443, 33.590278, 0, 1775030640], [130.359714, 33.583726, 0, 1775030760], [130.348202, 33.581376, 0, 1775030880], [130.340145, 33.580947, 0, 1775030940], [130.325038, 33.583772, 0, 1775031060]]}}, {"type": "Feature", "properties": {"trip_id": "空港線_平日_1_026", "route_id": "空港線", "route_color": "#f7931d", "route_type": "1", "trip_headsign": "筑前前原"}, "geometry": {"type": "LineString", "coordinates": [[130.448549, 33.597052, 0, 1775029800], [130.431265, 33.589956, 0, 1775029980], [130.420616, 33.59013, 0, 1775030160], [130.414656, 33.594156, 0, 1775030280], [130.405988, 33.59438, 0, 1775030400], [130.399379, 33.591493, 0, 1775030520], [130.390946, 33.589134, 0, 1775030700], [130.378844, 33.590081, 0, 1775030760], [130.370443, 33.590278, 0, 1775030880], [130.359714, 33.583726, 0, 1775031000], [130.348202, 33.581376, 0, 1775031120], [130.340145, 33.580947, 0, 1775031240], [130.325038, 33.583772, 0, 1775031360]]}}, {"type": "Feature", "properties": {"trip_id": "空港線_平日_1_027", "route_id": "空港線", "route_color": "#f7931d", "route_type": "1", "trip_headsign": "姪浜"}, "geometry": {"type": "LineString", "coordinates": [[130.448549, 33.597052, 0, 1775029980], [130.431265, 33.589956, 0, 1775030160], [130.420616, 33.59013, 0, 1775030340], [130.414656, 33.594156, 0, 1775030460], [130.405988, 33.59438, 0, 1775030580], [130.399379, 33.591493, 0, 1775030700], [130.390946, 33.589134, 0, 1775030880], [130.378844, 33.590081, 0, 1775030940], [130.370443, 33.590278, 0, 1775031060], [130.359714, 33.583726, 0, 1775031180], [130.348202, 33.581376, 0, 1775031300], [130.340145, 33.580947, 0, 1775031420], [130.325038, 33.583772, 0, 1775031540]]}}, {"type": "Feature", "properties": {"trip_id": "空港線_平日_1_028", "route_id": "空港線", "route_color": "#f7931d", "route_type": "1", "trip_headsign": "姪浜"}, "geometry": {"type": "LineString", "coordinates": [[130.448549, 33.597052, 0, 1775030220], [130.431265, 33.589956, 0, 1775030340], [130.420616, 33.59013, 0, 1775030520], [130.414656, 33.594156, 0, 1775030640], [130.405988, 33.59438, 0, 1775030760], [130.399379, 33.591493, 0, 1775030880], [130.390946, 33.589134, 0, 1775031060], [130.378844, 33.590081, 0, 1775031120], [130.370443, 33.590278, 0, 1775031240], [130.359714, 33.583726, 0, 1775031360], [130.348202, 33.581376, 0, 1775031480], [130.340145, 33.580947, 0, 1775031600], [130.325038, 33.583772, 0, 1775031720]]}}, {"type": "Feature", "properties": {"trip_id": "空港線_平日_1_029", "route_id": "空港線", "route_color": "#f7931d", "route_type": "1", "trip_headsign": "姪浜"}, "geometry": {"type": "LineString", "coordinates": [[130.448549, 33.597052, 0, 1775030400], [130.431265, 33.589956, 0, 1775030580], [130.420616, 33.59013, 0, 1775030760], [130.414656, 33.594156, 0, 1775030880], [130.405988, 33.59438, 0, 1775031000], [130.399379, 33.591493, 0, 1775031120], [130.390946, 33.589134, 0, 1775031240], [130.378844, 33.590081, 0, 1775031360], [130.370443, 33.590278, 0, 1775031480], [130.359714, 33.583726, 0, 1775031600], [130.348202, 33.581376, 0, 1775031720], [130.340145, 33.580947, 0, 1775031780], [130.325038, 33.583772, 0, 1775031900]]}}, {"type": "Feature", "properties": {"trip_id": "空港線_平日_1_030", "route_id": "空港線", "route_color": "#f7931d", "route_type": "1", "trip_headsign": "筑前前原"}, "geometry": {"type": "LineString", "coordinates": [[130.448549, 33.597052, 0, 1775030580], [130.431265, 33.589956, 0, 1775030760], [130.420616, 33.59013, 0, 1775030940], [130.414656, 33.594156, 0, 1775031060], [130.405988, 33.59438, 0, 1775031180], [130.399379, 33.591493, 0, 1775031300], [130.390946, 33.589134, 0, 1775031420], [130.378844, 33.590081, 0, 1775031540], [130.370443, 33.590278, 0, 1775031660], [130.359714, 33.583726, 0, 1775031780], [130.348202, 33.581376, 0, 1775031900], [130.340145, 33.580947, 0, 1775031960], [130.325038, 33.583772, 0, 1775032140]]}}, {"type": "Feature", "properties": {"trip_id": "空港線_平日_1_031", "route_id": "空港線", "route_color": "#f7931d", "route_type": "1", "trip_headsign": "姪浜"}, "geometry": {"type": "LineString", "coordinates": [[130.448549, 33.597052, 0, 1775030820], [130.431265, 33.589956, 0, 1775031000], [130.420616, 33.59013, 0, 1775031240], [130.414656, 33.594156, 0, 1775031360], [130.405988, 33.59438, 0, 1775031480], [130.399379, 33.591493, 0, 1775031600], [130.390946, 33.589134, 0, 1775031720], [130.378844, 33.590081, 0, 1775031840], [130.370443, 33.590278, 0, 1775031960], [130.359714, 33.583726, 0, 1775032080], [130.348202, 33.581376, 0, 1775032200], [130.340145, 33.580947, 0, 1775032320], [130.325038, 33.583772, 0, 1775032440]]}}, {"type": "Feature", "properties": {"trip_id": "空港線_平日_1_032", "route_id": "空港線", "route_color": "#f7931d", "route_type": "1", "trip_headsign": "筑前前原"}, "geometry": {"type": "LineString", "coordinates": [[130.448549, 33.597052, 0, 1775031060], [130.431265, 33.589956, 0, 1775031240], [130.420616, 33.59013, 0, 1775031420], [130.414656, 33.594156, 0, 1775031540], [130.405988, 33.59438, 0, 1775031660], [130.399379, 33.591493, 0, 1775031780], [130.390946, 33.589134, 0, 1775031900], [130.378844, 33.590081, 0, 1775032020], [130.370443, 33.590278, 0, 1775032080], [130.359714, 33.583726, 0, 1775032260], [130.348202, 33.581376, 0, 1775032380], [130.340145, 33.580947, 0, 1775032440], [130.325038, 33.583772, 0, 1775032560]]}}, {"type": "Feature", "properties": {"trip_id": "空港線_平日_1_033", "route_id": "空港線", "route_color": "#f7931d", "route_type": "1", "trip_headsign": "姪浜"}, "geometry": {"type": "LineString", "coordinates": [[130.448549, 33.597052, 0, 1775031240], [130.431265, 33.589956, 0, 1775031420], [130.420616, 33.59013, 0, 1775031600], [130.414656, 33.594156, 0, 1775031660], [130.405988, 33.59438, 0, 1775031780], [130.399379, 33.591493, 0, 1775031900], [130.390946, 33.589134, 0, 1775032020], [130.378844, 33.590081, 0, 1775032140], [130.370443, 33.590278, 0, 1775032260], [130.359714, 33.583726, 0, 1775032380], [130.348202, 33.581376, 0, 1775032500], [130.340145, 33.580947, 0, 1775032620], [130.325038, 33.583772, 0, 1775032740]]}}, {"type": "Feature", "properties": {"trip_id": "空港線_平日_1_034", "route_id": "空港線", "route_color": "#f7931d", "route_type": "1", "trip_headsign": "姪浜"}, "geometry": {"type": "LineString", "coordinates": [[130.405988, 33.59438, 0, 1775031360], [130.399379, 33.591493, 0, 1775031480], [130.390946, 33.589134, 0, 1775031600], [130.378844, 33.590081, 0, 1775031720], [130.370443, 33.590278, 0, 1775031780], [130.359714, 33.583726, 0, 1775031960], [130.348202, 33.581376, 0, 1775032080], [130.340145, 33.580947, 0, 1775032140], [130.325038, 33.583772, 0, 1775032260]]}}, {"type": "Feature", "properties": {"trip_id": "空港線_平日_1_035", "route_id": "空港線", "route_color": "#f7931d", "route_type": "1", "trip_headsign": "姪浜"}, "geometry": {"type": "LineString", "coordinates": [[130.448549, 33.597052, 0, 1775031480], [130.431265, 33.589956, 0, 1775031660], [130.420616, 33.59013, 0, 1775031840], [130.414656, 33.594156, 0, 1775031960], [130.405988, 33.59438, 0, 1775032080], [130.399379, 33.591493, 0, 1775032260], [130.390946, 33.589134, 0, 1775032380], [130.378844, 33.590081, 0, 1775032440], [130.370443, 33.590278, 0, 1775032560], [130.359714, 33.583726, 0, 1775032680], [130.348202, 33.581376, 0, 1775032800], [130.340145, 33.580947, 0, 1775032920], [130.325038, 33.583772, 0, 1775033040]]}}, {"type": "Feature", "properties": {"trip_id": "空港線_平日_1_036", "route_id": "空港線", "route_color": "#f7931d", "route_type": "1", "trip_headsign": "筑前前原"}, "geometry": {"type": "LineString", "coordinates": [[130.448549, 33.597052, 0, 1775031720], [130.431265, 33.589956, 0, 1775031900], [130.420616, 33.59013, 0, 1775032020], [130.414656, 33.594156, 0, 1775032140], [130.405988, 33.59438, 0, 1775032260], [130.399379, 33.591493, 0, 1775032380], [130.390946, 33.589134, 0, 1775032500], [130.378844, 33.590081, 0, 1775032620], [130.370443, 33.590278, 0, 1775032740], [130.359714, 33.583726, 0, 1775032860], [130.348202, 33.581376, 0, 1775032980], [130.340145, 33.580947, 0, 1775033040], [130.325038, 33.583772, 0, 1775033220]]}}, {"type": "Feature", "properties": {"trip_id": "空港線_平日_1_037", "route_id": "空港線", "route_color": "#f7931d", "route_type": "1", "trip_headsign": "姪浜"}, "geometry": {"type": "LineString", "coordinates": [[130.448549, 33.597052, 0, 1775031900], [130.431265, 33.589956, 0, 1775032080], [130.420616, 33.59013, 0, 1775032200], [130.414656, 33.594156, 0, 1775032320], [130.405988, 33.59438, 0, 1775032440], [130.399379, 33.591493, 0, 1775032560], [130.390946, 33.589134, 0, 1775032680], [130.378844, 33.590081, 0, 1775032800], [130.370443, 33.590278, 0, 1775032920], [130.359714, 33.583726, 0, 1775033040], [130.348202, 33.581376, 0, 1775033160], [130.340145, 33.580947, 0, 1775033220], [130.325038, 33.583772, 0, 1775033340]]}}, {"type": "Feature", "properties": {"trip_id": "空港線_平日_1_038", "route_id": "空港線", "route_color": "#f7931d", "route_type": "1", "trip_headsign": "姪浜"}, "geometry": {"type": "LineString", "coordinates": [[130.405988, 33.59438, 0, 1775031960], [130.399379, 33.591493, 0, 1775032080], [130.390946, 33.589134, 0, 1775032200], [130.378844, 33.590081, 0, 1775032320], [130.370443, 33.590278, 0, 1775032380], [130.359714, 33.583726, 0, 1775032560], [130.348202, 33.581376, 0, 1775032680], [130.340145, 33.580947, 0, 1775032740], [130.325038, 33.583772, 0, 1775032860]]}}, {"type": "Feature", "properties": {"trip_id": "空港線_平日_1_039", "route_id": "空港線", "route_color": "#f7931d", "route_type": "1", "trip_headsign": "姪浜"}, "geometry": {"type": "LineString", "coordinates": [[130.448549, 33.597052, 0, 1775032080], [130.431265, 33.589956, 0, 1775032260], [130.420616, 33.59013, 0, 1775032380], [130.414656, 33.594156, 0, 1775032500], [130.405988, 33.59438, 0, 1775032620], [130.399379, 33.591493, 0, 1775032740], [130.390946, 33.589134, 0, 1775032860], [130.378844, 33.590081, 0, 1775032980], [130.370443, 33.590278, 0, 1775033100], [130.359714, 33.583726, 0, 1775033220], [130.348202, 33.581376, 0, 1775033340], [130.340145, 33.580947, 0, 1775033400], [130.325038, 33.583772, 0, 1775033580]]}}, {"type": "Feature", "properties": {"trip_id": "空港線_平日_1_040", "route_id": "空港線", "route_color": "#f7931d", "route_type": "1", "trip_headsign": "筑前前原"}, "geometry": {"type": "LineString", "coordinates": [[130.448549, 33.597052, 0, 1775032260], [130.431265, 33.589956, 0, 1775032440], [130.420616, 33.59013, 0, 1775032560], [130.414656, 33.594156, 0, 1775032680], [130.405988, 33.59438, 0, 1775032800], [130.399379, 33.591493, 0, 1775032920], [130.390946, 33.589134, 0, 1775033040], [130.378844, 33.590081, 0, 1775033160], [130.370443, 33.590278, 0, 1775033280], [130.359714, 33.583726, 0, 1775033400], [130.348202, 33.581376, 0, 1775033520], [130.340145, 33.580947, 0, 1775033580], [130.325038, 33.583772, 0, 1775033760]]}}, {"type": "Feature", "properties": {"trip_id": "空港線_平日_1_041", "route_id": "空港線", "route_color": "#f7931d", "route_type": "1", "trip_headsign": "姪浜"}, "geometry": {"type": "LineString", "coordinates": [[130.448549, 33.597052, 0, 1775032440], [130.431265, 33.589956, 0, 1775032620], [130.420616, 33.59013, 0, 1775032740], [130.414656, 33.594156, 0, 1775032860], [130.405988, 33.59438, 0, 1775032980], [130.399379, 33.591493, 0, 1775033100], [130.390946, 33.589134, 0, 1775033220], [130.378844, 33.590081, 0, 1775033340], [130.370443, 33.590278, 0, 1775033460], [130.359714, 33.583726, 0, 1775033580], [130.348202, 33.581376, 0, 1775033700], [130.340145, 33.580947, 0, 1775033760], [130.325038, 33.583772, 0, 1775033940]]}}, {"type": "Feature", "properties": {"trip_id": "空港線_平日_1_042", "route_id": "空港線", "route_color": "#f7931d", "route_type": "1", "trip_headsign": "姪浜"}, "geometry": {"type": "LineString", "coordinates": [[130.448549, 33.597052, 0, 1775032680], [130.431265, 33.589956, 0, 1775032860], [130.420616, 33.59013, 0, 1775033040], [130.414656, 33.594156, 0, 1775033160], [130.405988, 33.59438, 0, 1775033280], [130.399379, 33.591493, 0, 1775033460], [130.390946, 33.589134, 0, 1775033580], [130.378844, 33.590081, 0, 1775033700], [130.370443, 33.590278, 0, 1775033760], [130.359714, 33.583726, 0, 1775033940], [130.348202, 33.581376, 0, 1775034060], [130.340145, 33.580947, 0, 1775034120], [130.325038, 33.583772, 0, 1775034240]]}}, {"type": "Feature", "properties": {"trip_id": "空港線_平日_1_043", "route_id": "空港線", "route_color": "#f7931d", "route_type": "1", "trip_headsign": "西唐津"}, "geometry": {"type": "LineString", "coordinates": [[130.448549, 33.597052, 0, 1775032860], [130.431265, 33.589956, 0, 1775033040], [130.420616, 33.59013, 0, 1775033220], [130.414656, 33.594156, 0, 1775033340], [130.405988, 33.59438, 0, 1775033460], [130.399379, 33.591493, 0, 1775033640], [130.390946, 33.589134, 0, 1775033760], [130.378844, 33.590081, 0, 1775033880], [130.370443, 33.590278, 0, 1775033940], [130.359714, 33.583726, 0, 1775034120], [130.348202, 33.581376, 0, 1775034240], [130.340145, 33.580947, 0, 1775034300], [130.325038, 33.583772, 0, 1775034480]]}}, {"type": "Feature", "properties": {"trip_id": "空港線_平日_1_044", "route_id": "空港線", "route_color": "#f7931d", "route_type": "1", "trip_headsign": "姪浜"}, "geometry": {"type": "LineString", "coordinates": [[130.448549, 33.597052, 0, 1775033040], [130.431265, 33.589956, 0, 1775033220], [130.420616, 33.59013, 0, 1775033400], [130.414656, 33.594156, 0, 1775033520], [130.405988, 33.59438, 0, 1775033640], [130.399379, 33.591493, 0, 1775033820], [130.390946, 33.589134, 0, 1775033940], [130.378844, 33.590081, 0, 1775034060], [130.370443, 33.590278, 0, 1775034120], [130.359714, 33.583726, 0, 1775034300], [130.348202, 33.581376, 0, 1775034420], [130.340145, 33.580947, 0, 1775034480], [130.325038, 33.583772, 0, 1775034600]]}}, {"type": "Feature", "properties": {"trip_id": "空港線_平日_1_045", "route_id": "空港線", "route_color": "#f7931d", "route_type": "1", "trip_headsign": "姪浜"}, "geometry": {"type": "LineString", "coordinates": [[130.405988, 33.59438, 0, 1775033160], [130.399379, 33.591493, 0, 1775033280], [130.390946, 33.589134, 0, 1775033400], [130.378844, 33.590081, 0, 1775033520], [130.370443, 33.590278, 0, 1775033580], [130.359714, 33.583726, 0, 1775033760], [130.348202, 33.581376, 0, 1775033880], [130.340145, 33.580947, 0, 1775033940], [130.325038, 33.583772, 0, 1775034120]]}}, {"type": "Feature", "properties": {"trip_id": "空港線_平日_1_046", "route_id": "空港線", "route_color": "#f7931d", "route_type": "1", "trip_headsign": "姪浜"}, "geometry": {"type": "LineString", "coordinates": [[130.448549, 33.597052, 0, 1775033220], [130.431265, 33.589956, 0, 1775033400], [130.420616, 33.59013, 0, 1775033580], [130.414656, 33.594156, 0, 1775033700], [130.405988, 33.59438, 0, 1775033820], [130.399379, 33.591493, 0, 1775033940], [130.390946, 33.589134, 0, 1775034060], [130.378844, 33.590081, 0, 1775034180], [130.370443, 33.590278, 0, 1775034300], [130.359714, 33.583726, 0, 1775034420], [130.348202, 33.581376, 0, 1775034540], [130.340145, 33.580947, 0, 1775034660], [130.325038, 33.583772, 0, 1775034780]]}}, {"type": "Feature", "properties": {"trip_id": "空港線_平日_1_047", "route_id": "空港線", "route_color": "#f7931d", "route_type": "1", "trip_headsign": "筑前前原"}, "geometry": {"type": "LineString", "coordinates": [[130.448549, 33.597052, 0, 1775033460], [130.431265, 33.589956, 0, 1775033580], [130.420616, 33.59013, 0, 1775033760], [130.414656, 33.594156, 0, 1775033880], [130.405988, 33.59438, 0, 1775034000], [130.399379, 33.591493, 0, 1775034120], [130.390946, 33.589134, 0, 1775034240], [130.378844, 33.590081, 0, 1775034360], [130.370443, 33.590278, 0, 1775034480], [130.359714, 33.583726, 0, 1775034600], [130.348202, 33.581376, 0, 1775034720], [130.340145, 33.580947, 0, 1775034780], [130.325038, 33.583772, 0, 1775034960]]}}, {"type": "Feature", "properties": {"trip_id": "空港線_平日_1_048", "route_id": "空港線", "route_color": "#f7931d", "route_type": "1", "trip_headsign": "姪浜"}, "geometry": {"type": "LineString", "coordinates": [[130.448549, 33.597052, 0, 1775033640], [130.431265, 33.589956, 0, 1775033820], [130.420616, 33.59013, 0, 1775034000], [130.414656, 33.594156, 0, 1775034120], [130.405988, 33.59438, 0, 1775034300], [130.399379, 33.591493, 0, 1775034420], [130.390946, 33.589134, 0, 1775034540], [130.378844, 33.590081, 0, 1775034660], [130.370443, 33.590278, 0, 1775034780], [130.359714, 33.583726, 0, 1775034900], [130.348202, 33.581376, 0, 1775035020], [130.340145, 33.580947, 0, 1775035140], [130.325038, 33.583772, 0, 1775035260]]}}, {"type": "Feature", "properties": {"trip_id": "空港線_平日_1_049", "route_id": "空港線", "route_color": "#f7931d", "route_type": "1", "trip_headsign": "姪浜"}, "geometry": {"type": "LineString", "coordinates": [[130.448549, 33.597052, 0, 1775033820], [130.431265, 33.589956, 0, 1775034000], [130.420616, 33.59013, 0, 1775034180], [130.414656, 33.594156, 0, 1775034300], [130.405988, 33.59438, 0, 1775034420], [130.399379, 33.591493, 0, 1775034600], [130.390946, 33.589134, 0, 1775034720], [130.378844, 33.590081, 0, 1775034840], [130.370443, 33.590278, 0, 1775034960], [130.359714, 33.583726, 0, 1775035080], [130.348202, 33.581376, 0, 1775035200], [130.340145, 33.580947, 0, 1775035320], [130.325038, 33.583772, 0, 1775035440]]}}, {"type": "Feature", "properties": {"trip_id": "空港線_平日_1_050", "route_id": "空港線", "route_color": "#f7931d", "route_type": "1", "trip_headsign": "姪浜"}, "geometry": {"type": "LineString", "coordinates": [[130.448549, 33.597052, 0, 1775034000], [130.431265, 33.589956, 0, 1775034180], [130.420616, 33.59013, 0, 1775034360], [130.414656, 33.594156, 0, 1775034480], [130.405988, 33.59438, 0, 1775034600], [130.399379, 33.591493, 0, 1775034780], [130.390946, 33.589134, 0, 1775034900], [130.378844, 33.590081, 0, 1775035020], [130.370443, 33.590278, 0, 1775035140], [130.359714, 33.583726, 0, 1775035260], [130.348202, 33.581376, 0, 1775035380], [130.340145, 33.580947, 0, 1775035500], [130.325038, 33.583772, 0, 1775035620]]}}, {"type": "Feature", "properties": {"trip_id": "空港線_平日_1_051", "route_id": "空港線", "route_color": "#f7931d", "route_type": "1", "trip_headsign": "姪浜"}, "geometry": {"type": "LineString", "coordinates": [[130.405988, 33.59438, 0, 1775034120], [130.399379, 33.591493, 0, 1775034300], [130.390946, 33.589134, 0, 1775034420], [130.378844, 33.590081, 0, 1775034540], [130.370443, 33.590278, 0, 1775034600], [130.359714, 33.583726, 0, 1775034780], [130.348202, 33.581376, 0, 1775034840], [130.340145, 33.580947, 0, 1775034960], [130.325038, 33.583772, 0, 1775035080]]}}, {"type": "Feature", "properties": {"trip_id": "空港線_平日_1_052", "route_id": "空港線", "route_color": "#f7931d", "route_type": "1", "trip_headsign": "西唐津"}, "geometry": {"type": "LineString", "coordinates": [[130.448549, 33.597052, 0, 1775034240], [130.431265, 33.589956, 0, 1775034420], [130.420616, 33.59013, 0, 1775034600], [130.414656, 33.594156, 0, 1775034720], [130.405988, 33.59438, 0, 1775034840], [130.399379, 33.591493, 0, 1775034960], [130.390946, 33.589134, 0, 1775035080], [130.378844, 33.590081, 0, 1775035200], [130.370443, 33.590278, 0, 1775035320], [130.359714, 33.583726, 0, 1775035440], [130.348202, 33.581376, 0, 1775035560], [130.340145, 33.580947, 0, 1775035680], [130.325038, 33.583772, 0, 1775035800]]}}, {"type": "Feature", "properties": {"trip_id": "空港線_平日_1_053", "route_id": "空港線", "route_color": "#f7931d", "route_type": "1", "trip_headsign": "姪浜"}, "geometry": {"type": "LineString", "coordinates": [[130.448549, 33.597052, 0, 1775034540], [130.431265, 33.589956, 0, 1775034720], [130.420616, 33.59013, 0, 1775034900], [130.414656, 33.594156, 0, 1775035020], [130.405988, 33.59438, 0, 1775035140], [130.399379, 33.591493, 0, 1775035260], [130.390946, 33.589134, 0, 1775035440], [130.378844, 33.590081, 0, 1775035500], [130.370443, 33.590278, 0, 1775035620], [130.359714, 33.583726, 0, 1775035740], [130.348202, 33.581376, 0, 1775035860], [130.340145, 33.580947, 0, 1775035980], [130.325038, 33.583772, 0, 1775036100]]}}, {"type": "Feature", "properties": {"trip_id": "空港線_平日_1_054", "route_id": "空港線", "route_color": "#f7931d", "route_type": "1", "trip_headsign": "筑前前原"}, "geometry": {"type": "LineString", "coordinates": [[130.448549, 33.597052, 0, 1775034780], [130.431265, 33.589956, 0, 1775034960], [130.420616, 33.59013, 0, 1775035140], [130.414656, 33.594156, 0, 1775035200], [130.405988, 33.59438, 0, 1775035320], [130.399379, 33.591493, 0, 1775035500], [130.390946, 33.589134, 0, 1775035620], [130.378844, 33.590081, 0, 1775035740], [130.370443, 33.590278, 0, 1775035800], [130.359714, 33.583726, 0, 1775035980], [130.348202, 33.581376, 0, 1775036100], [130.340145, 33.580947, 0, 1775036160], [130.325038, 33.583772, 0, 1775036280]]}}, {"type": "Feature", "properties": {"trip_id": "空港線_平日_1_055", "route_id": "空港線", "route_color": "#f7931d", "route_type": "1", "trip_headsign": "姪浜"}, "geometry": {"type": "LineString", "coordinates": [[130.405988, 33.59438, 0, 1775034960], [130.399379, 33.591493, 0, 1775035080], [130.390946, 33.589134, 0, 1775035200], [130.378844, 33.590081, 0, 1775035320], [130.370443, 33.590278, 0, 1775035440], [130.359714, 33.583726, 0, 1775035620], [130.348202, 33.581376, 0, 1775035740], [130.340145, 33.580947, 0, 1775035800], [130.325038, 33.583772, 0, 1775035980]]}}, {"type": "Feature", "properties": {"trip_id": "空港線_平日_1_056", "route_id": "空港線", "route_color": "#f7931d", "route_type": "1", "trip_headsign": "姪浜"}, "geometry": {"type": "LineString", "coordinates": [[130.448549, 33.597052, 0, 1775034960], [130.431265, 33.589956, 0, 1775035140], [130.420616, 33.59013, 0, 1775035320], [130.414656, 33.594156, 0, 1775035440], [130.405988, 33.59438, 0, 1775035560], [130.399379, 33.591493, 0, 1775035680], [130.390946, 33.589134, 0, 1775035800], [130.378844, 33.590081, 0, 1775035920], [130.370443, 33.590278, 0, 1775035980], [130.359714, 33.583726, 0, 1775036160], [130.348202, 33.581376, 0, 1775036280], [130.340145, 33.580947, 0, 1775036340], [130.325038, 33.583772, 0, 1775036520]]}}, {"type": "Feature", "properties": {"trip_id": "空港線_平日_1_057", "route_id": "空港線", "route_color": "#f7931d", "route_type": "1", "trip_headsign": "姪浜"}, "geometry": {"type": "LineString", "coordinates": [[130.448549, 33.597052, 0, 1775035140], [130.431265, 33.589956, 0, 1775035320], [130.420616, 33.59013, 0, 1775035500], [130.414656, 33.594156, 0, 1775035620], [130.405988, 33.59438, 0, 1775035740], [130.399379, 33.591493, 0, 1775035860], [130.390946, 33.589134, 0, 1775035980], [130.378844, 33.590081, 0, 1775036100], [130.370443, 33.590278, 0, 1775036220], [130.359714, 33.583726, 0, 1775036340], [130.348202, 33.581376, 0, 1775036460], [130.340145, 33.580947, 0, 1775036520], [130.325038, 33.583772, 0, 1775036700]]}}, {"type": "Feature", "properties": {"trip_id": "空港線_平日_1_058", "route_id": "空港線", "route_color": "#f7931d", "route_type": "1", "trip_headsign": "筑前前原"}, "geometry": {"type": "LineString", "coordinates": [[130.448549, 33.597052, 0, 1775035500], [130.431265, 33.589956, 0, 1775035680], [130.420616, 33.59013, 0, 1775035860], [130.414656, 33.594156, 0, 1775035920], [130.405988, 33.59438, 0, 1775036040], [130.399379, 33.591493, 0, 1775036220], [130.390946, 33.589134, 0, 1775036340], [130.378844, 33.590081, 0, 1775036400], [130.370443, 33.590278, 0, 1775036520], [130.359714, 33.583726, 0, 1775036640], [130.348202, 33.581376, 0, 1775036760], [130.340145, 33.580947, 0, 1775036880], [130.325038, 33.583772, 0, 1775037000]]}}, {"type": "Feature", "properties": {"trip_id": "空港線_平日_1_059", "route_id": "空港線", "route_color": "#f7931d", "route_type": "1", "trip_headsign": "姪浜"}, "geometry": {"type": "LineString", "coordinates": [[130.448549, 33.597052, 0, 1775035860], [130.431265, 33.589956, 0, 1775036040], [130.420616, 33.59013, 0, 1775036220], [130.414656, 33.594156, 0, 1775036340], [130.405988, 33.59438, 0, 1775036460], [130.399379, 33.591493, 0, 1775036580], [130.390946, 33.589134, 0, 1775036700], [130.378844, 33.590081, 0, 1775036820], [130.370443, 33.590278, 0, 1775036940], [130.359714, 33.583726, 0, 1775037060], [130.348202, 33.581376, 0, 1775037180], [130.340145, 33.580947, 0, 1775037300], [130.325038, 33.583772, 0, 1775037420]]}}, {"type": "Feature", "properties": {"trip_id": "空港線_平日_1_060", "route_id": "空港線", "route_color": "#f7931d", "route_type": "1", "trip_headsign": "姪浜"}, "geometry": {"type": "LineString", "coordinates": [[130.405988, 33.59438, 0, 1775035920], [130.399379, 33.591493, 0, 1775036040], [130.390946, 33.589134, 0, 1775036160], [130.378844, 33.590081, 0, 1775036280], [130.370443, 33.590278, 0, 1775036340], [130.359714, 33.583726, 0, 1775036520], [130.348202, 33.581376, 0, 1775036640], [130.340145, 33.580947, 0, 1775036700], [130.325038, 33.583772, 0, 1775036820]]}}, {"type": "Feature", "properties": {"trip_id": "空港線_平日_1_061", "route_id": "空港線", "route_color": "#f7931d", "route_type": "1", "trip_headsign": "筑前前原"}, "geometry": {"type": "LineString", "coordinates": [[130.448549, 33.597052, 0, 1775036100], [130.431265, 33.589956, 0, 1775036280], [130.420616, 33.59013, 0, 1775036460], [130.414656, 33.594156, 0, 1775036580], [130.405988, 33.59438, 0, 1775036700], [130.399379, 33.591493, 0, 1775036820], [130.390946, 33.589134, 0, 1775036940], [130.378844, 33.590081, 0, 1775037060], [130.370443, 33.590278, 0, 1775037180], [130.359714, 33.583726, 0, 1775037300], [130.348202, 33.581376, 0, 1775037420], [130.340145, 33.580947, 0, 1775037540], [130.325038, 33.583772, 0, 1775037660]]}}, {"type": "Feature", "properties": {"trip_id": "空港線_平日_1_062", "route_id": "空港線", "route_color": "#f7931d", "route_type": "1", "trip_headsign": "姪浜"}, "geometry": {"type": "LineString", "coordinates": [[130.405988, 33.59438, 0, 1775036280], [130.399379, 33.591493, 0, 1775036400], [130.390946, 33.589134, 0, 1775036520], [130.378844, 33.590081, 0, 1775036640], [130.370443, 33.590278, 0, 1775036760], [130.359714, 33.583726, 0, 1775036880], [130.348202, 33.581376, 0, 1775037000], [130.340145, 33.580947, 0, 1775037060], [130.325038, 33.583772, 0, 1775037180]]}}, {"type": "Feature", "properties": {"trip_id": "空港線_平日_1_063", "route_id": "空港線", "route_color": "#f7931d", "route_type": "1", "trip_headsign": "姪浜"}, "geometry": {"type": "LineString", "coordinates": [[130.448549, 33.597052, 0, 1775036280], [130.431265, 33.589956, 0, 1775036460], [130.420616, 33.59013, 0, 1775036640], [130.414656, 33.594156, 0, 1775036760], [130.405988, 33.59438, 0, 1775036880], [130.399379, 33.591493, 0, 1775037000], [130.390946, 33.589134, 0, 1775037120], [130.378844, 33.590081, 0, 1775037240], [130.370443, 33.590278, 0, 1775037360], [130.359714, 33.583726, 0, 1775037480], [130.348202, 33.581376, 0, 1775037600], [130.340145, 33.580947, 0, 1775037660], [130.325038, 33.583772, 0, 1775037840]]}}, {"type": "Feature", "properties": {"trip_id": "空港線_平日_1_064", "route_id": "空港線", "route_color": "#f7931d", "route_type": "1", "trip_headsign": "姪浜"}, "geometry": {"type": "LineString", "coordinates": [[130.448549, 33.597052, 0, 1775036520], [130.431265, 33.589956, 0, 1775036700], [130.420616, 33.59013, 0, 1775036880], [130.414656, 33.594156, 0, 1775036940], [130.405988, 33.59438, 0, 1775037060], [130.399379, 33.591493, 0, 1775037180], [130.390946, 33.589134, 0, 1775037300], [130.378844, 33.590081, 0, 1775037420], [130.370443, 33.590278, 0, 1775037540], [130.359714, 33.583726, 0, 1775037660], [130.348202, 33.581376, 0, 1775037780], [130.340145, 33.580947, 0, 1775037900], [130.325038, 33.583772, 0, 1775038020]]}}, {"type": "Feature", "properties": {"trip_id": "空港線_平日_1_065", "route_id": "空港線", "route_color": "#f7931d", "route_type": "1", "trip_headsign": "姪浜"}, "geometry": {"type": "LineString", "coordinates": [[130.448549, 33.597052, 0, 1775036820], [130.431265, 33.589956, 0, 1775037000], [130.420616, 33.59013, 0, 1775037180], [130.414656, 33.594156, 0, 1775037240], [130.405988, 33.59438, 0, 1775037360], [130.399379, 33.591493, 0, 1775037540], [130.390946, 33.589134, 0, 1775037660], [130.378844, 33.590081, 0, 1775037780], [130.370443, 33.590278, 0, 1775037840], [130.359714, 33.583726, 0, 1775038020], [130.348202, 33.581376, 0, 1775038140], [130.340145, 33.580947, 0, 1775038200], [130.325038, 33.583772, 0, 1775038320]]}}, {"type": "Feature", "properties": {"trip_id": "空港線_平日_1_066", "route_id": "空港線", "route_color": "#f7931d", "route_type": "1", "trip_headsign": "筑前前原"}, "geometry": {"type": "LineString", "coordinates": [[130.448549, 33.597052, 0, 1775037000], [130.431265, 33.589956, 0, 1775037180], [130.420616, 33.59013, 0, 1775037360], [130.414656, 33.594156, 0, 1775037480], [130.405988, 33.59438, 0, 1775037600], [130.399379, 33.591493, 0, 1775037720], [130.390946, 33.589134, 0, 1775037840], [130.378844, 33.590081, 0, 1775037900], [130.370443, 33.590278, 0, 1775038020], [130.359714, 33.583726, 0, 1775038140], [130.348202, 33.581376, 0, 1775038260], [130.340145, 33.580947, 0, 1775038380], [130.325038, 33.583772, 0, 1775038500]]}}, {"type": "Feature", "properties": {"trip_id": "空港線_平日_1_067", "route_id": "空港線", "route_color": "#f7931d", "route_type": "1", "trip_headsign": "姪浜"}, "geometry": {"type": "LineString", "coordinates": [[130.405988, 33.59438, 0, 1775037240], [130.399379, 33.591493, 0, 1775037360], [130.390946, 33.589134, 0, 1775037480], [130.378844, 33.590081, 0, 1775037600], [130.370443, 33.590278, 0, 1775037660], [130.359714, 33.583726, 0, 1775037840], [130.348202, 33.581376, 0, 1775037960], [130.340145, 33.580947, 0, 1775038020], [130.325038, 33.583772, 0, 1775038140]]}}, {"type": "Feature", "properties": {"trip_id": "空港線_平日_1_068", "route_id": "空港線", "route_color": "#f7931d", "route_type": "1", "trip_headsign": "筑前前原"}, "geometry": {"type": "LineString", "coordinates": [[130.448549, 33.597052, 0, 1775037360], [130.431265, 33.589956, 0, 1775037540], [130.420616, 33.59013, 0, 1775037720], [130.414656, 33.594156, 0, 1775037840], [130.405988, 33.59438, 0, 1775037960], [130.399379, 33.591493, 0, 1775038080], [130.390946, 33.589134, 0, 1775038200], [130.378844, 33.590081, 0, 1775038320], [130.370443, 33.590278, 0, 1775038380], [130.359714, 33.583726, 0, 1775038560], [130.348202, 33.581376, 0, 1775038680], [130.340145, 33.580947, 0, 1775038740], [130.325038, 33.583772, 0, 1775038920]]}}, {"type": "Feature", "properties": {"trip_id": "空港線_平日_1_069", "route_id": "空港線", "route_color": "#f7931d", "route_type": "1", "trip_headsign": "姪浜"}, "geometry": {"type": "LineString", "coordinates": [[130.448549, 33.597052, 0, 1775037720], [130.431265, 33.589956, 0, 1775037900], [130.420616, 33.59013, 0, 1775038080], [130.414656, 33.594156, 0, 1775038200], [130.405988, 33.59438, 0, 1775038320], [130.399379, 33.591493, 0, 1775038440], [130.390946, 33.589134, 0, 1775038560], [130.378844, 33.590081, 0, 1775038680], [130.370443, 33.590278, 0, 1775038800], [130.359714, 33.583726, 0, 1775038920], [130.348202, 33.581376, 0, 1775039040], [130.340145, 33.580947, 0, 1775039160], [130.325038, 33.583772, 0, 1775039280]]}}, {"type": "Feature", "properties": {"trip_id": "空港線_平日_1_070", "route_id": "空港線", "route_color": "#f7931d", "route_type": "1", "trip_headsign": "西唐津"}, "geometry": {"type": "LineString", "coordinates": [[130.448549, 33.597052, 0, 1775038080], [130.431265, 33.589956, 0, 1775038260], [130.420616, 33.59013, 0, 1775038380], [130.414656, 33.594156, 0, 1775038500], [130.405988, 33.59438, 0, 1775038620], [130.399379, 33.591493, 0, 1775038740], [130.390946, 33.589134, 0, 1775038860], [130.378844, 33.590081, 0, 1775038980], [130.370443, 33.590278, 0, 1775039100], [130.359714, 33.583726, 0, 1775039220], [130.348202, 33.581376, 0, 1775039340], [130.340145, 33.580947, 0, 1775039400], [130.325038, 33.583772, 0, 1775039580]]}}, {"type": "Feature", "properties": {"trip_id": "空港線_平日_1_071", "route_id": "空港線", "route_color": "#f7931d", "route_type": "1", "trip_headsign": "姪浜"}, "geometry": {"type": "LineString", "coordinates": [[130.405988, 33.59438, 0, 1775038140], [130.399379, 33.591493, 0, 1775038260], [130.390946, 33.589134, 0, 1775038380], [130.378844, 33.590081, 0, 1775038500], [130.370443, 33.590278, 0, 1775038620], [130.359714, 33.583726, 0, 1775038740], [130.348202, 33.581376, 0, 1775038860], [130.340145, 33.580947, 0, 1775038980], [130.325038, 33.583772, 0, 1775039100]]}}, {"type": "Feature", "properties": {"trip_id": "空港線_平日_1_072", "route_id": "空港線", "route_color": "#f7931d", "route_type": "1", "trip_headsign": "姪浜"}, "geometry": {"type": "LineString", "coordinates": [[130.448549, 33.597052, 0, 1775038380], [130.431265, 33.589956, 0, 1775038560], [130.420616, 33.59013, 0, 1775038740], [130.414656, 33.594156, 0, 1775038860], [130.405988, 33.59438, 0, 1775039040], [130.399379, 33.591493, 0, 1775039160], [130.390946, 33.589134, 0, 1775039280], [130.378844, 33.590081, 0, 1775039400], [130.370443, 33.590278, 0, 1775039520], [130.359714, 33.583726, 0, 1775039640], [130.348202, 33.581376, 0, 1775039820], [130.340145, 33.580947, 0, 1775039880], [130.325038, 33.583772, 0, 1775040000]]}}, {"type": "Feature", "properties": {"trip_id": "空港線_平日_1_073", "route_id": "空港線", "route_color": "#f7931d", "route_type": "1", "trip_headsign": "姪浜"}, "geometry": {"type": "LineString", "coordinates": [[130.448549, 33.597052, 0, 1775038620], [130.431265, 33.589956, 0, 1775038800], [130.420616, 33.59013, 0, 1775038980], [130.414656, 33.594156, 0, 1775039100], [130.405988, 33.59438, 0, 1775039220], [130.399379, 33.591493, 0, 1775039400], [130.390946, 33.589134, 0, 1775039520], [130.378844, 33.590081, 0, 1775039640], [130.370443, 33.590278, 0, 1775039760], [130.359714, 33.583726, 0, 1775039880], [130.348202, 33.581376, 0, 1775040000], [130.340145, 33.580947, 0, 1775040120], [130.325038, 33.583772, 0, 1775040240]]}}, {"type": "Feature", "properties": {"trip_id": "空港線_平日_1_074", "route_id": "空港線", "route_color": "#f7931d", "route_type": "1", "trip_headsign": "姪浜"}, "geometry": {"type": "LineString", "coordinates": [[130.405988, 33.59438, 0, 1775038860], [130.399379, 33.591493, 0, 1775038980], [130.390946, 33.589134, 0, 1775039100], [130.378844, 33.590081, 0, 1775039220], [130.370443, 33.590278, 0, 1775039340], [130.359714, 33.583726, 0, 1775039460], [130.348202, 33.581376, 0, 1775039580], [130.340145, 33.580947, 0, 1775039700], [130.325038, 33.583772, 0, 1775039820]]}}, {"type": "Feature", "properties": {"trip_id": "空港線_平日_1_075", "route_id": "空港線", "route_color": "#f7931d", "route_type": "1", "trip_headsign": "西唐津"}, "geometry": {"type": "LineString", "coordinates": [[130.448549, 33.597052, 0, 1775038980], [130.431265, 33.589956, 0, 1775039160], [130.420616, 33.59013, 0, 1775039280], [130.414656, 33.594156, 0, 1775039400], [130.405988, 33.59438, 0, 1775039520], [130.399379, 33.591493, 0, 1775039640], [130.390946, 33.589134, 0, 1775039760], [130.378844, 33.590081, 0, 1775039880], [130.370443, 33.590278, 0, 1775040000], [130.359714, 33.583726, 0, 1775040120], [130.348202, 33.581376, 0, 1775040240], [130.340145, 33.580947, 0, 1775040300], [130.325038, 33.583772, 0, 1775040480]]}}, {"type": "Feature", "properties": {"trip_id": "空港線_平日_1_076", "route_id": "空港線", "route_color": "#f7931d", "route_type": "1", "trip_headsign": "姪浜"}, "geometry": {"type": "LineString", "coordinates": [[130.448549, 33.597052, 0, 1775039460], [130.431265, 33.589956, 0, 1775039640], [130.420616, 33.59013, 0, 1775039760], [130.414656, 33.594156, 0, 1775039880], [130.405988, 33.59438, 0, 1775040060], [130.399379, 33.591493, 0, 1775040180], [130.390946, 33.589134, 0, 1775040300], [130.378844, 33.590081, 0, 1775040420], [130.370443, 33.590278, 0, 1775040540], [130.359714, 33.583726, 0, 1775040660], [130.348202, 33.581376, 0, 1775040780], [130.340145, 33.580947, 0, 1775040900], [130.325038, 33.583772, 0, 1775041020]]}}, {"type": "Feature", "properties": {"trip_id": "空港線_平日_1_077", "route_id": "空港線", "route_color": "#f7931d", "route_type": "1", "trip_headsign": "姪浜"}, "geometry": {"type": "LineString", "coordinates": [[130.405988, 33.59438, 0, 1775039760], [130.399379, 33.591493, 0, 1775039880], [130.390946, 33.589134, 0, 1775040000], [130.378844, 33.590081, 0, 1775040120], [130.370443, 33.590278, 0, 1775040240], [130.359714, 33.583726, 0, 1775040360], [130.348202, 33.581376, 0, 1775040480], [130.340145, 33.580947, 0, 1775040600], [130.325038, 33.583772, 0, 1775040720]]}}, {"type": "Feature", "properties": {"trip_id": "空港線_平日_1_078", "route_id": "空港線", "route_color": "#f7931d", "route_type": "1", "trip_headsign": "筑前前原"}, "geometry": {"type": "LineString", "coordinates": [[130.448549, 33.597052, 0, 1775040060], [130.431265, 33.589956, 0, 1775040240], [130.420616, 33.59013, 0, 1775040360], [130.414656, 33.594156, 0, 1775040480], [130.405988, 33.59438, 0, 1775040600], [130.399379, 33.591493, 0, 1775040720], [130.390946, 33.589134, 0, 1775040840], [130.378844, 33.590081, 0, 1775040960], [130.370443, 33.590278, 0, 1775041080], [130.359714, 33.583726, 0, 1775041200], [130.348202, 33.581376, 0, 1775041320], [130.340145, 33.580947, 0, 1775041380], [130.325038, 33.583772, 0, 1775041560]]}}, {"type": "Feature", "properties": {"trip_id": "空港線_平日_1_079", "route_id": "空港線", "route_color": "#f7931d", "route_type": "1", "trip_headsign": "筑前前原"}, "geometry": {"type": "LineString", "coordinates": [[130.448549, 33.597052, 0, 1775040540], [130.431265, 33.589956, 0, 1775040720], [130.420616, 33.59013, 0, 1775040900], [130.414656, 33.594156, 0, 1775040960], [130.405988, 33.59438, 0, 1775041080], [130.399379, 33.591493, 0, 1775041260], [130.390946, 33.589134, 0, 1775041380], [130.378844, 33.590081, 0, 1775041500], [130.370443, 33.590278, 0, 1775041620], [130.359714, 33.583726, 0, 1775041740], [130.348202, 33.581376, 0, 1775041860], [130.340145, 33.580947, 0, 1775041980], [130.325038, 33.583772, 0, 1775042100]]}}, {"type": "Feature", "properties": {"trip_id": "空港線_平日_1_080", "route_id": "空港線", "route_color": "#f7931d", "route_type": "1", "trip_headsign": "姪浜"}, "geometry": {"type": "LineString", "coordinates": [[130.405988, 33.59438, 0, 1775040780], [130.399379, 33.591493, 0, 1775040900], [130.390946, 33.589134, 0, 1775041020], [130.378844, 33.590081, 0, 1775041140], [130.370443, 33.590278, 0, 1775041200], [130.359714, 33.583726, 0, 1775041320], [130.348202, 33.581376, 0, 1775041440], [130.340145, 33.580947, 0, 1775041560], [130.325038, 33.583772, 0, 1775041680]]}}, {"type": "Feature", "properties": {"trip_id": "空港線_平日_1_081", "route_id": "空港線", "route_color": "#f7931d", "route_type": "1", "trip_headsign": "姪浜"}, "geometry": {"type": "LineString", "coordinates": [[130.448549, 33.597052, 0, 1775040780], [130.431265, 33.589956, 0, 1775040960], [130.420616, 33.59013, 0, 1775041140], [130.414656, 33.594156, 0, 1775041200], [130.405988, 33.59438, 0, 1775041320], [130.399379, 33.591493, 0, 1775041500], [130.390946, 33.589134, 0, 1775041620], [130.378844, 33.590081, 0, 1775041740], [130.370443, 33.590278, 0, 1775041800], [130.359714, 33.583726, 0, 1775041980], [130.348202, 33.581376, 0, 1775042100], [130.340145, 33.580947, 0, 1775042160], [130.325038, 33.583772, 0, 1775042280]]}}, {"type": "Feature", "properties": {"trip_id": "空港線_平日_1_082", "route_id": "空港線", "route_color": "#f7931d", "route_type": "1", "trip_headsign": "姪浜"}, "geometry": {"type": "LineString", "coordinates": [[130.448549, 33.597052, 0, 1775041200], [130.431265, 33.589956, 0, 1775041380], [130.420616, 33.59013, 0, 1775041560], [130.414656, 33.594156, 0, 1775041680], [130.405988, 33.59438, 0, 1775041800], [130.399379, 33.591493, 0, 1775041920], [130.390946, 33.589134, 0, 1775042040], [130.378844, 33.590081, 0, 1775042160], [130.370443, 33.590278, 0, 1775042220], [130.359714, 33.583726, 0, 1775042400], [130.348202, 33.581376, 0, 1775042520], [130.340145, 33.580947, 0, 1775042580], [130.325038, 33.583772, 0, 1775042700]]}}, {"type": "Feature", "properties": {"trip_id": "空港線_平日_1_083", "route_id": "空港線", "route_color": "#f7931d", "route_type": "1", "trip_headsign": "西新"}, "geometry": {"type": "LineString", "coordinates": [[130.405988, 33.59438, 0, 1775041620], [130.399379, 33.591493, 0, 1775041740], [130.390946, 33.589134, 0, 1775041860], [130.378844, 33.590081, 0, 1775041920], [130.370443, 33.590278, 0, 1775042040], [130.359714, 33.583726, 0, 1775042160]]}}, {"type": "Feature", "properties": {"trip_id": "空港線_平日_1_084", "route_id": "空港線", "route_color": "#f7931d", "route_type": "1", "trip_headsign": "筑前前原"}, "geometry": {"type": "LineString", "coordinates": [[130.448549, 33.597052, 0, 1775041620], [130.431265, 33.589956, 0, 1775041800], [130.420616, 33.59013, 0, 1775041980], [130.414656, 33.594156, 0, 1775042040], [130.405988, 33.59438, 0, 1775042160], [130.399379, 33.591493, 0, 1775042280], [130.390946, 33.589134, 0, 1775042400], [130.378844, 33.590081, 0, 1775042520], [130.370443, 33.590278, 0, 1775042640], [130.359714, 33.583726, 0, 1775042760], [130.348202, 33.581376, 0, 1775042880], [130.340145, 33.580947, 0, 1775043000], [130.325038, 33.583772, 0, 1775043120]]}}, {"type": "Feature", "properties": {"trip_id": "空港線_平日_1_085", "route_id": "空港線", "route_color": "#f7931d", "route_type": "1", "trip_headsign": "姪浜"}, "geometry": {"type": "LineString", "coordinates": [[130.448549, 33.597052, 0, 1775042100], [130.431265, 33.589956, 0, 1775042280], [130.420616, 33.59013, 0, 1775042400], [130.414656, 33.594156, 0, 1775042520], [130.405988, 33.59438, 0, 1775042640], [130.399379, 33.591493, 0, 1775042760], [130.390946, 33.589134, 0, 1775042880], [130.378844, 33.590081, 0, 1775043000], [130.370443, 33.590278, 0, 1775043120], [130.359714, 33.583726, 0, 1775043240], [130.348202, 33.581376, 0, 1775043360], [130.340145, 33.580947, 0, 1775043480], [130.325038, 33.583772, 0, 1775043600]]}}, {"type": "Feature", "properties": {"trip_id": "空港線_平日_1_086", "route_id": "空港線", "route_color": "#f7931d", "route_type": "1", "trip_headsign": "西新"}, "geometry": {"type": "LineString", "coordinates": [[130.405988, 33.59438, 0, 1775042460], [130.399379, 33.591493, 0, 1775042580], [130.390946, 33.589134, 0, 1775042700], [130.378844, 33.590081, 0, 1775042820], [130.370443, 33.590278, 0, 1775042940], [130.359714, 33.583726, 0, 1775043000]]}}, {"type": "Feature", "properties": {"trip_id": "空港線_平日_1_087", "route_id": "空港線", "route_color": "#f7931d", "route_type": "1", "trip_headsign": "筑前前原"}, "geometry": {"type": "LineString", "coordinates": [[130.448549, 33.597052, 0, 1775042460], [130.431265, 33.589956, 0, 1775042640], [130.420616, 33.59013, 0, 1775042820], [130.414656, 33.594156, 0, 1775042940], [130.405988, 33.59438, 0, 1775043060], [130.399379, 33.591493, 0, 1775043180], [130.390946, 33.589134, 0, 1775043300], [130.378844, 33.590081, 0, 1775043360], [130.370443, 33.590278, 0, 1775043480], [130.359714, 33.583726, 0, 1775043600], [130.348202, 33.581376, 0, 1775043720], [130.340145, 33.580947, 0, 1775043840], [130.325038, 33.583772, 0, 1775043960]]}}, {"type": "Feature", "properties": {"trip_id": "空港線_平日_1_088", "route_id": "空港線", "route_color": "#f7931d", "route_type": "1", "trip_headsign": "姪浜"}, "geometry": {"type": "LineString", "coordinates": [[130.448549, 33.597052, 0, 1775043000], [130.431265, 33.589956, 0, 1775043180], [130.420616, 33.59013, 0, 1775043360], [130.414656, 33.594156, 0, 1775043480], [130.405988, 33.59438, 0, 1775043600], [130.399379, 33.591493, 0, 1775043720], [130.390946, 33.589134, 0, 1775043840], [130.378844, 33.590081, 0, 1775043900], [130.370443, 33.590278, 0, 1775044020], [130.359714, 33.583726, 0, 1775044140], [130.348202, 33.581376, 0, 1775044260], [130.340145, 33.580947, 0, 1775044380], [130.325038, 33.583772, 0, 1775044500]]}}, {"type": "Feature", "properties": {"trip_id": "空港線_平日_1_089", "route_id": "空港線", "route_color": "#f7931d", "route_type": "1", "trip_headsign": "西新"}, "geometry": {"type": "LineString", "coordinates": [[130.405988, 33.59438, 0, 1775043360], [130.399379, 33.591493, 0, 1775043480], [130.390946, 33.589134, 0, 1775043600], [130.378844, 33.590081, 0, 1775043720], [130.370443, 33.590278, 0, 1775043840], [130.359714, 33.583726, 0, 1775043900]]}}, {"type": "Feature", "properties": {"trip_id": "空港線_平日_1_090", "route_id": "空港線", "route_color": "#f7931d", "route_type": "1", "trip_headsign": "筑前前原"}, "geometry": {"type": "LineString", "coordinates": [[130.448549, 33.597052, 0, 1775043420], [130.431265, 33.589956, 0, 1775043600], [130.420616, 33.59013, 0, 1775043720], [130.414656, 33.594156, 0, 1775043840], [130.405988, 33.59438, 0, 1775043960], [130.399379, 33.591493, 0, 1775044080], [130.390946, 33.589134, 0, 1775044200], [130.378844, 33.590081, 0, 1775044320], [130.370443, 33.590278, 0, 1775044440], [130.359714, 33.583726, 0, 1775044560], [130.348202, 33.581376, 0, 1775044680], [130.340145, 33.580947, 0, 1775044740], [130.325038, 33.583772, 0, 1775044920]]}}, {"type": "Feature", "properties": {"trip_id": "空港線_平日_1_091", "route_id": "空港線", "route_color": "#f7931d", "route_type": "1", "trip_headsign": "姪浜"}, "geometry": {"type": "LineString", "coordinates": [[130.448549, 33.597052, 0, 1775043900], [130.431265, 33.589956, 0, 1775044080], [130.420616, 33.59013, 0, 1775044260], [130.414656, 33.594156, 0, 1775044380], [130.405988, 33.59438, 0, 1775044500], [130.399379, 33.591493, 0, 1775044620], [130.390946, 33.589134, 0, 1775044740], [130.378844, 33.590081, 0, 1775044860], [130.370443, 33.590278, 0, 1775044920], [130.359714, 33.583726, 0, 1775045100], [130.348202, 33.581376, 0, 1775045220], [130.340145, 33.580947, 0, 1775045280], [130.325038, 33.583772, 0, 1775045400]]}}, {"type": "Feature", "properties": {"trip_id": "空港線_平日_1_092", "route_id": "空港線", "route_color": "#f7931d", "route_type": "1", "trip_headsign": "西新"}, "geometry": {"type": "LineString", "coordinates": [[130.405988, 33.59438, 0, 1775044320], [130.399379, 33.591493, 0, 1775044440], [130.390946, 33.589134, 0, 1775044560], [130.378844, 33.590081, 0, 1775044620], [130.370443, 33.590278, 0, 1775044740], [130.359714, 33.583726, 0, 1775044860]]}}, {"type": "Feature", "properties": {"trip_id": "空港線_平日_1_093", "route_id": "空港線", "route_color": "#f7931d", "route_type": "1", "trip_headsign": "筑前前原"}, "geometry": {"type": "LineString", "coordinates": [[130.448549, 33.597052, 0, 1775044320], [130.431265, 33.589956, 0, 1775044500], [130.420616, 33.59013, 0, 1775044620], [130.414656, 33.594156, 0, 1775044740], [130.405988, 33.59438, 0, 1775044860], [130.399379, 33.591493, 0, 1775044980], [130.390946, 33.589134, 0, 1775045100], [130.378844, 33.590081, 0, 1775045220], [130.370443, 33.590278, 0, 1775045340], [130.359714, 33.583726, 0, 1775045460], [130.348202, 33.581376, 0, 1775045580], [130.340145, 33.580947, 0, 1775045640], [130.325038, 33.583772, 0, 1775045820]]}}, {"type": "Feature", "properties": {"trip_id": "空港線_平日_1_094", "route_id": "空港線", "route_color": "#f7931d", "route_type": "1", "trip_headsign": "姪浜"}, "geometry": {"type": "LineString", "coordinates": [[130.448549, 33.597052, 0, 1775044800], [130.431265, 33.589956, 0, 1775044980], [130.420616, 33.59013, 0, 1775045100], [130.414656, 33.594156, 0, 1775045220], [130.405988, 33.59438, 0, 1775045340], [130.399379, 33.591493, 0, 1775045460], [130.390946, 33.589134, 0, 1775045580], [130.378844, 33.590081, 0, 1775045700], [130.370443, 33.590278, 0, 1775045820], [130.359714, 33.583726, 0, 1775045940], [130.348202, 33.581376, 0, 1775046060], [130.340145, 33.580947, 0, 1775046120], [130.325038, 33.583772, 0, 1775046300]]}}, {"type": "Feature", "properties": {"trip_id": "空港線_平日_1_095", "route_id": "空港線", "route_color": "#f7931d", "route_type": "1", "trip_headsign": "西新"}, "geometry": {"type": "LineString", "coordinates": [[130.405988, 33.59438, 0, 1775045160], [130.399379, 33.591493, 0, 1775045280], [130.390946, 33.589134, 0, 1775045400], [130.378844, 33.590081, 0, 1775045520], [130.370443, 33.590278, 0, 1775045580], [130.359714, 33.583726, 0, 1775045700]]}}, {"type": "Feature", "properties": {"trip_id": "空港線_平日_1_096", "route_id": "空港線", "route_color": "#f7931d", "route_type": "1", "trip_headsign": "筑前前原"}, "geometry": {"type": "LineString", "coordinates": [[130.448549, 33.597052, 0, 1775045220], [130.431265, 33.589956, 0, 1775045400], [130.420616, 33.59013, 0, 1775045580], [130.414656, 33.594156, 0, 1775045640], [130.405988, 33.59438, 0, 1775045760], [130.399379, 33.591493, 0, 1775045880], [130.390946, 33.589134, 0, 1775046000], [130.378844, 33.590081, 0, 1775046120], [130.370443, 33.590278, 0, 1775046240], [130.359714, 33.583726, 0, 1775046360], [130.348202, 33.581376, 0, 1775046480], [130.340145, 33.580947, 0, 1775046600], [130.325038, 33.583772, 0, 1775046720]]}}, {"type": "Feature", "properties": {"trip_id": "空港線_平日_1_097", "route_id": "空港線", "route_color": "#f7931d", "route_type": "1", "trip_headsign": "姪浜"}, "geometry": {"type": "LineString", "coordinates": [[130.448549, 33.597052, 0, 1775045640], [130.431265, 33.589956, 0, 1775045820], [130.420616, 33.59013, 0, 1775046000], [130.414656, 33.594156, 0, 1775046120], [130.405988, 33.59438, 0, 1775046240], [130.399379, 33.591493, 0, 1775046360], [130.390946, 33.589134, 0, 1775046480], [130.378844, 33.590081, 0, 1775046600], [130.370443, 33.590278, 0, 1775046720], [130.359714, 33.583726, 0, 1775046840], [130.348202, 33.581376, 0, 1775046960], [130.340145, 33.580947, 0, 1775047020], [130.325038, 33.583772, 0, 1775047140]]}}, {"type": "Feature", "properties": {"trip_id": "空港線_平日_1_098", "route_id": "空港線", "route_color": "#f7931d", "route_type": "1", "trip_headsign": "西新"}, "geometry": {"type": "LineString", "coordinates": [[130.405988, 33.59438, 0, 1775046060], [130.399379, 33.591493, 0, 1775046180], [130.390946, 33.589134, 0, 1775046300], [130.378844, 33.590081, 0, 1775046420], [130.370443, 33.590278, 0, 1775046480], [130.359714, 33.583726, 0, 1775046600]]}}, {"type": "Feature", "properties": {"trip_id": "空港線_平日_1_099", "route_id": "空港線", "route_color": "#f7931d", "route_type": "1", "trip_headsign": "西唐津"}, "geometry": {"type": "LineString", "coordinates": [[130.448549, 33.597052, 0, 1775046120], [130.431265, 33.589956, 0, 1775046300], [130.420616, 33.59013, 0, 1775046480], [130.414656, 33.594156, 0, 1775046540], [130.405988, 33.59438, 0, 1775046660], [130.399379, 33.591493, 0, 1775046780], [130.390946, 33.589134, 0, 1775046900], [130.378844, 33.590081, 0, 1775047020], [130.370443, 33.590278, 0, 1775047140], [130.359714, 33.583726, 0, 1775047260], [130.348202, 33.581376, 0, 1775047380], [130.340145, 33.580947, 0, 1775047500], [130.325038, 33.583772, 0, 1775047620]]}}, {"type": "Feature", "properties": {"trip_id": "空港線_平日_1_100", "route_id": "空港線", "route_color": "#f7931d", "route_type": "1", "trip_headsign": "姪浜"}, "geometry": {"type": "LineString", "coordinates": [[130.448549, 33.597052, 0, 1775046540], [130.431265, 33.589956, 0, 1775046720], [130.420616, 33.59013, 0, 1775046900], [130.414656, 33.594156, 0, 1775047020], [130.405988, 33.59438, 0, 1775047140], [130.399379, 33.591493, 0, 1775047260], [130.390946, 33.589134, 0, 1775047380], [130.378844, 33.590081, 0, 1775047500], [130.370443, 33.590278, 0, 1775047620], [130.359714, 33.583726, 0, 1775047740], [130.348202, 33.581376, 0, 1775047860], [130.340145, 33.580947, 0, 1775047920], [130.325038, 33.583772, 0, 1775048040]]}}, {"type": "Feature", "properties": {"trip_id": "空港線_平日_1_101", "route_id": "空港線", "route_color": "#f7931d", "route_type": "1", "trip_headsign": "西新"}, "geometry": {"type": "LineString", "coordinates": [[130.405988, 33.59438, 0, 1775046960], [130.399379, 33.591493, 0, 1775047080], [130.390946, 33.589134, 0, 1775047200], [130.378844, 33.590081, 0, 1775047320], [130.370443, 33.590278, 0, 1775047380], [130.359714, 33.583726, 0, 1775047500]]}}, {"type": "Feature", "properties": {"trip_id": "空港線_平日_1_102", "route_id": "空港線", "route_color": "#f7931d", "route_type": "1", "trip_headsign": "筑前前原"}, "geometry": {"type": "LineString", "coordinates": [[130.448549, 33.597052, 0, 1775047020], [130.431265, 33.589956, 0, 1775047200], [130.420616, 33.59013, 0, 1775047320], [130.414656, 33.594156, 0, 1775047440], [130.405988, 33.59438, 0, 1775047560], [130.399379, 33.591493, 0, 1775047680], [130.390946, 33.589134, 0, 1775047800], [130.378844, 33.590081, 0, 1775047920], [130.370443, 33.590278, 0, 1775048040], [130.359714, 33.583726, 0, 1775048160], [130.348202, 33.581376, 0, 1775048280], [130.340145, 33.580947, 0, 1775048340], [130.325038, 33.583772, 0, 1775048520]]}}, {"type": "Feature", "properties": {"trip_id": "空港線_平日_1_103", "route_id": "空港線", "route_color": "#f7931d", "route_type": "1", "trip_headsign": "姪浜"}, "geometry": {"type": "LineString", "coordinates": [[130.448549, 33.597052, 0, 1775047440], [130.431265, 33.589956, 0, 1775047620], [130.420616, 33.59013, 0, 1775047800], [130.414656, 33.594156, 0, 1775047860], [130.405988, 33.59438, 0, 1775047980], [130.399379, 33.591493, 0, 1775048160], [130.390946, 33.589134, 0, 1775048280], [130.378844, 33.590081, 0, 1775048340], [130.370443, 33.590278, 0, 1775048460], [130.359714, 33.583726, 0, 1775048580], [130.348202, 33.581376, 0, 1775048700], [130.340145, 33.580947, 0, 1775048820], [130.325038, 33.583772, 0, 1775048940]]}}, {"type": "Feature", "properties": {"trip_id": "空港線_平日_1_104", "route_id": "空港線", "route_color": "#f7931d", "route_type": "1", "trip_headsign": "西新"}, "geometry": {"type": "LineString", "coordinates": [[130.405988, 33.59438, 0, 1775047800], [130.399379, 33.591493, 0, 1775047920], [130.390946, 33.589134, 0, 1775048040], [130.378844, 33.590081, 0, 1775048160], [130.370443, 33.590278, 0, 1775048280], [130.359714, 33.583726, 0, 1775048400]]}}, {"type": "Feature", "properties": {"trip_id": "空港線_平日_1_105", "route_id": "空港線", "route_color": "#f7931d", "route_type": "1", "trip_headsign": "筑前前原"}, "geometry": {"type": "LineString", "coordinates": [[130.448549, 33.597052, 0, 1775047920], [130.431265, 33.589956, 0, 1775048100], [130.420616, 33.59013, 0, 1775048220], [130.414656, 33.594156, 0, 1775048340], [130.405988, 33.59438, 0, 1775048460], [130.399379, 33.591493, 0, 1775048580], [130.390946, 33.589134, 0, 1775048700], [130.378844, 33.590081, 0, 1775048820], [130.370443, 33.590278, 0, 1775048940], [130.359714, 33.583726, 0, 1775049060], [130.348202, 33.581376, 0, 1775049180], [130.340145, 33.580947, 0, 1775049240], [130.325038, 33.583772, 0, 1775049420]]}}, {"type": "Feature", "properties": {"trip_id": "空港線_平日_1_106", "route_id": "空港線", "route_color": "#f7931d", "route_type": "1", "trip_headsign": "姪浜"}, "geometry": {"type": "LineString", "coordinates": [[130.448549, 33.597052, 0, 1775048340], [130.431265, 33.589956, 0, 1775048520], [130.420616, 33.59013, 0, 1775048700], [130.414656, 33.594156, 0, 1775048820], [130.405988, 33.59438, 0, 1775048940], [130.399379, 33.591493, 0, 1775049060], [130.390946, 33.589134, 0, 1775049180], [130.378844, 33.590081, 0, 1775049300], [130.370443, 33.590278, 0, 1775049420], [130.359714, 33.583726, 0, 1775049540], [130.348202, 33.581376, 0, 1775049660], [130.340145, 33.580947, 0, 1775049780], [130.325038, 33.583772, 0, 1775049900]]}}, {"type": "Feature", "properties": {"trip_id": "空港線_平日_1_107", "route_id": "空港線", "route_color": "#f7931d", "route_type": "1", "trip_headsign": "西新"}, "geometry": {"type": "LineString", "coordinates": [[130.405988, 33.59438, 0, 1775048760], [130.399379, 33.591493, 0, 1775048880], [130.390946, 33.589134, 0, 1775049000], [130.378844, 33.590081, 0, 1775049120], [130.370443, 33.590278, 0, 1775049240], [130.359714, 33.583726, 0, 1775049300]]}}, {"type": "Feature", "properties": {"trip_id": "空港線_平日_1_108", "route_id": "空港線", "route_color": "#f7931d", "route_type": "1", "trip_headsign": "筑前前原"}, "geometry": {"type": "LineString", "coordinates": [[130.448549, 33.597052, 0, 1775048760], [130.431265, 33.589956, 0, 1775048940], [130.420616, 33.59013, 0, 1775049120], [130.414656, 33.594156, 0, 1775049240], [130.405988, 33.59438, 0, 1775049360], [130.399379, 33.591493, 0, 1775049480], [130.390946, 33.589134, 0, 1775049600], [130.378844, 33.590081, 0, 1775049660], [130.370443, 33.590278, 0, 1775049780], [130.359714, 33.583726, 0, 1775049900], [130.348202, 33.581376, 0, 1775050020], [130.340145, 33.580947, 0, 1775050140], [130.325038, 33.583772, 0, 1775050260]]}}, {"type": "Feature", "properties": {"trip_id": "空港線_平日_1_109", "route_id": "空港線", "route_color": "#f7931d", "route_type": "1", "trip_headsign": "姪浜"}, "geometry": {"type": "LineString", "coordinates": [[130.448549, 33.597052, 0, 1775049240], [130.431265, 33.589956, 0, 1775049420], [130.420616, 33.59013, 0, 1775049600], [130.414656, 33.594156, 0, 1775049720], [130.405988, 33.59438, 0, 1775049840], [130.399379, 33.591493, 0, 1775049960], [130.390946, 33.589134, 0, 1775050080], [130.378844, 33.590081, 0, 1775050200], [130.370443, 33.590278, 0, 1775050260], [130.359714, 33.583726, 0, 1775050440], [130.348202, 33.581376, 0, 1775050500], [130.340145, 33.580947, 0, 1775050620], [130.325038, 33.583772, 0, 1775050740]]}}, {"type": "Feature", "properties": {"trip_id": "空港線_平日_1_110", "route_id": "空港線", "route_color": "#f7931d", "route_type": "1", "trip_headsign": "西新"}, "geometry": {"type": "LineString", "coordinates": [[130.405988, 33.59438, 0, 1775049600], [130.399379, 33.591493, 0, 1775049720], [130.390946, 33.589134, 0, 1775049840], [130.378844, 33.590081, 0, 1775049960], [130.370443, 33.590278, 0, 1775050080], [130.359714, 33.583726, 0, 1775050200]]}}, {"type": "Feature", "properties": {"trip_id": "空港線_平日_1_111", "route_id": "空港線", "route_color": "#f7931d", "route_type": "1", "trip_headsign": "筑前前原"}, "geometry": {"type": "LineString", "coordinates": [[130.448549, 33.597052, 0, 1775049660], [130.431265, 33.589956, 0, 1775049840], [130.420616, 33.59013, 0, 1775050020], [130.414656, 33.594156, 0, 1775050140], [130.405988, 33.59438, 0, 1775050260], [130.399379, 33.591493, 0, 1775050380], [130.390946, 33.589134, 0, 1775050500], [130.378844, 33.590081, 0, 1775050560], [130.370443, 33.590278, 0, 1775050680], [130.359714, 33.583726, 0, 1775050800], [130.348202, 33.581376, 0, 1775050920], [130.340145, 33.580947, 0, 1775051040], [130.325038, 33.583772, 0, 1775051160]]}}, {"type": "Feature", "properties": {"trip_id": "空港線_平日_1_112", "route_id": "空港線", "route_color": "#f7931d", "route_type": "1", "trip_headsign": "姪浜"}, "geometry": {"type": "LineString", "coordinates": [[130.448549, 33.597052, 0, 1775050140], [130.431265, 33.589956, 0, 1775050320], [130.420616, 33.59013, 0, 1775050500], [130.414656, 33.594156, 0, 1775050620], [130.405988, 33.59438, 0, 1775050740], [130.399379, 33.591493, 0, 1775050860], [130.390946, 33.589134, 0, 1775050980], [130.378844, 33.590081, 0, 1775051100], [130.370443, 33.590278, 0, 1775051220], [130.359714, 33.583726, 0, 1775051340], [130.348202, 33.581376, 0, 1775051460], [130.340145, 33.580947, 0, 1775051580], [130.325038, 33.583772, 0, 1775051700]]}}, {"type": "Feature", "properties": {"trip_id": "空港線_平日_1_113", "route_id": "空港線", "route_color": "#f7931d", "route_type": "1", "trip_headsign": "西新"}, "geometry": {"type": "LineString", "coordinates": [[130.405988, 33.59438, 0, 1775050560], [130.399379, 33.591493, 0, 1775050680], [130.390946, 33.589134, 0, 1775050800], [130.378844, 33.590081, 0, 1775050920], [130.370443, 33.590278, 0, 1775051040], [130.359714, 33.583726, 0, 1775051100]]}}, {"type": "Feature", "properties": {"trip_id": "空港線_平日_1_114", "route_id": "空港線", "route_color": "#f7931d", "route_type": "1", "trip_headsign": "筑前前原"}, "geometry": {"type": "LineString", "coordinates": [[130.448549, 33.597052, 0, 1775050620], [130.431265, 33.589956, 0, 1775050800], [130.420616, 33.59013, 0, 1775050920], [130.414656, 33.594156, 0, 1775051040], [130.405988, 33.59438, 0, 1775051160], [130.399379, 33.591493, 0, 1775051280], [130.390946, 33.589134, 0, 1775051400], [130.378844, 33.590081, 0, 1775051520], [130.370443, 33.590278, 0, 1775051640], [130.359714, 33.583726, 0, 1775051760], [130.348202, 33.581376, 0, 1775051880], [130.340145, 33.580947, 0, 1775051940], [130.325038, 33.583772, 0, 1775052120]]}}, {"type": "Feature", "properties": {"trip_id": "空港線_平日_1_115", "route_id": "空港線", "route_color": "#f7931d", "route_type": "1", "trip_headsign": "姪浜"}, "geometry": {"type": "LineString", "coordinates": [[130.448549, 33.597052, 0, 1775051040], [130.431265, 33.589956, 0, 1775051220], [130.420616, 33.59013, 0, 1775051400], [130.414656, 33.594156, 0, 1775051520], [130.405988, 33.59438, 0, 1775051640], [130.399379, 33.591493, 0, 1775051760], [130.390946, 33.589134, 0, 1775051880], [130.378844, 33.590081, 0, 1775052000], [130.370443, 33.590278, 0, 1775052120], [130.359714, 33.583726, 0, 1775052240], [130.348202, 33.581376, 0, 1775052360], [130.340145, 33.580947, 0, 1775052420], [130.325038, 33.583772, 0, 1775052540]]}}, {"type": "Feature", "properties": {"trip_id": "空港線_平日_1_116", "route_id": "空港線", "route_color": "#f7931d", "route_type": "1", "trip_headsign": "西新"}, "geometry": {"type": "LineString", "coordinates": [[130.405988, 33.59438, 0, 1775051400], [130.399379, 33.591493, 0, 1775051520], [130.390946, 33.589134, 0, 1775051640], [130.378844, 33.590081, 0, 1775051760], [130.370443, 33.590278, 0, 1775051880], [130.359714, 33.583726, 0, 1775052000]]}}, {"type": "Feature", "properties": {"trip_id": "空港線_平日_1_117", "route_id": "空港線", "route_color": "#f7931d", "route_type": "1", "trip_headsign": "筑前前原"}, "geometry": {"type": "LineString", "coordinates": [[130.448549, 33.597052, 0, 1775051520], [130.431265, 33.589956, 0, 1775051700], [130.420616, 33.59013, 0, 1775051820], [130.414656, 33.594156, 0, 1775051940], [130.405988, 33.59438, 0, 1775052060], [130.399379, 33.591493, 0, 1775052180], [130.390946, 33.589134, 0, 1775052300], [130.378844, 33.590081, 0, 1775052420], [130.370443, 33.590278, 0, 1775052540], [130.359714, 33.583726, 0, 1775052660], [130.348202, 33.581376, 0, 1775052780], [130.340145, 33.580947, 0, 1775052840], [130.325038, 33.583772, 0, 1775053020]]}}, {"type": "Feature", "properties": {"trip_id": "空港線_平日_1_118", "route_id": "空港線", "route_color": "#f7931d", "route_type": "1", "trip_headsign": "姪浜"}, "geometry": {"type": "LineString", "coordinates": [[130.448549, 33.597052, 0, 1775052000], [130.431265, 33.589956, 0, 1775052120], [130.420616, 33.59013, 0, 1775052300], [130.414656, 33.594156, 0, 1775052420], [130.405988, 33.59438, 0, 1775052540], [130.399379, 33.591493, 0, 1775052660], [130.390946, 33.589134, 0, 1775052780], [130.378844, 33.590081, 0, 1775052900], [130.370443, 33.590278, 0, 1775053020], [130.359714, 33.583726, 0, 1775053140], [130.348202, 33.581376, 0, 1775053260], [130.340145, 33.580947, 0, 1775053320], [130.325038, 33.583772, 0, 1775053440]]}}, {"type": "Feature", "properties": {"trip_id": "空港線_平日_1_119", "route_id": "空港線", "route_color": "#f7931d", "route_type": "1", "trip_headsign": "西新"}, "geometry": {"type": "LineString", "coordinates": [[130.405988, 33.59438, 0, 1775052360], [130.399379, 33.591493, 0, 1775052480], [130.390946, 33.589134, 0, 1775052600], [130.378844, 33.590081, 0, 1775052720], [130.370443, 33.590278, 0, 1775052780], [130.359714, 33.583726, 0, 1775052900]]}}, {"type": "Feature", "properties": {"trip_id": "空港線_平日_1_120", "route_id": "空港線", "route_color": "#f7931d", "route_type": "1", "trip_headsign": "筑前前原"}, "geometry": {"type": "LineString", "coordinates": [[130.448549, 33.597052, 0, 1775052420], [130.431265, 33.589956, 0, 1775052600], [130.420616, 33.59013, 0, 1775052720], [130.414656, 33.594156, 0, 1775052840], [130.405988, 33.59438, 0, 1775052960], [130.399379, 33.591493, 0, 1775053080], [130.390946, 33.589134, 0, 1775053200], [130.378844, 33.590081, 0, 1775053320], [130.370443, 33.590278, 0, 1775053440], [130.359714, 33.583726, 0, 1775053560], [130.348202, 33.581376, 0, 1775053680], [130.340145, 33.580947, 0, 1775053740], [130.325038, 33.583772, 0, 1775053920]]}}, {"type": "Feature", "properties": {"trip_id": "空港線_平日_1_121", "route_id": "空港線", "route_color": "#f7931d", "route_type": "1", "trip_headsign": "姪浜"}, "geometry": {"type": "LineString", "coordinates": [[130.448549, 33.597052, 0, 1775052840], [130.431265, 33.589956, 0, 1775053020], [130.420616, 33.59013, 0, 1775053200], [130.414656, 33.594156, 0, 1775053320], [130.405988, 33.59438, 0, 1775053440], [130.399379, 33.591493, 0, 1775053560], [130.390946, 33.589134, 0, 1775053680], [130.378844, 33.590081, 0, 1775053800], [130.370443, 33.590278, 0, 1775053920], [130.359714, 33.583726, 0, 1775054040], [130.348202, 33.581376, 0, 1775054160], [130.340145, 33.580947, 0, 1775054280], [130.325038, 33.583772, 0, 1775054400]]}}, {"type": "Feature", "properties": {"trip_id": "空港線_平日_1_122", "route_id": "空港線", "route_color": "#f7931d", "route_type": "1", "trip_headsign": "西新"}, "geometry": {"type": "LineString", "coordinates": [[130.405988, 33.59438, 0, 1775053260], [130.399379, 33.591493, 0, 1775053380], [130.390946, 33.589134, 0, 1775053500], [130.378844, 33.590081, 0, 1775053620], [130.370443, 33.590278, 0, 1775053740], [130.359714, 33.583726, 0, 1775053800]]}}, {"type": "Feature", "properties": {"trip_id": "空港線_平日_1_123", "route_id": "空港線", "route_color": "#f7931d", "route_type": "1", "trip_headsign": "筑前前原"}, "geometry": {"type": "LineString", "coordinates": [[130.448549, 33.597052, 0, 1775053320], [130.431265, 33.589956, 0, 1775053500], [130.420616, 33.59013, 0, 1775053620], [130.414656, 33.594156, 0, 1775053740], [130.405988, 33.59438, 0, 1775053860], [130.399379, 33.591493, 0, 1775053980], [130.390946, 33.589134, 0, 1775054100], [130.378844, 33.590081, 0, 1775054220], [130.370443, 33.590278, 0, 1775054340], [130.359714, 33.583726, 0, 1775054460], [130.348202, 33.581376, 0, 1775054580], [130.340145, 33.580947, 0, 1775054640], [130.325038, 33.583772, 0, 1775054820]]}}, {"type": "Feature", "properties": {"trip_id": "空港線_平日_1_124", "route_id": "空港線", "route_color": "#f7931d", "route_type": "1", "trip_headsign": "姪浜"}, "geometry": {"type": "LineString", "coordinates": [[130.448549, 33.597052, 0, 1775053800], [130.431265, 33.589956, 0, 1775053980], [130.420616, 33.59013, 0, 1775054160], [130.414656, 33.594156, 0, 1775054220], [130.405988, 33.59438, 0, 1775054340], [130.399379, 33.591493, 0, 1775054520], [130.390946, 33.589134, 0, 1775054640], [130.378844, 33.590081, 0, 1775054760], [130.370443, 33.590278, 0, 1775054820], [130.359714, 33.583726, 0, 1775055000], [130.348202, 33.581376, 0, 1775055120], [130.340145, 33.580947, 0, 1775055180], [130.325038, 33.583772, 0, 1775055300]]}}, {"type": "Feature", "properties": {"trip_id": "空港線_平日_1_125", "route_id": "空港線", "route_color": "#f7931d", "route_type": "1", "trip_headsign": "西新"}, "geometry": {"type": "LineString", "coordinates": [[130.405988, 33.59438, 0, 1775054220], [130.399379, 33.591493, 0, 1775054340], [130.390946, 33.589134, 0, 1775054460], [130.378844, 33.590081, 0, 1775054520], [130.370443, 33.590278, 0, 1775054640], [130.359714, 33.583726, 0, 1775054760]]}}, {"type": "Feature", "properties": {"trip_id": "空港線_平日_1_126", "route_id": "空港線", "route_color": "#f7931d", "route_type": "1", "trip_headsign": "筑前前原"}, "geometry": {"type": "LineString", "coordinates": [[130.448549, 33.597052, 0, 1775054220], [130.431265, 33.589956, 0, 1775054400], [130.420616, 33.59013, 0, 1775054520], [130.414656, 33.594156, 0, 1775054640], [130.405988, 33.59438, 0, 1775054760], [130.399379, 33.591493, 0, 1775054880], [130.390946, 33.589134, 0, 1775055000], [130.378844, 33.590081, 0, 1775055120], [130.370443, 33.590278, 0, 1775055240], [130.359714, 33.583726, 0, 1775055360], [130.348202, 33.581376, 0, 1775055480], [130.340145, 33.580947, 0, 1775055540], [130.325038, 33.583772, 0, 1775055720]]}}, {"type": "Feature", "properties": {"trip_id": "空港線_平日_1_127", "route_id": "空港線", "route_color": "#f7931d", "route_type": "1", "trip_headsign": "姪浜"}, "geometry": {"type": "LineString", "coordinates": [[130.448549, 33.597052, 0, 1775054640], [130.431265, 33.589956, 0, 1775054820], [130.420616, 33.59013, 0, 1775055000], [130.414656, 33.594156, 0, 1775055120], [130.405988, 33.59438, 0, 1775055240], [130.399379, 33.591493, 0, 1775055360], [130.390946, 33.589134, 0, 1775055480], [130.378844, 33.590081, 0, 1775055600], [130.370443, 33.590278, 0, 1775055660], [130.359714, 33.583726, 0, 1775055840], [130.348202, 33.581376, 0, 1775055900], [130.340145, 33.580947, 0, 1775056020], [130.325038, 33.583772, 0, 1775056140]]}}, {"type": "Feature", "properties": {"trip_id": "空港線_平日_1_128", "route_id": "空港線", "route_color": "#f7931d", "route_type": "1", "trip_headsign": "西新"}, "geometry": {"type": "LineString", "coordinates": [[130.405988, 33.59438, 0, 1775055000], [130.399379, 33.591493, 0, 1775055120], [130.390946, 33.589134, 0, 1775055240], [130.378844, 33.590081, 0, 1775055360], [130.370443, 33.590278, 0, 1775055480], [130.359714, 33.583726, 0, 1775055600]]}}, {"type": "Feature", "properties": {"trip_id": "空港線_平日_1_129", "route_id": "空港線", "route_color": "#f7931d", "route_type": "1", "trip_headsign": "筑前前原"}, "geometry": {"type": "LineString", "coordinates": [[130.448549, 33.597052, 0, 1775055060], [130.431265, 33.589956, 0, 1775055240], [130.420616, 33.59013, 0, 1775055360], [130.414656, 33.594156, 0, 1775055480], [130.405988, 33.59438, 0, 1775055600], [130.399379, 33.591493, 0, 1775055720], [130.390946, 33.589134, 0, 1775055840], [130.378844, 33.590081, 0, 1775055960], [130.370443, 33.590278, 0, 1775056080], [130.359714, 33.583726, 0, 1775056200], [130.348202, 33.581376, 0, 1775056320], [130.340145, 33.580947, 0, 1775056380], [130.325038, 33.583772, 0, 1775056560]]}}, {"type": "Feature", "properties": {"trip_id": "空港線_平日_1_130", "route_id": "空港線", "route_color": "#f7931d", "route_type": "1", "trip_headsign": "姪浜"}, "geometry": {"type": "LineString", "coordinates": [[130.448549, 33.597052, 0, 1775055540], [130.431265, 33.589956, 0, 1775055720], [130.420616, 33.59013, 0, 1775055900], [130.414656, 33.594156, 0, 1775055960], [130.405988, 33.59438, 0, 1775056080], [130.399379, 33.591493, 0, 1775056260], [130.390946, 33.589134, 0, 1775056380], [130.378844, 33.590081, 0, 1775056500], [130.370443, 33.590278, 0, 1775056560], [130.359714, 33.583726, 0, 1775056680], [130.348202, 33.581376, 0, 1775056800], [130.340145, 33.580947, 0, 1775056920], [130.325038, 33.583772, 0, 1775057040]]}}, {"type": "Feature", "properties": {"trip_id": "空港線_平日_1_131", "route_id": "空港線", "route_color": "#f7931d", "route_type": "1", "trip_headsign": "西新"}, "geometry": {"type": "LineString", "coordinates": [[130.405988, 33.59438, 0, 1775055900], [130.399379, 33.591493, 0, 1775056020], [130.390946, 33.589134, 0, 1775056140], [130.378844, 33.590081, 0, 1775056260], [130.370443, 33.590278, 0, 1775056380], [130.359714, 33.583726, 0, 1775056500]]}}, {"type": "Feature", "properties": {"trip_id": "空港線_平日_1_132", "route_id": "空港線", "route_color": "#f7931d", "route_type": "1", "trip_headsign": "筑前前原"}, "geometry": {"type": "LineString", "coordinates": [[130.448549, 33.597052, 0, 1775055960], [130.431265, 33.589956, 0, 1775056140], [130.420616, 33.59013, 0, 1775056320], [130.414656, 33.594156, 0, 1775056440], [130.405988, 33.59438, 0, 1775056560], [130.399379, 33.591493, 0, 1775056680], [130.390946, 33.589134, 0, 1775056800], [130.378844, 33.590081, 0, 1775056860], [130.370443, 33.590278, 0, 1775056980], [130.359714, 33.583726, 0, 1775057100], [130.348202, 33.581376, 0, 1775057220], [130.340145, 33.580947, 0, 1775057340], [130.325038, 33.583772, 0, 1775057460]]}}, {"type": "Feature", "properties": {"trip_id": "空港線_平日_1_133", "route_id": "空港線", "route_color": "#f7931d", "route_type": "1", "trip_headsign": "姪浜"}, "geometry": {"type": "LineString", "coordinates": [[130.448549, 33.597052, 0, 1775056440], [130.431265, 33.589956, 0, 1775056620], [130.420616, 33.59013, 0, 1775056800], [130.414656, 33.594156, 0, 1775056920], [130.405988, 33.59438, 0, 1775057040], [130.399379, 33.591493, 0, 1775057160], [130.390946, 33.589134, 0, 1775057280], [130.378844, 33.590081, 0, 1775057400], [130.370443, 33.590278, 0, 1775057520], [130.359714, 33.583726, 0, 1775057640], [130.348202, 33.581376, 0, 1775057760], [130.340145, 33.580947, 0, 1775057820], [130.325038, 33.583772, 0, 1775058000]]}}, {"type": "Feature", "properties": {"trip_id": "空港線_平日_1_134", "route_id": "空港線", "route_color": "#f7931d", "route_type": "1", "trip_headsign": "西新"}, "geometry": {"type": "LineString", "coordinates": [[130.405988, 33.59438, 0, 1775056800], [130.399379, 33.591493, 0, 1775056920], [130.390946, 33.589134, 0, 1775057040], [130.378844, 33.590081, 0, 1775057160], [130.370443, 33.590278, 0, 1775057280], [130.359714, 33.583726, 0, 1775057400]]}}, {"type": "Feature", "properties": {"trip_id": "空港線_平日_1_135", "route_id": "空港線", "route_color": "#f7931d", "route_type": "1", "trip_headsign": "筑前前原"}, "geometry": {"type": "LineString", "coordinates": [[130.448549, 33.597052, 0, 1775056860], [130.431265, 33.589956, 0, 1775057040], [130.420616, 33.59013, 0, 1775057220], [130.414656, 33.594156, 0, 1775057340], [130.405988, 33.59438, 0, 1775057460], [130.399379, 33.591493, 0, 1775057580], [130.390946, 33.589134, 0, 1775057700], [130.378844, 33.590081, 0, 1775057760], [130.370443, 33.590278, 0, 1775057880], [130.359714, 33.583726, 0, 1775058000], [130.348202, 33.581376, 0, 1775058120], [130.340145, 33.580947, 0, 1775058240], [130.325038, 33.583772, 0, 1775058360]]}}, {"type": "Feature", "properties": {"trip_id": "空港線_平日_1_136", "route_id": "空港線", "route_color": "#f7931d", "route_type": "1", "trip_headsign": "姪浜"}, "geometry": {"type": "LineString", "coordinates": [[130.448549, 33.597052, 0, 1775057340], [130.431265, 33.589956, 0, 1775057520], [130.420616, 33.59013, 0, 1775057700], [130.414656, 33.594156, 0, 1775057820], [130.405988, 33.59438, 0, 1775057940], [130.399379, 33.591493, 0, 1775058060], [130.390946, 33.589134, 0, 1775058180], [130.378844, 33.590081, 0, 1775058300], [130.370443, 33.590278, 0, 1775058420], [130.359714, 33.583726, 0, 1775058540], [130.348202, 33.581376, 0, 1775058660], [130.340145, 33.580947, 0, 1775058720], [130.325038, 33.583772, 0, 1775058840]]}}, {"type": "Feature", "properties": {"trip_id": "空港線_平日_1_137", "route_id": "空港線", "route_color": "#f7931d", "route_type": "1", "trip_headsign": "西新"}, "geometry": {"type": "LineString", "coordinates": [[130.405988, 33.59438, 0, 1775057760], [130.399379, 33.591493, 0, 1775057880], [130.390946, 33.589134, 0, 1775058000], [130.378844, 33.590081, 0, 1775058120], [130.370443, 33.590278, 0, 1775058180], [130.359714, 33.583726, 0, 1775058300]]}}, {"type": "Feature", "properties": {"trip_id": "空港線_平日_1_138", "route_id": "空港線", "route_color": "#f7931d", "route_type": "1", "trip_headsign": "筑前前原"}, "geometry": {"type": "LineString", "coordinates": [[130.448549, 33.597052, 0, 1775057820], [130.431265, 33.589956, 0, 1775058000], [130.420616, 33.59013, 0, 1775058120], [130.414656, 33.594156, 0, 1775058240], [130.405988, 33.59438, 0, 1775058360], [130.399379, 33.591493, 0, 1775058480], [130.390946, 33.589134, 0, 1775058600], [130.378844, 33.590081, 0, 1775058720], [130.370443, 33.590278, 0, 1775058840], [130.359714, 33.583726, 0, 1775058960], [130.348202, 33.581376, 0, 1775059080], [130.340145, 33.580947, 0, 1775059140], [130.325038, 33.583772, 0, 1775059320]]}}, {"type": "Feature", "properties": {"trip_id": "空港線_平日_1_139", "route_id": "空港線", "route_color": "#f7931d", "route_type": "1", "trip_headsign": "姪浜"}, "geometry": {"type": "LineString", "coordinates": [[130.448549, 33.597052, 0, 1775058240], [130.431265, 33.589956, 0, 1775058420], [130.420616, 33.59013, 0, 1775058600], [130.414656, 33.594156, 0, 1775058660], [130.405988, 33.59438, 0, 1775058780], [130.399379, 33.591493, 0, 1775058900], [130.390946, 33.589134, 0, 1775059020], [130.378844, 33.590081, 0, 1775059140], [130.370443, 33.590278, 0, 1775059260], [130.359714, 33.583726, 0, 1775059380], [130.348202, 33.581376, 0, 1775059500], [130.340145, 33.580947, 0, 1775059620], [130.325038, 33.583772, 0, 1775059740]]}}, {"type": "Feature", "properties": {"trip_id": "空港線_平日_1_140", "route_id": "空港線", "route_color": "#f7931d", "route_type": "1", "trip_headsign": "姪浜"}, "geometry": {"type": "LineString", "coordinates": [[130.405988, 33.59438, 0, 1775058600], [130.399379, 33.591493, 0, 1775058720], [130.390946, 33.589134, 0, 1775058840], [130.378844, 33.590081, 0, 1775058960], [130.370443, 33.590278, 0, 1775059080], [130.359714, 33.583726, 0, 1775059200], [130.348202, 33.581376, 0, 1775059320], [130.340145, 33.580947, 0, 1775059440], [130.325038, 33.583772, 0, 1775059560]]}}, {"type": "Feature", "properties": {"trip_id": "空港線_平日_1_141", "route_id": "空港線", "route_color": "#f7931d", "route_type": "1", "trip_headsign": "筑前前原"}, "geometry": {"type": "LineString", "coordinates": [[130.448549, 33.597052, 0, 1775058660], [130.431265, 33.589956, 0, 1775058840], [130.420616, 33.59013, 0, 1775059020], [130.414656, 33.594156, 0, 1775059080], [130.405988, 33.59438, 0, 1775059200], [130.399379, 33.591493, 0, 1775059320], [130.390946, 33.589134, 0, 1775059440], [130.378844, 33.590081, 0, 1775059560], [130.370443, 33.590278, 0, 1775059680], [130.359714, 33.583726, 0, 1775059800], [130.348202, 33.581376, 0, 1775059920], [130.340145, 33.580947, 0, 1775060040], [130.325038, 33.583772, 0, 1775060160]]}}, {"type": "Feature", "properties": {"trip_id": "空港線_平日_1_142", "route_id": "空港線", "route_color": "#f7931d", "route_type": "1", "trip_headsign": "姪浜"}, "geometry": {"type": "LineString", "coordinates": [[130.448549, 33.597052, 0, 1775059200], [130.431265, 33.589956, 0, 1775059380], [130.420616, 33.59013, 0, 1775059560], [130.414656, 33.594156, 0, 1775059680], [130.405988, 33.59438, 0, 1775059800], [130.399379, 33.591493, 0, 1775059920], [130.390946, 33.589134, 0, 1775060040], [130.378844, 33.590081, 0, 1775060160], [130.370443, 33.590278, 0, 1775060220], [130.359714, 33.583726, 0, 1775060340], [130.348202, 33.581376, 0, 1775060460], [130.340145, 33.580947, 0, 1775060580], [130.325038, 33.583772, 0, 1775060700]]}}, {"type": "Feature", "properties": {"trip_id": "空港線_平日_1_143", "route_id": "空港線", "route_color": "#f7931d", "route_type": "1", "trip_headsign": "筑前前原"}, "geometry": {"type": "LineString", "coordinates": [[130.448549, 33.597052, 0, 1775059560], [130.431265, 33.589956, 0, 1775059740], [130.420616, 33.59013, 0, 1775059920], [130.414656, 33.594156, 0, 1775060040], [130.405988, 33.59438, 0, 1775060160], [130.399379, 33.591493, 0, 1775060280], [130.390946, 33.589134, 0, 1775060400], [130.378844, 33.590081, 0, 1775060520], [130.370443, 33.590278, 0, 1775060580], [130.359714, 33.583726, 0, 1775060760], [130.348202, 33.581376, 0, 1775060880], [130.340145, 33.580947, 0, 1775060940], [130.325038, 33.583772, 0, 1775061060]]}}, {"type": "Feature", "properties": {"trip_id": "空港線_平日_1_144", "route_id": "空港線", "route_color": "#f7931d", "route_type": "1", "trip_headsign": "姪浜"}, "geometry": {"type": "LineString", "coordinates": [[130.405988, 33.59438, 0, 1775059620], [130.399379, 33.591493, 0, 1775059740], [130.390946, 33.589134, 0, 1775059860], [130.378844, 33.590081, 0, 1775059920], [130.370443, 33.590278, 0, 1775060040], [130.359714, 33.583726, 0, 1775060160], [130.348202, 33.581376, 0, 1775060280], [130.340145, 33.580947, 0, 1775060400], [130.325038, 33.583772, 0, 1775060520]]}}, {"type": "Feature", "properties": {"trip_id": "空港線_平日_1_145", "route_id": "空港線", "route_color": "#f7931d", "route_type": "1", "trip_headsign": "姪浜"}, "geometry": {"type": "LineString", "coordinates": [[130.448549, 33.597052, 0, 1775060100], [130.431265, 33.589956, 0, 1775060280], [130.420616, 33.59013, 0, 1775060400], [130.414656, 33.594156, 0, 1775060520], [130.405988, 33.59438, 0, 1775060640], [130.399379, 33.591493, 0, 1775060760], [130.390946, 33.589134, 0, 1775060880], [130.378844, 33.590081, 0, 1775061000], [130.370443, 33.590278, 0, 1775061120], [130.359714, 33.583726, 0, 1775061240], [130.348202, 33.581376, 0, 1775061360], [130.340145, 33.580947, 0, 1775061420], [130.325038, 33.583772, 0, 1775061540]]}}, {"type": "Feature", "properties": {"trip_id": "空港線_平日_1_146", "route_id": "空港線", "route_color": "#f7931d", "route_type": "1", "trip_headsign": "姪浜"}, "geometry": {"type": "LineString", "coordinates": [[130.405988, 33.59438, 0, 1775060460], [130.399379, 33.591493, 0, 1775060580], [130.390946, 33.589134, 0, 1775060700], [130.378844, 33.590081, 0, 1775060820], [130.370443, 33.590278, 0, 1775060940], [130.359714, 33.583726, 0, 1775061060], [130.348202, 33.581376, 0, 1775061180], [130.340145, 33.580947, 0, 1775061300], [130.325038, 33.583772, 0, 1775061420]]}}, {"type": "Feature", "properties": {"trip_id": "空港線_平日_1_147", "route_id": "空港線", "route_color": "#f7931d", "route_type": "1", "trip_headsign": "筑前前原"}, "geometry": {"type": "LineString", "coordinates": [[130.448549, 33.597052, 0, 1775060520], [130.431265, 33.589956, 0, 1775060700], [130.420616, 33.59013, 0, 1775060820], [130.414656, 33.594156, 0, 1775060940], [130.405988, 33.59438, 0, 1775061060], [130.399379, 33.591493, 0, 1775061180], [130.390946, 33.589134, 0, 1775061300], [130.378844, 33.590081, 0, 1775061420], [130.370443, 33.590278, 0, 1775061540], [130.359714, 33.583726, 0, 1775061660], [130.348202, 33.581376, 0, 1775061780], [130.340145, 33.580947, 0, 1775061840], [130.325038, 33.583772, 0, 1775062020]]}}, {"type": "Feature", "properties": {"trip_id": "空港線_平日_1_148", "route_id": "空港線", "route_color": "#f7931d", "route_type": "1", "trip_headsign": "姪浜"}, "geometry": {"type": "LineString", "coordinates": [[130.448549, 33.597052, 0, 1775060940], [130.431265, 33.589956, 0, 1775061120], [130.420616, 33.59013, 0, 1775061300], [130.414656, 33.594156, 0, 1775061420], [130.405988, 33.59438, 0, 1775061540], [130.399379, 33.591493, 0, 1775061660], [130.390946, 33.589134, 0, 1775061780], [130.378844, 33.590081, 0, 1775061900], [130.370443, 33.590278, 0, 1775061960], [130.359714, 33.583726, 0, 1775062140], [130.348202, 33.581376, 0, 1775062200], [130.340145, 33.580947, 0, 1775062320], [130.325038, 33.583772, 0, 1775062440]]}}, {"type": "Feature", "properties": {"trip_id": "空港線_平日_1_149", "route_id": "空港線", "route_color": "#f7931d", "route_type": "1", "trip_headsign": "姪浜"}, "geometry": {"type": "LineString", "coordinates": [[130.405988, 33.59438, 0, 1775061360], [130.399379, 33.591493, 0, 1775061480], [130.390946, 33.589134, 0, 1775061600], [130.378844, 33.590081, 0, 1775061720], [130.370443, 33.590278, 0, 1775061840], [130.359714, 33.583726, 0, 1775061960], [130.348202, 33.581376, 0, 1775062080], [130.340145, 33.580947, 0, 1775062200], [130.325038, 33.583772, 0, 1775062320]]}}, {"type": "Feature", "properties": {"trip_id": "空港線_平日_1_150", "route_id": "空港線", "route_color": "#f7931d", "route_type": "1", "trip_headsign": "筑前深江"}, "geometry": {"type": "LineString", "coordinates": [[130.448549, 33.597052, 0, 1775061420], [130.431265, 33.589956, 0, 1775061600], [130.420616, 33.59013, 0, 1775061780], [130.414656, 33.594156, 0, 1775061900], [130.405988, 33.59438, 0, 1775062020], [130.399379, 33.591493, 0, 1775062140], [130.390946, 33.589134, 0, 1775062260], [130.378844, 33.590081, 0, 1775062320], [130.370443, 33.590278, 0, 1775062440], [130.359714, 33.583726, 0, 1775062560], [130.348202, 33.581376, 0, 1775062680], [130.340145, 33.580947, 0, 1775062800], [130.325038, 33.583772, 0, 1775062920]]}}, {"type": "Feature", "properties": {"trip_id": "空港線_平日_1_151", "route_id": "空港線", "route_color": "#f7931d", "route_type": "1", "trip_headsign": "姪浜"}, "geometry": {"type": "LineString", "coordinates": [[130.448549, 33.597052, 0, 1775061780], [130.431265, 33.589956, 0, 1775061960], [130.420616, 33.59013, 0, 1775062140], [130.414656, 33.594156, 0, 1775062260], [130.405988, 33.59438, 0, 1775062380], [130.399379, 33.591493, 0, 1775062500], [130.390946, 33.589134, 0, 1775062620], [130.378844, 33.590081, 0, 1775062680], [130.370443, 33.590278, 0, 1775062800], [130.359714, 33.583726, 0, 1775062920], [130.348202, 33.581376, 0, 1775063040], [130.340145, 33.580947, 0, 1775063160], [130.325038, 33.583772, 0, 1775063280]]}}, {"type": "Feature", "properties": {"trip_id": "空港線_平日_1_152", "route_id": "空港線", "route_color": "#f7931d", "route_type": "1", "trip_headsign": "姪浜"}, "geometry": {"type": "LineString", "coordinates": [[130.405988, 33.59438, 0, 1775061840], [130.399379, 33.591493, 0, 1775061960], [130.390946, 33.589134, 0, 1775062080], [130.378844, 33.590081, 0, 1775062200], [130.370443, 33.590278, 0, 1775062260], [130.359714, 33.583726, 0, 1775062440], [130.348202, 33.581376, 0, 1775062560], [130.340145, 33.580947, 0, 1775062620], [130.325038, 33.583772, 0, 1775062740]]}}, {"type": "Feature", "properties": {"trip_id": "空港線_平日_1_153", "route_id": "空港線", "route_color": "#f7931d", "route_type": "1", "trip_headsign": "姪浜"}, "geometry": {"type": "LineString", "coordinates": [[130.448549, 33.597052, 0, 1775062140], [130.431265, 33.589956, 0, 1775062320], [130.420616, 33.59013, 0, 1775062500], [130.414656, 33.594156, 0, 1775062620], [130.405988, 33.59438, 0, 1775062740], [130.399379, 33.591493, 0, 1775062860], [130.390946, 33.589134, 0, 1775062980], [130.378844, 33.590081, 0, 1775063100], [130.370443, 33.590278, 0, 1775063220], [130.359714, 33.583726, 0, 1775063340], [130.348202, 33.581376, 0, 1775063460], [130.340145, 33.580947, 0, 1775063520], [130.325038, 33.583772, 0, 1775063640]]}}, {"type": "Feature", "properties": {"trip_id": "空港線_平日_1_154", "route_id": "空港線", "route_color": "#f7931d", "route_type": "1", "trip_headsign": "西唐津"}, "geometry": {"type": "LineString", "coordinates": [[130.448549, 33.597052, 0, 1775062500], [130.431265, 33.589956, 0, 1775062680], [130.420616, 33.59013, 0, 1775062860], [130.414656, 33.594156, 0, 1775062920], [130.405988, 33.59438, 0, 1775063040], [130.399379, 33.591493, 0, 1775063220], [130.390946, 33.589134, 0, 1775063340], [130.378844, 33.590081, 0, 1775063460], [130.370443, 33.590278, 0, 1775063520], [130.359714, 33.583726, 0, 1775063700], [130.348202, 33.581376, 0, 1775063820], [130.340145, 33.580947, 0, 1775063880], [130.325038, 33.583772, 0, 1775064000]]}}, {"type": "Feature", "properties": {"trip_id": "空港線_平日_1_155", "route_id": "空港線", "route_color": "#f7931d", "route_type": "1", "trip_headsign": "姪浜"}, "geometry": {"type": "LineString", "coordinates": [[130.448549, 33.597052, 0, 1775062800], [130.431265, 33.589956, 0, 1775062980], [130.420616, 33.59013, 0, 1775063160], [130.414656, 33.594156, 0, 1775063280], [130.405988, 33.59438, 0, 1775063400], [130.399379, 33.591493, 0, 1775063520], [130.390946, 33.589134, 0, 1775063640], [130.378844, 33.590081, 0, 1775063760], [130.370443, 33.590278, 0, 1775063820], [130.359714, 33.583726, 0, 1775064000], [130.348202, 33.581376, 0, 1775064060], [130.340145, 33.580947, 0, 1775064180], [130.325038, 33.583772, 0, 1775064300]]}}, {"type": "Feature", "properties": {"trip_id": "空港線_平日_1_156", "route_id": "空港線", "route_color": "#f7931d", "route_type": "1", "trip_headsign": "姪浜"}, "geometry": {"type": "LineString", "coordinates": [[130.448549, 33.597052, 0, 1775063100], [130.431265, 33.589956, 0, 1775063280], [130.420616, 33.59013, 0, 1775063460], [130.414656, 33.594156, 0, 1775063580], [130.405988, 33.59438, 0, 1775063700], [130.399379, 33.591493, 0, 1775063820], [130.390946, 33.589134, 0, 1775063940], [130.378844, 33.590081, 0, 1775064060], [130.370443, 33.590278, 0, 1775064180], [130.359714, 33.583726, 0, 1775064300], [130.348202, 33.581376, 0, 1775064420], [130.340145, 33.580947, 0, 1775064540], [130.325038, 33.583772, 0, 1775064660]]}}, {"type": "Feature", "properties": {"trip_id": "空港線_平日_1_157", "route_id": "空港線", "route_color": "#f7931d", "route_type": "1", "trip_headsign": "筑前前原"}, "geometry": {"type": "LineString", "coordinates": [[130.448549, 33.597052, 0, 1775063340], [130.431265, 33.589956, 0, 1775063520], [130.420616, 33.59013, 0, 1775063700], [130.414656, 33.594156, 0, 1775063820], [130.405988, 33.59438, 0, 1775063940], [130.399379, 33.591493, 0, 1775064060], [130.390946, 33.589134, 0, 1775064180], [130.378844, 33.590081, 0, 1775064300], [130.370443, 33.590278, 0, 1775064420], [130.359714, 33.583726, 0, 1775064540], [130.348202, 33.581376, 0, 1775064660], [130.340145, 33.580947, 0, 1775064780], [130.325038, 33.583772, 0, 1775064900]]}}, {"type": "Feature", "properties": {"trip_id": "空港線_平日_1_158", "route_id": "空港線", "route_color": "#f7931d", "route_type": "1", "trip_headsign": "姪浜"}, "geometry": {"type": "LineString", "coordinates": [[130.405988, 33.59438, 0, 1775063520], [130.399379, 33.591493, 0, 1775063640], [130.390946, 33.589134, 0, 1775063760], [130.378844, 33.590081, 0, 1775063880], [130.370443, 33.590278, 0, 1775064000], [130.359714, 33.583726, 0, 1775064120], [130.348202, 33.581376, 0, 1775064240], [130.340145, 33.580947, 0, 1775064360], [130.325038, 33.583772, 0, 1775064480]]}}, {"type": "Feature", "properties": {"trip_id": "空港線_平日_1_159", "route_id": "空港線", "route_color": "#f7931d", "route_type": "1", "trip_headsign": "姪浜"}, "geometry": {"type": "LineString", "coordinates": [[130.448549, 33.597052, 0, 1775063640], [130.431265, 33.589956, 0, 1775063820], [130.420616, 33.59013, 0, 1775064000], [130.414656, 33.594156, 0, 1775064120], [130.405988, 33.59438, 0, 1775064240], [130.399379, 33.591493, 0, 1775064360], [130.390946, 33.589134, 0, 1775064480], [130.378844, 33.590081, 0, 1775064600], [130.370443, 33.590278, 0, 1775064720], [130.359714, 33.583726, 0, 1775064840], [130.348202, 33.581376, 0, 1775064960], [130.340145, 33.580947, 0, 1775065080], [130.325038, 33.583772, 0, 1775065200]]}}, {"type": "Feature", "properties": {"trip_id": "空港線_平日_1_160", "route_id": "空港線", "route_color": "#f7931d", "route_type": "1", "trip_headsign": "姪浜"}, "geometry": {"type": "LineString", "coordinates": [[130.448549, 33.597052, 0, 1775063940], [130.431265, 33.589956, 0, 1775064060], [130.420616, 33.59013, 0, 1775064300], [130.414656, 33.594156, 0, 1775064360], [130.405988, 33.59438, 0, 1775064480], [130.399379, 33.591493, 0, 1775064660], [130.390946, 33.589134, 0, 1775064780], [130.378844, 33.590081, 0, 1775064900], [130.370443, 33.590278, 0, 1775064960], [130.359714, 33.583726, 0, 1775065140], [130.348202, 33.581376, 0, 1775065260], [130.340145, 33.580947, 0, 1775065380], [130.325038, 33.583772, 0, 1775065500]]}}, {"type": "Feature", "properties": {"trip_id": "空港線_平日_1_161", "route_id": "空港線", "route_color": "#f7931d", "route_type": "1", "trip_headsign": "姪浜"}, "geometry": {"type": "LineString", "coordinates": [[130.405988, 33.59438, 0, 1775064060], [130.399379, 33.591493, 0, 1775064240], [130.390946, 33.589134, 0, 1775064360], [130.378844, 33.590081, 0, 1775064480], [130.370443, 33.590278, 0, 1775064600], [130.359714, 33.583726, 0, 1775064720], [130.348202, 33.581376, 0, 1775064840], [130.340145, 33.580947, 0, 1775064960], [130.325038, 33.583772, 0, 1775065080]]}}, {"type": "Feature", "properties": {"trip_id": "空港線_平日_1_162", "route_id": "空港線", "route_color": "#f7931d", "route_type": "1", "trip_headsign": "筑前前原"}, "geometry": {"type": "LineString", "coordinates": [[130.448549, 33.597052, 0, 1775064180], [130.431265, 33.589956, 0, 1775064360], [130.420616, 33.59013, 0, 1775064540], [130.414656, 33.594156, 0, 1775064660], [130.405988, 33.59438, 0, 1775064780], [130.399379, 33.591493, 0, 1775064900], [130.390946, 33.589134, 0, 1775065080], [130.378844, 33.590081, 0, 1775065200], [130.370443, 33.590278, 0, 1775065260], [130.359714, 33.583726, 0, 1775065440], [130.348202, 33.581376, 0, 1775065560], [130.340145, 33.580947, 0, 1775065680], [130.325038, 33.583772, 0, 1775065800]]}}, {"type": "Feature", "properties": {"trip_id": "空港線_平日_1_163", "route_id": "空港線", "route_color": "#f7931d", "route_type": "1", "trip_headsign": "姪浜"}, "geometry": {"type": "LineString", "coordinates": [[130.448549, 33.597052, 0, 1775064480], [130.431265, 33.589956, 0, 1775064660], [130.420616, 33.59013, 0, 1775064840], [130.414656, 33.594156, 0, 1775064960], [130.405988, 33.59438, 0, 1775065080], [130.399379, 33.591493, 0, 1775065260], [130.390946, 33.589134, 0, 1775065380], [130.378844, 33.590081, 0, 1775065500], [130.370443, 33.590278, 0, 1775065620], [130.359714, 33.583726, 0, 1775065740], [130.348202, 33.581376, 0, 1775065860], [130.340145, 33.580947, 0, 1775065980], [130.325038, 33.583772, 0, 1775066100]]}}, {"type": "Feature", "properties": {"trip_id": "空港線_平日_1_164", "route_id": "空港線", "route_color": "#f7931d", "route_type": "1", "trip_headsign": "姪浜"}, "geometry": {"type": "LineString", "coordinates": [[130.448549, 33.597052, 0, 1775064780], [130.431265, 33.589956, 0, 1775064960], [130.420616, 33.59013, 0, 1775065140], [130.414656, 33.594156, 0, 1775065260], [130.405988, 33.59438, 0, 1775065380], [130.399379, 33.591493, 0, 1775065500], [130.390946, 33.589134, 0, 1775065680], [130.378844, 33.590081, 0, 1775065740], [130.370443, 33.590278, 0, 1775065860], [130.359714, 33.583726, 0, 1775066040], [130.348202, 33.581376, 0, 1775066160], [130.340145, 33.580947, 0, 1775066220], [130.325038, 33.583772, 0, 1775066340]]}}, {"type": "Feature", "properties": {"trip_id": "空港線_平日_1_165", "route_id": "空港線", "route_color": "#f7931d", "route_type": "1", "trip_headsign": "姪浜"}, "geometry": {"type": "LineString", "coordinates": [[130.405988, 33.59438, 0, 1775064960], [130.399379, 33.591493, 0, 1775065080], [130.390946, 33.589134, 0, 1775065200], [130.378844, 33.590081, 0, 1775065320], [130.370443, 33.590278, 0, 1775065440], [130.359714, 33.583726, 0, 1775065560], [130.348202, 33.581376, 0, 1775065740], [130.340145, 33.580947, 0, 1775065800], [130.325038, 33.583772, 0, 1775065920]]}}, {"type": "Feature", "properties": {"trip_id": "空港線_平日_1_166", "route_id": "空港線", "route_color": "#f7931d", "route_type": "1", "trip_headsign": "筑前前原"}, "geometry": {"type": "LineString", "coordinates": [[130.448549, 33.597052, 0, 1775065080], [130.431265, 33.589956, 0, 1775065260], [130.420616, 33.59013, 0, 1775065440], [130.414656, 33.594156, 0, 1775065500], [130.405988, 33.59438, 0, 1775065680], [130.399379, 33.591493, 0, 1775065800], [130.390946, 33.589134, 0, 1775065920], [130.378844, 33.590081, 0, 1775066040], [130.370443, 33.590278, 0, 1775066160], [130.359714, 33.583726, 0, 1775066280], [130.348202, 33.581376, 0, 1775066400], [130.340145, 33.580947, 0, 1775066520], [130.325038, 33.583772, 0, 1775066640]]}}, {"type": "Feature", "properties": {"trip_id": "空港線_平日_1_167", "route_id": "空港線", "route_color": "#f7931d", "route_type": "1", "trip_headsign": "姪浜"}, "geometry": {"type": "LineString", "coordinates": [[130.448549, 33.597052, 0, 1775065320], [130.431265, 33.589956, 0, 1775065500], [130.420616, 33.59013, 0, 1775065680], [130.414656, 33.594156, 0, 1775065740], [130.405988, 33.59438, 0, 1775065860], [130.399379, 33.591493, 0, 1775066040], [130.390946, 33.589134, 0, 1775066160], [130.378844, 33.590081, 0, 1775066280], [130.370443, 33.590278, 0, 1775066340], [130.359714, 33.583726, 0, 1775066520], [130.348202, 33.581376, 0, 1775066640], [130.340145, 33.580947, 0, 1775066700], [130.325038, 33.583772, 0, 1775066820]]}}, {"type": "Feature", "properties": {"trip_id": "空港線_平日_1_168", "route_id": "空港線", "route_color": "#f7931d", "route_type": "1", "trip_headsign": "姪浜"}, "geometry": {"type": "LineString", "coordinates": [[130.448549, 33.597052, 0, 1775065500], [130.431265, 33.589956, 0, 1775065680], [130.420616, 33.59013, 0, 1775065860], [130.414656, 33.594156, 0, 1775065980], [130.405988, 33.59438, 0, 1775066100], [130.399379, 33.591493, 0, 1775066220], [130.390946, 33.589134, 0, 1775066340], [130.378844, 33.590081, 0, 1775066460], [130.370443, 33.590278, 0, 1775066580], [130.359714, 33.583726, 0, 1775066700], [130.348202, 33.581376, 0, 1775066820], [130.340145, 33.580947, 0, 1775066880], [130.325038, 33.583772, 0, 1775067060]]}}, {"type": "Feature", "properties": {"trip_id": "空港線_平日_1_169", "route_id": "空港線", "route_color": "#f7931d", "route_type": "1", "trip_headsign": "姪浜"}, "geometry": {"type": "LineString", "coordinates": [[130.448549, 33.597052, 0, 1775065800], [130.431265, 33.589956, 0, 1775065980], [130.420616, 33.59013, 0, 1775066160], [130.414656, 33.594156, 0, 1775066280], [130.405988, 33.59438, 0, 1775066400], [130.399379, 33.591493, 0, 1775066580], [130.390946, 33.589134, 0, 1775066700], [130.378844, 33.590081, 0, 1775066820], [130.370443, 33.590278, 0, 1775066940], [130.359714, 33.583726, 0, 1775067060], [130.348202, 33.581376, 0, 1775067180], [130.340145, 33.580947, 0, 1775067300], [130.325038, 33.583772, 0, 1775067420]]}}, {"type": "Feature", "properties": {"trip_id": "空港線_平日_1_170", "route_id": "空港線", "route_color": "#f7931d", "route_type": "1", "trip_headsign": "西唐津"}, "geometry": {"type": "LineString", "coordinates": [[130.448549, 33.597052, 0, 1775066040], [130.431265, 33.589956, 0, 1775066220], [130.420616, 33.59013, 0, 1775066400], [130.414656, 33.594156, 0, 1775066520], [130.405988, 33.59438, 0, 1775066640], [130.399379, 33.591493, 0, 1775066760], [130.390946, 33.589134, 0, 1775066880], [130.378844, 33.590081, 0, 1775067000], [130.370443, 33.590278, 0, 1775067120], [130.359714, 33.583726, 0, 1775067240], [130.348202, 33.581376, 0, 1775067360], [130.340145, 33.580947, 0, 1775067420], [130.325038, 33.583772, 0, 1775067600]]}}, {"type": "Feature", "properties": {"trip_id": "空港線_平日_1_171", "route_id": "空港線", "route_color": "#f7931d", "route_type": "1", "trip_headsign": "姪浜"}, "geometry": {"type": "LineString", "coordinates": [[130.405988, 33.59438, 0, 1775066280], [130.399379, 33.591493, 0, 1775066400], [130.390946, 33.589134, 0, 1775066520], [130.378844, 33.590081, 0, 1775066640], [130.370443, 33.590278, 0, 1775066700], [130.359714, 33.583726, 0, 1775066880], [130.348202, 33.581376, 0, 1775067000], [130.340145, 33.580947, 0, 1775067060], [130.325038, 33.583772, 0, 1775067180]]}}, {"type": "Feature", "properties": {"trip_id": "空港線_平日_1_172", "route_id": "空港線", "route_color": "#f7931d", "route_type": "1", "trip_headsign": "姪浜"}, "geometry": {"type": "LineString", "coordinates": [[130.448549, 33.597052, 0, 1775066280], [130.431265, 33.589956, 0, 1775066460], [130.420616, 33.59013, 0, 1775066640], [130.414656, 33.594156, 0, 1775066760], [130.405988, 33.59438, 0, 1775066880], [130.399379, 33.591493, 0, 1775067000], [130.390946, 33.589134, 0, 1775067120], [130.378844, 33.590081, 0, 1775067240], [130.370443, 33.590278, 0, 1775067300], [130.359714, 33.583726, 0, 1775067480], [130.348202, 33.581376, 0, 1775067600], [130.340145, 33.580947, 0, 1775067660], [130.325038, 33.583772, 0, 1775067780]]}}, {"type": "Feature", "properties": {"trip_id": "空港線_平日_1_173", "route_id": "空港線", "route_color": "#f7931d", "route_type": "1", "trip_headsign": "姪浜"}, "geometry": {"type": "LineString", "coordinates": [[130.448549, 33.597052, 0, 1775066580], [130.431265, 33.589956, 0, 1775066760], [130.420616, 33.59013, 0, 1775066940], [130.414656, 33.594156, 0, 1775067060], [130.405988, 33.59438, 0, 1775067240], [130.399379, 33.591493, 0, 1775067360], [130.390946, 33.589134, 0, 1775067480], [130.378844, 33.590081, 0, 1775067600], [130.370443, 33.590278, 0, 1775067720], [130.359714, 33.583726, 0, 1775067840], [130.348202, 33.581376, 0, 1775067960], [130.340145, 33.580947, 0, 1775068080], [130.325038, 33.583772, 0, 1775068200]]}}, {"type": "Feature", "properties": {"trip_id": "空港線_平日_1_174", "route_id": "空港線", "route_color": "#f7931d", "route_type": "1", "trip_headsign": "筑前前原"}, "geometry": {"type": "LineString", "coordinates": [[130.448549, 33.597052, 0, 1775066820], [130.431265, 33.589956, 0, 1775067000], [130.420616, 33.59013, 0, 1775067180], [130.414656, 33.594156, 0, 1775067300], [130.405988, 33.59438, 0, 1775067420], [130.399379, 33.591493, 0, 1775067540], [130.390946, 33.589134, 0, 1775067660], [130.378844, 33.590081, 0, 1775067780], [130.370443, 33.590278, 0, 1775067900], [130.359714, 33.583726, 0, 1775068020], [130.348202, 33.581376, 0, 1775068140], [130.340145, 33.580947, 0, 1775068200], [130.325038, 33.583772, 0, 1775068380]]}}, {"type": "Feature", "properties": {"trip_id": "空港線_平日_1_175", "route_id": "空港線", "route_color": "#f7931d", "route_type": "1", "trip_headsign": "姪浜"}, "geometry": {"type": "LineString", "coordinates": [[130.405988, 33.59438, 0, 1775067000], [130.399379, 33.591493, 0, 1775067180], [130.390946, 33.589134, 0, 1775067300], [130.378844, 33.590081, 0, 1775067420], [130.370443, 33.590278, 0, 1775067480], [130.359714, 33.583726, 0, 1775067660], [130.348202, 33.581376, 0, 1775067780], [130.340145, 33.580947, 0, 1775067900], [130.325038, 33.583772, 0, 1775068020]]}}, {"type": "Feature", "properties": {"trip_id": "空港線_平日_1_176", "route_id": "空港線", "route_color": "#f7931d", "route_type": "1", "trip_headsign": "姪浜"}, "geometry": {"type": "LineString", "coordinates": [[130.448549, 33.597052, 0, 1775067060], [130.431265, 33.589956, 0, 1775067240], [130.420616, 33.59013, 0, 1775067420], [130.414656, 33.594156, 0, 1775067540], [130.405988, 33.59438, 0, 1775067660], [130.399379, 33.591493, 0, 1775067840], [130.390946, 33.589134, 0, 1775067960], [130.378844, 33.590081, 0, 1775068080], [130.370443, 33.590278, 0, 1775068140], [130.359714, 33.583726, 0, 1775068320], [130.348202, 33.581376, 0, 1775068440], [130.340145, 33.580947, 0, 1775068560], [130.325038, 33.583772, 0, 1775068680]]}}, {"type": "Feature", "properties": {"trip_id": "空港線_平日_1_177", "route_id": "空港線", "route_color": "#f7931d", "route_type": "1", "trip_headsign": "姪浜"}, "geometry": {"type": "LineString", "coordinates": [[130.448549, 33.597052, 0, 1775067300], [130.431265, 33.589956, 0, 1775067480], [130.420616, 33.59013, 0, 1775067660], [130.414656, 33.594156, 0, 1775067780], [130.405988, 33.59438, 0, 1775067900], [130.399379, 33.591493, 0, 1775068020], [130.390946, 33.589134, 0, 1775068140], [130.378844, 33.590081, 0, 1775068260], [130.370443, 33.590278, 0, 1775068380], [130.359714, 33.583726, 0, 1775068500], [130.348202, 33.581376, 0, 1775068620], [130.340145, 33.580947, 0, 1775068740], [130.325038, 33.583772, 0, 1775068860]]}}, {"type": "Feature", "properties": {"trip_id": "空港線_平日_1_178", "route_id": "空港線", "route_color": "#f7931d", "route_type": "1", "trip_headsign": "筑前前原"}, "geometry": {"type": "LineString", "coordinates": [[130.448549, 33.597052, 0, 1775067540], [130.431265, 33.589956, 0, 1775067720], [130.420616, 33.59013, 0, 1775067900], [130.414656, 33.594156, 0, 1775068020], [130.405988, 33.59438, 0, 1775068140], [130.399379, 33.591493, 0, 1775068260], [130.390946, 33.589134, 0, 1775068380], [130.378844, 33.590081, 0, 1775068500], [130.370443, 33.590278, 0, 1775068620], [130.359714, 33.583726, 0, 1775068740], [130.348202, 33.581376, 0, 1775068860], [130.340145, 33.580947, 0, 1775068980], [130.325038, 33.583772, 0, 1775069100]]}}, {"type": "Feature", "properties": {"trip_id": "空港線_平日_1_179", "route_id": "空港線", "route_color": "#f7931d", "route_type": "1", "trip_headsign": "姪浜"}, "geometry": {"type": "LineString", "coordinates": [[130.448549, 33.597052, 0, 1775067840], [130.431265, 33.589956, 0, 1775068020], [130.420616, 33.59013, 0, 1775068200], [130.414656, 33.594156, 0, 1775068320], [130.405988, 33.59438, 0, 1775068440], [130.399379, 33.591493, 0, 1775068620], [130.390946, 33.589134, 0, 1775068740], [130.378844, 33.590081, 0, 1775068860], [130.370443, 33.590278, 0, 1775068980], [130.359714, 33.583726, 0, 1775069100], [130.348202, 33.581376, 0, 1775069220], [130.340145, 33.580947, 0, 1775069340], [130.325038, 33.583772, 0, 1775069460]]}}, {"type": "Feature", "properties": {"trip_id": "空港線_平日_1_180", "route_id": "空港線", "route_color": "#f7931d", "route_type": "1", "trip_headsign": "姪浜"}, "geometry": {"type": "LineString", "coordinates": [[130.448549, 33.597052, 0, 1775068080], [130.431265, 33.589956, 0, 1775068260], [130.420616, 33.59013, 0, 1775068440], [130.414656, 33.594156, 0, 1775068560], [130.405988, 33.59438, 0, 1775068680], [130.399379, 33.591493, 0, 1775068800], [130.390946, 33.589134, 0, 1775068920], [130.378844, 33.590081, 0, 1775069040], [130.370443, 33.590278, 0, 1775069160], [130.359714, 33.583726, 0, 1775069340], [130.348202, 33.581376, 0, 1775069460], [130.340145, 33.580947, 0, 1775069520], [130.325038, 33.583772, 0, 1775069640]]}}, {"type": "Feature", "properties": {"trip_id": "空港線_平日_1_181", "route_id": "空港線", "route_color": "#f7931d", "route_type": "1", "trip_headsign": "姪浜"}, "geometry": {"type": "LineString", "coordinates": [[130.405988, 33.59438, 0, 1775068260], [130.399379, 33.591493, 0, 1775068440], [130.390946, 33.589134, 0, 1775068560], [130.378844, 33.590081, 0, 1775068680], [130.370443, 33.590278, 0, 1775068740], [130.359714, 33.583726, 0, 1775068920], [130.348202, 33.581376, 0, 1775069040], [130.340145, 33.580947, 0, 1775069160], [130.325038, 33.583772, 0, 1775069280]]}}, {"type": "Feature", "properties": {"trip_id": "空港線_平日_1_182", "route_id": "空港線", "route_color": "#f7931d", "route_type": "1", "trip_headsign": "筑前前原"}, "geometry": {"type": "LineString", "coordinates": [[130.448549, 33.597052, 0, 1775068260], [130.431265, 33.589956, 0, 1775068440], [130.420616, 33.59013, 0, 1775068620], [130.414656, 33.594156, 0, 1775068740], [130.405988, 33.59438, 0, 1775068860], [130.399379, 33.591493, 0, 1775069040], [130.390946, 33.589134, 0, 1775069160], [130.378844, 33.590081, 0, 1775069280], [130.370443, 33.590278, 0, 1775069340], [130.359714, 33.583726, 0, 1775069520], [130.348202, 33.581376, 0, 1775069640], [130.340145, 33.580947, 0, 1775069700], [130.325038, 33.583772, 0, 1775069880]]}}, {"type": "Feature", "properties": {"trip_id": "空港線_平日_1_183", "route_id": "空港線", "route_color": "#f7931d", "route_type": "1", "trip_headsign": "姪浜"}, "geometry": {"type": "LineString", "coordinates": [[130.448549, 33.597052, 0, 1775068680], [130.431265, 33.589956, 0, 1775068860], [130.420616, 33.59013, 0, 1775069040], [130.414656, 33.594156, 0, 1775069160], [130.405988, 33.59438, 0, 1775069280], [130.399379, 33.591493, 0, 1775069400], [130.390946, 33.589134, 0, 1775069520], [130.378844, 33.590081, 0, 1775069640], [130.370443, 33.590278, 0, 1775069760], [130.359714, 33.583726, 0, 1775069880], [130.348202, 33.581376, 0, 1775070000], [130.340145, 33.580947, 0, 1775070120], [130.325038, 33.583772, 0, 1775070240]]}}, {"type": "Feature", "properties": {"trip_id": "空港線_平日_1_184", "route_id": "空港線", "route_color": "#f7931d", "route_type": "1", "trip_headsign": "姪浜"}, "geometry": {"type": "LineString", "coordinates": [[130.448549, 33.597052, 0, 1775068860], [130.431265, 33.589956, 0, 1775069040], [130.420616, 33.59013, 0, 1775069220], [130.414656, 33.594156, 0, 1775069340], [130.405988, 33.59438, 0, 1775069460], [130.399379, 33.591493, 0, 1775069580], [130.390946, 33.589134, 0, 1775069700], [130.378844, 33.590081, 0, 1775069820], [130.370443, 33.590278, 0, 1775069940], [130.359714, 33.583726, 0, 1775070060], [130.348202, 33.581376, 0, 1775070180], [130.340145, 33.580947, 0, 1775070240], [130.325038, 33.583772, 0, 1775070420]]}}, {"type": "Feature", "properties": {"trip_id": "空港線_平日_1_185", "route_id": "空港線", "route_color": "#f7931d", "route_type": "1", "trip_headsign": "姪浜"}, "geometry": {"type": "LineString", "coordinates": [[130.405988, 33.59438, 0, 1775069040], [130.399379, 33.591493, 0, 1775069160], [130.390946, 33.589134, 0, 1775069280], [130.378844, 33.590081, 0, 1775069400], [130.370443, 33.590278, 0, 1775069520], [130.359714, 33.583726, 0, 1775069640], [130.348202, 33.581376, 0, 1775069760], [130.340145, 33.580947, 0, 1775069880], [130.325038, 33.583772, 0, 1775070000]]}}, {"type": "Feature", "properties": {"trip_id": "空港線_平日_1_186", "route_id": "空港線", "route_color": "#f7931d", "route_type": "1", "trip_headsign": "姪浜"}, "geometry": {"type": "LineString", "coordinates": [[130.448549, 33.597052, 0, 1775069040], [130.431265, 33.589956, 0, 1775069220], [130.420616, 33.59013, 0, 1775069400], [130.414656, 33.594156, 0, 1775069520], [130.405988, 33.59438, 0, 1775069640], [130.399379, 33.591493, 0, 1775069760], [130.390946, 33.589134, 0, 1775069880], [130.378844, 33.590081, 0, 1775070000], [130.370443, 33.590278, 0, 1775070120], [130.359714, 33.583726, 0, 1775070240], [130.348202, 33.581376, 0, 1775070360], [130.340145, 33.580947, 0, 1775070480], [130.325038, 33.583772, 0, 1775070600]]}}, {"type": "Feature", "properties": {"trip_id": "空港線_平日_1_187", "route_id": "空港線", "route_color": "#f7931d", "route_type": "1", "trip_headsign": "西唐津"}, "geometry": {"type": "LineString", "coordinates": [[130.448549, 33.597052, 0, 1775069400], [130.431265, 33.589956, 0, 1775069520], [130.420616, 33.59013, 0, 1775069760], [130.414656, 33.594156, 0, 1775069820], [130.405988, 33.59438, 0, 1775069940], [130.399379, 33.591493, 0, 1775070120], [130.390946, 33.589134, 0, 1775070240], [130.378844, 33.590081, 0, 1775070300], [130.370443, 33.590278, 0, 1775070420], [130.359714, 33.583726, 0, 1775070540], [130.348202, 33.581376, 0, 1775070660], [130.340145, 33.580947, 0, 1775070780], [130.325038, 33.583772, 0, 1775070900]]}}, {"type": "Feature", "properties": {"trip_id": "空港線_平日_1_188", "route_id": "空港線", "route_color": "#f7931d", "route_type": "1", "trip_headsign": "姪浜"}, "geometry": {"type": "LineString", "coordinates": [[130.448549, 33.597052, 0, 1775069640], [130.431265, 33.589956, 0, 1775069820], [130.420616, 33.59013, 0, 1775070000], [130.414656, 33.594156, 0, 1775070120], [130.405988, 33.59438, 0, 1775070240], [130.399379, 33.591493, 0, 1775070360], [130.390946, 33.589134, 0, 1775070480], [130.378844, 33.590081, 0, 1775070600], [130.370443, 33.590278, 0, 1775070720], [130.359714, 33.583726, 0, 1775070840], [130.348202, 33.581376, 0, 1775070960], [130.340145, 33.580947, 0, 1775071020], [130.325038, 33.583772, 0, 1775071140]]}}, {"type": "Feature", "properties": {"trip_id": "空港線_平日_1_189", "route_id": "空港線", "route_color": "#f7931d", "route_type": "1", "trip_headsign": "姪浜"}, "geometry": {"type": "LineString", "coordinates": [[130.405988, 33.59438, 0, 1775069820], [130.399379, 33.591493, 0, 1775069940], [130.390946, 33.589134, 0, 1775070060], [130.378844, 33.590081, 0, 1775070180], [130.370443, 33.590278, 0, 1775070240], [130.359714, 33.583726, 0, 1775070420], [130.348202, 33.581376, 0, 1775070540], [130.340145, 33.580947, 0, 1775070600], [130.325038, 33.583772, 0, 1775070780]]}}, {"type": "Feature", "properties": {"trip_id": "空港線_平日_1_190", "route_id": "空港線", "route_color": "#f7931d", "route_type": "1", "trip_headsign": "姪浜"}, "geometry": {"type": "LineString", "coordinates": [[130.448549, 33.597052, 0, 1775069940], [130.431265, 33.589956, 0, 1775070060], [130.420616, 33.59013, 0, 1775070240], [130.414656, 33.594156, 0, 1775070360], [130.405988, 33.59438, 0, 1775070480], [130.399379, 33.591493, 0, 1775070600], [130.390946, 33.589134, 0, 1775070720], [130.378844, 33.590081, 0, 1775070840], [130.370443, 33.590278, 0, 1775070960], [130.359714, 33.583726, 0, 1775071080], [130.348202, 33.581376, 0, 1775071200], [130.340145, 33.580947, 0, 1775071320], [130.325038, 33.583772, 0, 1775071440]]}}, {"type": "Feature", "properties": {"trip_id": "空港線_平日_1_191", "route_id": "空港線", "route_color": "#f7931d", "route_type": "1", "trip_headsign": "筑前前原"}, "geometry": {"type": "LineString", "coordinates": [[130.448549, 33.597052, 0, 1775070240], [130.431265, 33.589956, 0, 1775070420], [130.420616, 33.59013, 0, 1775070600], [130.414656, 33.594156, 0, 1775070720], [130.405988, 33.59438, 0, 1775070840], [130.399379, 33.591493, 0, 1775070960], [130.390946, 33.589134, 0, 1775071080], [130.378844, 33.590081, 0, 1775071200], [130.370443, 33.590278, 0, 1775071320], [130.359714, 33.583726, 0, 1775071440], [130.348202, 33.581376, 0, 1775071560], [130.340145, 33.580947, 0, 1775071680], [130.325038, 33.583772, 0, 1775071800]]}}, {"type": "Feature", "properties": {"trip_id": "空港線_平日_1_192", "route_id": "空港線", "route_color": "#f7931d", "route_type": "1", "trip_headsign": "姪浜"}, "geometry": {"type": "LineString", "coordinates": [[130.448549, 33.597052, 0, 1775070540], [130.431265, 33.589956, 0, 1775070720], [130.420616, 33.59013, 0, 1775070900], [130.414656, 33.594156, 0, 1775071020], [130.405988, 33.59438, 0, 1775071140], [130.399379, 33.591493, 0, 1775071260], [130.390946, 33.589134, 0, 1775071380], [130.378844, 33.590081, 0, 1775071500], [130.370443, 33.590278, 0, 1775071620], [130.359714, 33.583726, 0, 1775071740], [130.348202, 33.581376, 0, 1775071860], [130.340145, 33.580947, 0, 1775071980], [130.325038, 33.583772, 0, 1775072100]]}}, {"type": "Feature", "properties": {"trip_id": "空港線_平日_1_193", "route_id": "空港線", "route_color": "#f7931d", "route_type": "1", "trip_headsign": "姪浜"}, "geometry": {"type": "LineString", "coordinates": [[130.405988, 33.59438, 0, 1775070660], [130.399379, 33.591493, 0, 1775070780], [130.390946, 33.589134, 0, 1775070900], [130.378844, 33.590081, 0, 1775071020], [130.370443, 33.590278, 0, 1775071140], [130.359714, 33.583726, 0, 1775071260], [130.348202, 33.581376, 0, 1775071380], [130.340145, 33.580947, 0, 1775071500], [130.325038, 33.583772, 0, 1775071620]]}}, {"type": "Feature", "properties": {"trip_id": "空港線_平日_1_194", "route_id": "空港線", "route_color": "#f7931d", "route_type": "1", "trip_headsign": "姪浜"}, "geometry": {"type": "LineString", "coordinates": [[130.448549, 33.597052, 0, 1775070840], [130.431265, 33.589956, 0, 1775071020], [130.420616, 33.59013, 0, 1775071200], [130.414656, 33.594156, 0, 1775071320], [130.405988, 33.59438, 0, 1775071440], [130.399379, 33.591493, 0, 1775071560], [130.390946, 33.589134, 0, 1775071680], [130.378844, 33.590081, 0, 1775071800], [130.370443, 33.590278, 0, 1775071920], [130.359714, 33.583726, 0, 1775072040], [130.348202, 33.581376, 0, 1775072160], [130.340145, 33.580947, 0, 1775072280], [130.325038, 33.583772, 0, 1775072400]]}}, {"type": "Feature", "properties": {"trip_id": "空港線_平日_1_195", "route_id": "空港線", "route_color": "#f7931d", "route_type": "1", "trip_headsign": "筑前前原"}, "geometry": {"type": "LineString", "coordinates": [[130.448549, 33.597052, 0, 1775071140], [130.431265, 33.589956, 0, 1775071320], [130.420616, 33.59013, 0, 1775071500], [130.414656, 33.594156, 0, 1775071620], [130.405988, 33.59438, 0, 1775071740], [130.399379, 33.591493, 0, 1775071920], [130.390946, 33.589134, 0, 1775072040], [130.378844, 33.590081, 0, 1775072160], [130.370443, 33.590278, 0, 1775072220], [130.359714, 33.583726, 0, 1775072400], [130.348202, 33.581376, 0, 1775072520], [130.340145, 33.580947, 0, 1775072640], [130.325038, 33.583772, 0, 1775072760]]}}, {"type": "Feature", "properties": {"trip_id": "空港線_平日_1_196", "route_id": "空港線", "route_color": "#f7931d", "route_type": "1", "trip_headsign": "姪浜"}, "geometry": {"type": "LineString", "coordinates": [[130.448549, 33.597052, 0, 1775071440], [130.431265, 33.589956, 0, 1775071620], [130.420616, 33.59013, 0, 1775071800], [130.414656, 33.594156, 0, 1775071920], [130.405988, 33.59438, 0, 1775072040], [130.399379, 33.591493, 0, 1775072160], [130.390946, 33.589134, 0, 1775072280], [130.378844, 33.590081, 0, 1775072400], [130.370443, 33.590278, 0, 1775072520], [130.359714, 33.583726, 0, 1775072640], [130.348202, 33.581376, 0, 1775072760], [130.340145, 33.580947, 0, 1775072880], [130.325038, 33.583772, 0, 1775073000]]}}, {"type": "Feature", "properties": {"trip_id": "空港線_平日_1_197", "route_id": "空港線", "route_color": "#f7931d", "route_type": "1", "trip_headsign": "姪浜"}, "geometry": {"type": "LineString", "coordinates": [[130.405988, 33.59438, 0, 1775071560], [130.399379, 33.591493, 0, 1775071740], [130.390946, 33.589134, 0, 1775071860], [130.378844, 33.590081, 0, 1775071980], [130.370443, 33.590278, 0, 1775072040], [130.359714, 33.583726, 0, 1775072220], [130.348202, 33.581376, 0, 1775072340], [130.340145, 33.580947, 0, 1775072400], [130.325038, 33.583772, 0, 1775072580]]}}, {"type": "Feature", "properties": {"trip_id": "空港線_平日_1_198", "route_id": "空港線", "route_color": "#f7931d", "route_type": "1", "trip_headsign": "姪浜"}, "geometry": {"type": "LineString", "coordinates": [[130.448549, 33.597052, 0, 1775071680], [130.431265, 33.589956, 0, 1775071860], [130.420616, 33.59013, 0, 1775072040], [130.414656, 33.594156, 0, 1775072160], [130.405988, 33.59438, 0, 1775072280], [130.399379, 33.591493, 0, 1775072400], [130.390946, 33.589134, 0, 1775072520], [130.378844, 33.590081, 0, 1775072640], [130.370443, 33.590278, 0, 1775072760], [130.359714, 33.583726, 0, 1775072880], [130.348202, 33.581376, 0, 1775073000], [130.340145, 33.580947, 0, 1775073060], [130.325038, 33.583772, 0, 1775073240]]}}, {"type": "Feature", "properties": {"trip_id": "空港線_平日_1_199", "route_id": "空港線", "route_color": "#f7931d", "route_type": "1", "trip_headsign": "筑前前原"}, "geometry": {"type": "LineString", "coordinates": [[130.448549, 33.597052, 0, 1775072040], [130.431265, 33.589956, 0, 1775072220], [130.420616, 33.59013, 0, 1775072400], [130.414656, 33.594156, 0, 1775072520], [130.405988, 33.59438, 0, 1775072640], [130.399379, 33.591493, 0, 1775072820], [130.390946, 33.589134, 0, 1775072940], [130.378844, 33.590081, 0, 1775073060], [130.370443, 33.590278, 0, 1775073120], [130.359714, 33.583726, 0, 1775073300], [130.348202, 33.581376, 0, 1775073420], [130.340145, 33.580947, 0, 1775073480], [130.325038, 33.583772, 0, 1775073660]]}}, {"type": "Feature", "properties": {"trip_id": "空港線_平日_1_200", "route_id": "空港線", "route_color": "#f7931d", "route_type": "1", "trip_headsign": "姪浜"}, "geometry": {"type": "LineString", "coordinates": [[130.448549, 33.597052, 0, 1775072340], [130.431265, 33.589956, 0, 1775072520], [130.420616, 33.59013, 0, 1775072700], [130.414656, 33.594156, 0, 1775072820], [130.405988, 33.59438, 0, 1775072940], [130.399379, 33.591493, 0, 1775073060], [130.390946, 33.589134, 0, 1775073180], [130.378844, 33.590081, 0, 1775073300], [130.370443, 33.590278, 0, 1775073420], [130.359714, 33.583726, 0, 1775073540], [130.348202, 33.581376, 0, 1775073660], [130.340145, 33.580947, 0, 1775073780], [130.325038, 33.583772, 0, 1775073900]]}}, {"type": "Feature", "properties": {"trip_id": "空港線_平日_1_201", "route_id": "空港線", "route_color": "#f7931d", "route_type": "1", "trip_headsign": "姪浜"}, "geometry": {"type": "LineString", "coordinates": [[130.405988, 33.59438, 0, 1775072460], [130.399379, 33.591493, 0, 1775072580], [130.390946, 33.589134, 0, 1775072700], [130.378844, 33.590081, 0, 1775072820], [130.370443, 33.590278, 0, 1775072940], [130.359714, 33.583726, 0, 1775073060], [130.348202, 33.581376, 0, 1775073180], [130.340145, 33.580947, 0, 1775073300], [130.325038, 33.583772, 0, 1775073420]]}}, {"type": "Feature", "properties": {"trip_id": "空港線_平日_1_202", "route_id": "空港線", "route_color": "#f7931d", "route_type": "1", "trip_headsign": "姪浜"}, "geometry": {"type": "LineString", "coordinates": [[130.448549, 33.597052, 0, 1775072640], [130.431265, 33.589956, 0, 1775072820], [130.420616, 33.59013, 0, 1775073000], [130.414656, 33.594156, 0, 1775073120], [130.405988, 33.59438, 0, 1775073240], [130.399379, 33.591493, 0, 1775073360], [130.390946, 33.589134, 0, 1775073480], [130.378844, 33.590081, 0, 1775073600], [130.370443, 33.590278, 0, 1775073660], [130.359714, 33.583726, 0, 1775073840], [130.348202, 33.581376, 0, 1775073960], [130.340145, 33.580947, 0, 1775074020], [130.325038, 33.583772, 0, 1775074140]]}}, {"type": "Feature", "properties": {"trip_id": "空港線_平日_1_203", "route_id": "空港線", "route_color": "#f7931d", "route_type": "1", "trip_headsign": "姪浜"}, "geometry": {"type": "LineString", "coordinates": [[130.448549, 33.597052, 0, 1775072940], [130.431265, 33.589956, 0, 1775073120], [130.420616, 33.59013, 0, 1775073300], [130.414656, 33.594156, 0, 1775073420], [130.405988, 33.59438, 0, 1775073540], [130.399379, 33.591493, 0, 1775073660], [130.390946, 33.589134, 0, 1775073780], [130.378844, 33.590081, 0, 1775073900], [130.370443, 33.590278, 0, 1775073960], [130.359714, 33.583726, 0, 1775074140], [130.348202, 33.581376, 0, 1775074200], [130.340145, 33.580947, 0, 1775074320], [130.325038, 33.583772, 0, 1775074440]]}}, {"type": "Feature", "properties": {"trip_id": "空港線_平日_1_204", "route_id": "空港線", "route_color": "#f7931d", "route_type": "1", "trip_headsign": "筑前前原"}, "geometry": {"type": "LineString", "coordinates": [[130.448549, 33.597052, 0, 1775073180], [130.431265, 33.589956, 0, 1775073360], [130.420616, 33.59013, 0, 1775073540], [130.414656, 33.594156, 0, 1775073660], [130.405988, 33.59438, 0, 1775073780], [130.399379, 33.591493, 0, 1775073900], [130.390946, 33.589134, 0, 1775074020], [130.378844, 33.590081, 0, 1775074140], [130.370443, 33.590278, 0, 1775074260], [130.359714, 33.583726, 0, 1775074380], [130.348202, 33.581376, 0, 1775074500], [130.340145, 33.580947, 0, 1775074560], [130.325038, 33.583772, 0, 1775074740]]}}, {"type": "Feature", "properties": {"trip_id": "空港線_平日_1_205", "route_id": "空港線", "route_color": "#f7931d", "route_type": "1", "trip_headsign": "姪浜"}, "geometry": {"type": "LineString", "coordinates": [[130.448549, 33.597052, 0, 1775073540], [130.431265, 33.589956, 0, 1775073720], [130.420616, 33.59013, 0, 1775073900], [130.414656, 33.594156, 0, 1775074020], [130.405988, 33.59438, 0, 1775074140], [130.399379, 33.591493, 0, 1775074260], [130.390946, 33.589134, 0, 1775074380], [130.378844, 33.590081, 0, 1775074500], [130.370443, 33.590278, 0, 1775074560], [130.359714, 33.583726, 0, 1775074740], [130.348202, 33.581376, 0, 1775074860], [130.340145, 33.580947, 0, 1775074920], [130.325038, 33.583772, 0, 1775075040]]}}, {"type": "Feature", "properties": {"trip_id": "空港線_平日_1_206", "route_id": "空港線", "route_color": "#f7931d", "route_type": "1", "trip_headsign": "筑前前原"}, "geometry": {"type": "LineString", "coordinates": [[130.448549, 33.597052, 0, 1775073960], [130.431265, 33.589956, 0, 1775074140], [130.420616, 33.59013, 0, 1775074320], [130.414656, 33.594156, 0, 1775074440], [130.405988, 33.59438, 0, 1775074560], [130.399379, 33.591493, 0, 1775074680], [130.390946, 33.589134, 0, 1775074800], [130.378844, 33.590081, 0, 1775074920], [130.370443, 33.590278, 0, 1775074980], [130.359714, 33.583726, 0, 1775075160], [130.348202, 33.581376, 0, 1775075280], [130.340145, 33.580947, 0, 1775075340], [130.325038, 33.583772, 0, 1775075460]]}}, {"type": "Feature", "properties": {"trip_id": "空港線_平日_1_207", "route_id": "空港線", "route_color": "#f7931d", "route_type": "1", "trip_headsign": "姪浜"}, "geometry": {"type": "LineString", "coordinates": [[130.405988, 33.59438, 0, 1775074320], [130.399379, 33.591493, 0, 1775074440], [130.390946, 33.589134, 0, 1775074560], [130.378844, 33.590081, 0, 1775074680], [130.370443, 33.590278, 0, 1775074740], [130.359714, 33.583726, 0, 1775074920], [130.348202, 33.581376, 0, 1775075040], [130.340145, 33.580947, 0, 1775075100], [130.325038, 33.583772, 0, 1775075220]]}}, {"type": "Feature", "properties": {"trip_id": "空港線_平日_1_208", "route_id": "空港線", "route_color": "#f7931d", "route_type": "1", "trip_headsign": "姪浜"}, "geometry": {"type": "LineString", "coordinates": [[130.448549, 33.597052, 0, 1775074380], [130.431265, 33.589956, 0, 1775074560], [130.420616, 33.59013, 0, 1775074680], [130.414656, 33.594156, 0, 1775074800], [130.405988, 33.59438, 0, 1775074920], [130.399379, 33.591493, 0, 1775075040], [130.390946, 33.589134, 0, 1775075160], [130.378844, 33.590081, 0, 1775075280], [130.370443, 33.590278, 0, 1775075400], [130.359714, 33.583726, 0, 1775075520], [130.348202, 33.581376, 0, 1775075640], [130.340145, 33.580947, 0, 1775075760], [130.325038, 33.583772, 0, 1775075880]]}}, {"type": "Feature", "properties": {"trip_id": "空港線_平日_1_209", "route_id": "空港線", "route_color": "#f7931d", "route_type": "1", "trip_headsign": "姪浜"}, "geometry": {"type": "LineString", "coordinates": [[130.448549, 33.597052, 0, 1775074800], [130.431265, 33.589956, 0, 1775074980], [130.420616, 33.59013, 0, 1775075160], [130.414656, 33.594156, 0, 1775075280], [130.405988, 33.59438, 0, 1775075400], [130.399379, 33.591493, 0, 1775075520], [130.390946, 33.589134, 0, 1775075640], [130.378844, 33.590081, 0, 1775075760], [130.370443, 33.590278, 0, 1775075820], [130.359714, 33.583726, 0, 1775076000], [130.348202, 33.581376, 0, 1775076120], [130.340145, 33.580947, 0, 1775076180], [130.325038, 33.583772, 0, 1775076360]]}}, {"type": "Feature", "properties": {"trip_id": "空港線_平日_1_210", "route_id": "空港線", "route_color": "#f7931d", "route_type": "1", "trip_headsign": "唐津"}, "geometry": {"type": "LineString", "coordinates": [[130.448549, 33.597052, 0, 1775075220], [130.431265, 33.589956, 0, 1775075400], [130.420616, 33.59013, 0, 1775075580], [130.414656, 33.594156, 0, 1775075700], [130.405988, 33.59438, 0, 1775075820], [130.399379, 33.591493, 0, 1775075940], [130.390946, 33.589134, 0, 1775076060], [130.378844, 33.590081, 0, 1775076180], [130.370443, 33.590278, 0, 1775076240], [130.359714, 33.583726, 0, 1775076420], [130.348202, 33.581376, 0, 1775076540], [130.340145, 33.580947, 0, 1775076600], [130.325038, 33.583772, 0, 1775076780]]}}, {"type": "Feature", "properties": {"trip_id": "空港線_平日_1_211", "route_id": "空港線", "route_color": "#f7931d", "route_type": "1", "trip_headsign": "姪浜"}, "geometry": {"type": "LineString", "coordinates": [[130.405988, 33.59438, 0, 1775075520], [130.399379, 33.591493, 0, 1775075640], [130.390946, 33.589134, 0, 1775075760], [130.378844, 33.590081, 0, 1775075880], [130.370443, 33.590278, 0, 1775076000], [130.359714, 33.583726, 0, 1775076120], [130.348202, 33.581376, 0, 1775076240], [130.340145, 33.580947, 0, 1775076360], [130.325038, 33.583772, 0, 1775076480]]}}, {"type": "Feature", "properties": {"trip_id": "空港線_平日_1_212", "route_id": "空港線", "route_color": "#f7931d", "route_type": "1", "trip_headsign": "姪浜"}, "geometry": {"type": "LineString", "coordinates": [[130.448549, 33.597052, 0, 1775075640], [130.431265, 33.589956, 0, 1775075820], [130.420616, 33.59013, 0, 1775076000], [130.414656, 33.594156, 0, 1775076120], [130.405988, 33.59438, 0, 1775076240], [130.399379, 33.591493, 0, 1775076360], [130.390946, 33.589134, 0, 1775076480], [130.378844, 33.590081, 0, 1775076600], [130.370443, 33.590278, 0, 1775076660], [130.359714, 33.583726, 0, 1775076840], [130.348202, 33.581376, 0, 1775076960], [130.340145, 33.580947, 0, 1775077020], [130.325038, 33.583772, 0, 1775077200]]}}, {"type": "Feature", "properties": {"trip_id": "空港線_平日_1_213", "route_id": "空港線", "route_color": "#f7931d", "route_type": "1", "trip_headsign": "筑前前原"}, "geometry": {"type": "LineString", "coordinates": [[130.448549, 33.597052, 0, 1775076060], [130.431265, 33.589956, 0, 1775076240], [130.420616, 33.59013, 0, 1775076420], [130.414656, 33.594156, 0, 1775076480], [130.405988, 33.59438, 0, 1775076660], [130.399379, 33.591493, 0, 1775076780], [130.390946, 33.589134, 0, 1775076900], [130.378844, 33.590081, 0, 1775077020], [130.370443, 33.590278, 0, 1775077140], [130.359714, 33.583726, 0, 1775077260], [130.348202, 33.581376, 0, 1775077380], [130.340145, 33.580947, 0, 1775077500], [130.325038, 33.583772, 0, 1775077620]]}}, {"type": "Feature", "properties": {"trip_id": "空港線_平日_1_214", "route_id": "空港線", "route_color": "#f7931d", "route_type": "1", "trip_headsign": "姪浜"}, "geometry": {"type": "LineString", "coordinates": [[130.405988, 33.59438, 0, 1775076480], [130.399379, 33.591493, 0, 1775076600], [130.390946, 33.589134, 0, 1775076720], [130.378844, 33.590081, 0, 1775076780], [130.370443, 33.590278, 0, 1775076900], [130.359714, 33.583726, 0, 1775077020], [130.348202, 33.581376, 0, 1775077140], [130.340145, 33.580947, 0, 1775077260], [130.325038, 33.583772, 0, 1775077380]]}}, {"type": "Feature", "properties": {"trip_id": "空港線_平日_1_215", "route_id": "空港線", "route_color": "#f7931d", "route_type": "1", "trip_headsign": "筑前前原"}, "geometry": {"type": "LineString", "coordinates": [[130.448549, 33.597052, 0, 1775076480], [130.431265, 33.589956, 0, 1775076660], [130.420616, 33.59013, 0, 1775076840], [130.414656, 33.594156, 0, 1775076960], [130.405988, 33.59438, 0, 1775077080], [130.399379, 33.591493, 0, 1775077200], [130.390946, 33.589134, 0, 1775077320], [130.378844, 33.590081, 0, 1775077440], [130.370443, 33.590278, 0, 1775077500], [130.359714, 33.583726, 0, 1775077680], [130.348202, 33.581376, 0, 1775077800], [130.340145, 33.580947, 0, 1775077860], [130.325038, 33.583772, 0, 1775078040]]}}, {"type": "Feature", "properties": {"trip_id": "空港線_平日_1_216", "route_id": "空港線", "route_color": "#f7931d", "route_type": "1", "trip_headsign": "姪浜"}, "geometry": {"type": "LineString", "coordinates": [[130.448549, 33.597052, 0, 1775076840], [130.431265, 33.589956, 0, 1775077020], [130.420616, 33.59013, 0, 1775077200], [130.414656, 33.594156, 0, 1775077320], [130.405988, 33.59438, 0, 1775077440], [130.399379, 33.591493, 0, 1775077560], [130.390946, 33.589134, 0, 1775077680], [130.378844, 33.590081, 0, 1775077800], [130.370443, 33.590278, 0, 1775077920], [130.359714, 33.583726, 0, 1775078040], [130.348202, 33.581376, 0, 1775078160], [130.340145, 33.580947, 0, 1775078280], [130.325038, 33.583772, 0, 1775078400]]}}, {"type": "Feature", "properties": {"trip_id": "空港線_平日_1_217", "route_id": "空港線", "route_color": "#f7931d", "route_type": "1", "trip_headsign": "筑前前原"}, "geometry": {"type": "LineString", "coordinates": [[130.448549, 33.597052, 0, 1775077320], [130.431265, 33.589956, 0, 1775077500], [130.420616, 33.59013, 0, 1775077680], [130.414656, 33.594156, 0, 1775077800], [130.405988, 33.59438, 0, 1775077920], [130.399379, 33.591493, 0, 1775078040], [130.390946, 33.589134, 0, 1775078160], [130.378844, 33.590081, 0, 1775078280], [130.370443, 33.590278, 0, 1775078340], [130.359714, 33.583726, 0, 1775078520], [130.348202, 33.581376, 0, 1775078640], [130.340145, 33.580947, 0, 1775078700], [130.325038, 33.583772, 0, 1775078880]]}}, {"type": "Feature", "properties": {"trip_id": "空港線_平日_1_218", "route_id": "空港線", "route_color": "#f7931d", "route_type": "1", "trip_headsign": "姪浜"}, "geometry": {"type": "LineString", "coordinates": [[130.405988, 33.59438, 0, 1775077620], [130.399379, 33.591493, 0, 1775077740], [130.390946, 33.589134, 0, 1775077860], [130.378844, 33.590081, 0, 1775077980], [130.370443, 33.590278, 0, 1775078100], [130.359714, 33.583726, 0, 1775078220], [130.348202, 33.581376, 0, 1775078340], [130.340145, 33.580947, 0, 1775078460], [130.325038, 33.583772, 0, 1775078580]]}}, {"type": "Feature", "properties": {"trip_id": "空港線_平日_1_219", "route_id": "空港線", "route_color": "#f7931d", "route_type": "1", "trip_headsign": "姪浜"}, "geometry": {"type": "LineString", "coordinates": [[130.448549, 33.597052, 0, 1775077800], [130.431265, 33.589956, 0, 1775077980], [130.420616, 33.59013, 0, 1775078160], [130.414656, 33.594156, 0, 1775078280], [130.405988, 33.59438, 0, 1775078400], [130.399379, 33.591493, 0, 1775078520], [130.390946, 33.589134, 0, 1775078640], [130.378844, 33.590081, 0, 1775078760], [130.370443, 33.590278, 0, 1775078880], [130.359714, 33.583726, 0, 1775079000], [130.348202, 33.581376, 0, 1775079120], [130.340145, 33.580947, 0, 1775079240], [130.325038, 33.583772, 0, 1775079360]]}}, {"type": "Feature", "properties": {"trip_id": "空港線_平日_1_220", "route_id": "空港線", "route_color": "#f7931d", "route_type": "1", "trip_headsign": "唐津"}, "geometry": {"type": "LineString", "coordinates": [[130.448549, 33.597052, 0, 1775078280], [130.431265, 33.589956, 0, 1775078460], [130.420616, 33.59013, 0, 1775078640], [130.414656, 33.594156, 0, 1775078760], [130.405988, 33.59438, 0, 1775078880], [130.399379, 33.591493, 0, 1775079060], [130.390946, 33.589134, 0, 1775079180], [130.378844, 33.590081, 0, 1775079300], [130.370443, 33.590278, 0, 1775079360], [130.359714, 33.583726, 0, 1775079540], [130.348202, 33.581376, 0, 1775079660], [130.340145, 33.580947, 0, 1775079720], [130.325038, 33.583772, 0, 1775079900]]}}, {"type": "Feature", "properties": {"trip_id": "空港線_平日_1_221", "route_id": "空港線", "route_color": "#f7931d", "route_type": "1", "trip_headsign": "姪浜"}, "geometry": {"type": "LineString", "coordinates": [[130.405988, 33.59438, 0, 1775078580], [130.399379, 33.591493, 0, 1775078700], [130.390946, 33.589134, 0, 1775078820], [130.378844, 33.590081, 0, 1775078940], [130.370443, 33.590278, 0, 1775079060], [130.359714, 33.583726, 0, 1775079180], [130.348202, 33.581376, 0, 1775079300], [130.340145, 33.580947, 0, 1775079420], [130.325038, 33.583772, 0, 1775079540]]}}, {"type": "Feature", "properties": {"trip_id": "空港線_平日_1_222", "route_id": "空港線", "route_color": "#f7931d", "route_type": "1", "trip_headsign": "姪浜"}, "geometry": {"type": "LineString", "coordinates": [[130.448549, 33.597052, 0, 1775078700], [130.431265, 33.589956, 0, 1775078880], [130.420616, 33.59013, 0, 1775079060], [130.414656, 33.594156, 0, 1775079180], [130.405988, 33.59438, 0, 1775079300], [130.399379, 33.591493, 0, 1775079420], [130.390946, 33.589134, 0, 1775079540], [130.378844, 33.590081, 0, 1775079660], [130.370443, 33.590278, 0, 1775079780], [130.359714, 33.583726, 0, 1775079900], [130.348202, 33.581376, 0, 1775080020], [130.340145, 33.580947, 0, 1775080140], [130.325038, 33.583772, 0, 1775080260]]}}, {"type": "Feature", "properties": {"trip_id": "空港線_平日_1_223", "route_id": "空港線", "route_color": "#f7931d", "route_type": "1", "trip_headsign": "姪浜"}, "geometry": {"type": "LineString", "coordinates": [[130.448549, 33.597052, 0, 1775079240], [130.431265, 33.589956, 0, 1775079420], [130.420616, 33.59013, 0, 1775079600], [130.414656, 33.594156, 0, 1775079660], [130.405988, 33.59438, 0, 1775079780], [130.399379, 33.591493, 0, 1775079960], [130.390946, 33.589134, 0, 1775080080], [130.378844, 33.590081, 0, 1775080140], [130.370443, 33.590278, 0, 1775080260], [130.359714, 33.583726, 0, 1775080380], [130.348202, 33.581376, 0, 1775080500], [130.340145, 33.580947, 0, 1775080620], [130.325038, 33.583772, 0, 1775080740]]}}, {"type": "Feature", "properties": {"trip_id": "空港線_平日_1_224", "route_id": "空港線", "route_color": "#f7931d", "route_type": "1", "trip_headsign": "筑前前原"}, "geometry": {"type": "LineString", "coordinates": [[130.448549, 33.597052, 0, 1775079660], [130.431265, 33.589956, 0, 1775079840], [130.420616, 33.59013, 0, 1775080020], [130.414656, 33.594156, 0, 1775080140], [130.405988, 33.59438, 0, 1775080260], [130.399379, 33.591493, 0, 1775080380], [130.390946, 33.589134, 0, 1775080500], [130.378844, 33.590081, 0, 1775080620], [130.370443, 33.590278, 0, 1775080680], [130.359714, 33.583726, 0, 1775080860], [130.348202, 33.581376, 0, 1775080980], [130.340145, 33.580947, 0, 1775081040], [130.325038, 33.583772, 0, 1775081160]]}}, {"type": "Feature", "properties": {"trip_id": "空港線_平日_1_225", "route_id": "空港線", "route_color": "#f7931d", "route_type": "1", "trip_headsign": "姪浜"}, "geometry": {"type": "LineString", "coordinates": [[130.405988, 33.59438, 0, 1775080080], [130.399379, 33.591493, 0, 1775080200], [130.390946, 33.589134, 0, 1775080320], [130.378844, 33.590081, 0, 1775080440], [130.370443, 33.590278, 0, 1775080500], [130.359714, 33.583726, 0, 1775080680], [130.348202, 33.581376, 0, 1775080800], [130.340145, 33.580947, 0, 1775080860], [130.325038, 33.583772, 0, 1775080980]]}}, {"type": "Feature", "properties": {"trip_id": "空港線_平日_1_226", "route_id": "空港線", "route_color": "#f7931d", "route_type": "1", "trip_headsign": "姪浜"}, "geometry": {"type": "LineString", "coordinates": [[130.448549, 33.597052, 0, 1775080140], [130.431265, 33.589956, 0, 1775080320], [130.420616, 33.59013, 0, 1775080440], [130.414656, 33.594156, 0, 1775080560], [130.405988, 33.59438, 0, 1775080680], [130.399379, 33.591493, 0, 1775080860], [130.390946, 33.589134, 0, 1775080980], [130.378844, 33.590081, 0, 1775081100], [130.370443, 33.590278, 0, 1775081160], [130.359714, 33.583726, 0, 1775081340], [130.348202, 33.581376, 0, 1775081460], [130.340145, 33.580947, 0, 1775081520], [130.325038, 33.583772, 0, 1775081700]]}}, {"type": "Feature", "properties": {"trip_id": "空港線_平日_1_227", "route_id": "空港線", "route_color": "#f7931d", "route_type": "1", "trip_headsign": "筑前前原"}, "geometry": {"type": "LineString", "coordinates": [[130.448549, 33.597052, 0, 1775080620], [130.431265, 33.589956, 0, 1775080800], [130.420616, 33.59013, 0, 1775080980], [130.414656, 33.594156, 0, 1775081100], [130.405988, 33.59438, 0, 1775081220], [130.399379, 33.591493, 0, 1775081340], [130.390946, 33.589134, 0, 1775081460], [130.378844, 33.590081, 0, 1775081580], [130.370443, 33.590278, 0, 1775081640], [130.359714, 33.583726, 0, 1775081820], [130.348202, 33.581376, 0, 1775081940], [130.340145, 33.580947, 0, 1775082000], [130.325038, 33.583772, 0, 1775082180]]}}, {"type": "Feature", "properties": {"trip_id": "空港線_平日_1_228", "route_id": "空港線", "route_color": "#f7931d", "route_type": "1", "trip_headsign": "姪浜"}, "geometry": {"type": "LineString", "coordinates": [[130.448549, 33.597052, 0, 1775081100], [130.431265, 33.589956, 0, 1775081280], [130.420616, 33.59013, 0, 1775081460], [130.414656, 33.594156, 0, 1775081520], [130.405988, 33.59438, 0, 1775081640], [130.399379, 33.591493, 0, 1775081760], [130.390946, 33.589134, 0, 1775081880], [130.378844, 33.590081, 0, 1775082000], [130.370443, 33.590278, 0, 1775082120], [130.359714, 33.583726, 0, 1775082240], [130.348202, 33.581376, 0, 1775082360], [130.340145, 33.580947, 0, 1775082480], [130.325038, 33.583772, 0, 1775082600]]}}, {"type": "Feature", "properties": {"trip_id": "空港線_平日_1_229", "route_id": "空港線", "route_color": "#f7931d", "route_type": "1", "trip_headsign": "姪浜"}, "geometry": {"type": "LineString", "coordinates": [[130.405988, 33.59438, 0, 1775081460], [130.399379, 33.591493, 0, 1775081580], [130.390946, 33.589134, 0, 1775081700], [130.378844, 33.590081, 0, 1775081820], [130.370443, 33.590278, 0, 1775081880], [130.359714, 33.583726, 0, 1775082000], [130.348202, 33.581376, 0, 1775082120], [130.340145, 33.580947, 0, 1775082240], [130.325038, 33.583772, 0, 1775082360]]}}, {"type": "Feature", "properties": {"trip_id": "空港線_平日_1_230", "route_id": "空港線", "route_color": "#f7931d", "route_type": "1", "trip_headsign": "姪浜"}, "geometry": {"type": "LineString", "coordinates": [[130.448549, 33.597052, 0, 1775081520], [130.431265, 33.589956, 0, 1775081700], [130.420616, 33.59013, 0, 1775081880], [130.414656, 33.594156, 0, 1775082000], [130.405988, 33.59438, 0, 1775082120], [130.399379, 33.591493, 0, 1775082240], [130.390946, 33.589134, 0, 1775082360], [130.378844, 33.590081, 0, 1775082480], [130.370443, 33.590278, 0, 1775082540], [130.359714, 33.583726, 0, 1775082720], [130.348202, 33.581376, 0, 1775082780], [130.340145, 33.580947, 0, 1775082900], [130.325038, 33.583772, 0, 1775083020]]}}, {"type": "Feature", "properties": {"trip_id": "空港線_平日_1_231", "route_id": "空港線", "route_color": "#f7931d", "route_type": "1", "trip_headsign": "姪浜"}, "geometry": {"type": "LineString", "coordinates": [[130.448549, 33.597052, 0, 1775081940], [130.431265, 33.589956, 0, 1775082120], [130.420616, 33.59013, 0, 1775082300], [130.414656, 33.594156, 0, 1775082360], [130.405988, 33.59438, 0, 1775082480], [130.399379, 33.591493, 0, 1775082600], [130.390946, 33.589134, 0, 1775082720], [130.378844, 33.590081, 0, 1775082840], [130.370443, 33.590278, 0, 1775082960], [130.359714, 33.583726, 0, 1775083080], [130.348202, 33.581376, 0, 1775083200], [130.340145, 33.580947, 0, 1775083320], [130.325038, 33.583772, 0, 1775083440]]}}, {"type": "Feature", "properties": {"trip_id": "空港線_平日_1_232", "route_id": "空港線", "route_color": "#f7931d", "route_type": "1", "trip_headsign": "姪浜"}, "geometry": {"type": "LineString", "coordinates": [[130.448549, 33.597052, 0, 1775082300], [130.431265, 33.589956, 0, 1775082480], [130.420616, 33.59013, 0, 1775082660], [130.414656, 33.594156, 0, 1775082780], [130.405988, 33.59438, 0, 1775082900], [130.399379, 33.591493, 0, 1775083020], [130.390946, 33.589134, 0, 1775083140], [130.378844, 33.590081, 0, 1775083260], [130.370443, 33.590278, 0, 1775083320], [130.359714, 33.583726, 0, 1775083440], [130.348202, 33.581376, 0, 1775083560], [130.340145, 33.580947, 0, 1775083680], [130.325038, 33.583772, 0, 1775083800]]}}, {"type": "Feature", "properties": {"trip_id": "空港線_平日_1_233", "route_id": "空港線", "route_color": "#f7931d", "route_type": "1", "trip_headsign": "筑前前原"}, "geometry": {"type": "LineString", "coordinates": [[130.448549, 33.597052, 0, 1775082840], [130.431265, 33.589956, 0, 1775083020], [130.420616, 33.59013, 0, 1775083200], [130.414656, 33.594156, 0, 1775083320], [130.405988, 33.59438, 0, 1775083440], [130.399379, 33.591493, 0, 1775083560], [130.390946, 33.589134, 0, 1775083680], [130.378844, 33.590081, 0, 1775083740], [130.370443, 33.590278, 0, 1775083860], [130.359714, 33.583726, 0, 1775083980], [130.348202, 33.581376, 0, 1775084100], [130.340145, 33.580947, 0, 1775084220], [130.325038, 33.583772, 0, 1775084340]]}}, {"type": "Feature", "properties": {"trip_id": "空港線_平日_1_234", "route_id": "空港線", "route_color": "#f7931d", "route_type": "1", "trip_headsign": "姪浜"}, "geometry": {"type": "LineString", "coordinates": [[130.405988, 33.59438, 0, 1775083080], [130.399379, 33.591493, 0, 1775083200], [130.390946, 33.589134, 0, 1775083320], [130.378844, 33.590081, 0, 1775083440], [130.370443, 33.590278, 0, 1775083560], [130.359714, 33.583726, 0, 1775083680], [130.348202, 33.581376, 0, 1775083800], [130.340145, 33.580947, 0, 1775083860], [130.325038, 33.583772, 0, 1775084040]]}}, {"type": "Feature", "properties": {"trip_id": "空港線_平日_1_235", "route_id": "空港線", "route_color": "#f7931d", "route_type": "1", "trip_headsign": "姪浜"}, "geometry": {"type": "LineString", "coordinates": [[130.448549, 33.597052, 0, 1775083320], [130.431265, 33.589956, 0, 1775083500], [130.420616, 33.59013, 0, 1775083680], [130.414656, 33.594156, 0, 1775083800], [130.405988, 33.59438, 0, 1775083920], [130.399379, 33.591493, 0, 1775084040], [130.390946, 33.589134, 0, 1775084220], [130.378844, 33.590081, 0, 1775084340], [130.370443, 33.590278, 0, 1775084400], [130.359714, 33.583726, 0, 1775084580], [130.348202, 33.581376, 0, 1775084700], [130.340145, 33.580947, 0, 1775084760], [130.325038, 33.583772, 0, 1775084940]]}}, {"type": "Feature", "properties": {"trip_id": "空港線_平日_1_236", "route_id": "空港線", "route_color": "#f7931d", "route_type": "1", "trip_headsign": "姪浜"}, "geometry": {"type": "LineString", "coordinates": [[130.405988, 33.59438, 0, 1775083620], [130.399379, 33.591493, 0, 1775083740], [130.390946, 33.589134, 0, 1775083860], [130.378844, 33.590081, 0, 1775083980], [130.370443, 33.590278, 0, 1775084100], [130.359714, 33.583726, 0, 1775084220], [130.348202, 33.581376, 0, 1775084340], [130.340145, 33.580947, 0, 1775084400], [130.325038, 33.583772, 0, 1775084580]]}}, {"type": "Feature", "properties": {"trip_id": "空港線_平日_1_237", "route_id": "空港線", "route_color": "#f7931d", "route_type": "1", "trip_headsign": "姪浜"}, "geometry": {"type": "LineString", "coordinates": [[130.448549, 33.597052, 0, 1775083920], [130.431265, 33.589956, 0, 1775084100], [130.420616, 33.59013, 0, 1775084280], [130.414656, 33.594156, 0, 1775084400], [130.405988, 33.59438, 0, 1775084520], [130.399379, 33.591493, 0, 1775084640], [130.390946, 33.589134, 0, 1775084760], [130.378844, 33.590081, 0, 1775084880], [130.370443, 33.590278, 0, 1775084940], [130.359714, 33.583726, 0, 1775085120], [130.348202, 33.581376, 0, 1775085240], [130.340145, 33.580947, 0, 1775085300], [130.325038, 33.583772, 0, 1775085420]]}}, {"type": "Feature", "properties": {"trip_id": "空港線_平日_1_238", "route_id": "空港線", "route_color": "#f7931d", "route_type": "1", "trip_headsign": "姪浜"}, "geometry": {"type": "LineString", "coordinates": [[130.405988, 33.59438, 0, 1775084220], [130.399379, 33.591493, 0, 1775084340], [130.390946, 33.589134, 0, 1775084460], [130.378844, 33.590081, 0, 1775084580], [130.370443, 33.590278, 0, 1775084700], [130.359714, 33.583726, 0, 1775084820], [130.348202, 33.581376, 0, 1775084940], [130.340145, 33.580947, 0, 1775085060], [130.325038, 33.583772, 0, 1775085180]]}}, {"type": "Feature", "properties": {"trip_id": "空港線_平日_1_239", "route_id": "空港線", "route_color": "#f7931d", "route_type": "1", "trip_headsign": "姪浜"}, "geometry": {"type": "LineString", "coordinates": [[130.448549, 33.597052, 0, 1775084520], [130.431265, 33.589956, 0, 1775084640], [130.420616, 33.59013, 0, 1775084820], [130.414656, 33.594156, 0, 1775084940], [130.405988, 33.59438, 0, 1775085060], [130.399379, 33.591493, 0, 1775085180], [130.390946, 33.589134, 0, 1775085300], [130.378844, 33.590081, 0, 1775085420], [130.370443, 33.590278, 0, 1775085480], [130.359714, 33.583726, 0, 1775085660], [130.348202, 33.581376, 0, 1775085780], [130.340145, 33.580947, 0, 1775085840], [130.325038, 33.583772, 0, 1775085960]]}}, {"type": "Feature", "properties": {"trip_id": "空港線_平日_1_240", "route_id": "空港線", "route_color": "#f7931d", "route_type": "1", "trip_headsign": "西唐津"}, "geometry": {"type": "LineString", "coordinates": [[130.448549, 33.597052, 0, 1775085000], [130.431265, 33.589956, 0, 1775085180], [130.420616, 33.59013, 0, 1775085360], [130.414656, 33.594156, 0, 1775085420], [130.405988, 33.59438, 0, 1775085540], [130.399379, 33.591493, 0, 1775085660], [130.390946, 33.589134, 0, 1775085780], [130.378844, 33.590081, 0, 1775085900], [130.370443, 33.590278, 0, 1775086020], [130.359714, 33.583726, 0, 1775086140], [130.348202, 33.581376, 0, 1775086260], [130.340145, 33.580947, 0, 1775086380], [130.325038, 33.583772, 0, 1775086500]]}}, {"type": "Feature", "properties": {"trip_id": "空港線_平日_1_241", "route_id": "空港線", "route_color": "#f7931d", "route_type": "1", "trip_headsign": "姪浜"}, "geometry": {"type": "LineString", "coordinates": [[130.448549, 33.597052, 0, 1775085660], [130.431265, 33.589956, 0, 1775085840], [130.420616, 33.59013, 0, 1775086020], [130.414656, 33.594156, 0, 1775086080], [130.405988, 33.59438, 0, 1775086200], [130.399379, 33.591493, 0, 1775086320], [130.390946, 33.589134, 0, 1775086440], [130.378844, 33.590081, 0, 1775086560], [130.370443, 33.590278, 0, 1775086680], [130.359714, 33.583726, 0, 1775086800], [130.348202, 33.581376, 0, 1775086920], [130.340145, 33.580947, 0, 1775087040], [130.325038, 33.583772, 0, 1775087160]]}}, {"type": "Feature", "properties": {"trip_id": "空港線_平日_1_242", "route_id": "空港線", "route_color": "#f7931d", "route_type": "1", "trip_headsign": "姪浜"}, "geometry": {"type": "LineString", "coordinates": [[130.405988, 33.59438, 0, 1775085840], [130.399379, 33.591493, 0, 1775085960], [130.390946, 33.589134, 0, 1775086080], [130.378844, 33.590081, 0, 1775086200], [130.370443, 33.590278, 0, 1775086260], [130.359714, 33.583726, 0, 1775086440], [130.348202, 33.581376, 0, 1775086560], [130.340145, 33.580947, 0, 1775086620], [130.325038, 33.583772, 0, 1775086740]]}}, {"type": "Feature", "properties": {"trip_id": "空港線_平日_1_243", "route_id": "空港線", "route_color": "#f7931d", "route_type": "1", "trip_headsign": "筑前前原"}, "geometry": {"type": "LineString", "coordinates": [[130.448549, 33.597052, 0, 1775086320], [130.431265, 33.589956, 0, 1775086500], [130.420616, 33.59013, 0, 1775086680], [130.414656, 33.594156, 0, 1775086800], [130.405988, 33.59438, 0, 1775086920], [130.399379, 33.591493, 0, 1775087040], [130.390946, 33.589134, 0, 1775087160], [130.378844, 33.590081, 0, 1775087280], [130.370443, 33.590278, 0, 1775087340], [130.359714, 33.583726, 0, 1775087520], [130.348202, 33.581376, 0, 1775087640], [130.340145, 33.580947, 0, 1775087700], [130.325038, 33.583772, 0, 1775087820]]}}, {"type": "Feature", "properties": {"trip_id": "空港線_平日_1_244", "route_id": "空港線", "route_color": "#f7931d", "route_type": "1", "trip_headsign": "姪浜"}, "geometry": {"type": "LineString", "coordinates": [[130.405988, 33.59438, 0, 1775086380], [130.399379, 33.591493, 0, 1775086500], [130.390946, 33.589134, 0, 1775086620], [130.378844, 33.590081, 0, 1775086740], [130.370443, 33.590278, 0, 1775086860], [130.359714, 33.583726, 0, 1775086980], [130.348202, 33.581376, 0, 1775087100], [130.340145, 33.580947, 0, 1775087220], [130.325038, 33.583772, 0, 1775087340]]}}, {"type": "Feature", "properties": {"trip_id": "空港線_平日_1_245", "route_id": "空港線", "route_color": "#f7931d", "route_type": "1", "trip_headsign": "姪浜"}, "geometry": {"type": "LineString", "coordinates": [[130.448549, 33.597052, 0, 1775086860], [130.431265, 33.589956, 0, 1775087040], [130.420616, 33.59013, 0, 1775087220], [130.414656, 33.594156, 0, 1775087340], [130.405988, 33.59438, 0, 1775087460], [130.399379, 33.591493, 0, 1775087580], [130.390946, 33.589134, 0, 1775087700], [130.378844, 33.590081, 0, 1775087820], [130.370443, 33.590278, 0, 1775087880], [130.359714, 33.583726, 0, 1775088060], [130.348202, 33.581376, 0, 1775088120], [130.340145, 33.580947, 0, 1775088240], [130.325038, 33.583772, 0, 1775088360]]}}, {"type": "Feature", "properties": {"trip_id": "空港線_平日_1_246", "route_id": "空港線", "route_color": "#f7931d", "route_type": "1", "trip_headsign": "姪浜"}, "geometry": {"type": "LineString", "coordinates": [[130.405988, 33.59438, 0, 1775087160], [130.399379, 33.591493, 0, 1775087280], [130.390946, 33.589134, 0, 1775087400], [130.378844, 33.590081, 0, 1775087520], [130.370443, 33.590278, 0, 1775087640], [130.359714, 33.583726, 0, 1775087760], [130.348202, 33.581376, 0, 1775087880], [130.340145, 33.580947, 0, 1775088000], [130.325038, 33.583772, 0, 1775088120]]}}, {"type": "Feature", "properties": {"trip_id": "空港線_平日_1_247", "route_id": "空港線", "route_color": "#f7931d", "route_type": "1", "trip_headsign": "姪浜"}, "geometry": {"type": "LineString", "coordinates": [[130.448549, 33.597052, 0, 1775087280], [130.431265, 33.589956, 0, 1775087460], [130.420616, 33.59013, 0, 1775087640], [130.414656, 33.594156, 0, 1775087700], [130.405988, 33.59438, 0, 1775087820], [130.399379, 33.591493, 0, 1775088000], [130.390946, 33.589134, 0, 1775088120], [130.378844, 33.590081, 0, 1775088240], [130.370443, 33.590278, 0, 1775088300], [130.359714, 33.583726, 0, 1775088480], [130.348202, 33.581376, 0, 1775088540], [130.340145, 33.580947, 0, 1775088660], [130.325038, 33.583772, 0, 1775088780]]}}, {"type": "Feature", "properties": {"trip_id": "空港線_平日_1_248", "route_id": "空港線", "route_color": "#f7931d", "route_type": "1", "trip_headsign": "筑前前原"}, "geometry": {"type": "LineString", "coordinates": [[130.448549, 33.597052, 0, 1775088000], [130.431265, 33.589956, 0, 1775088180], [130.420616, 33.59013, 0, 1775088360], [130.414656, 33.594156, 0, 1775088480], [130.405988, 33.59438, 0, 1775088600], [130.399379, 33.591493, 0, 1775088720], [130.390946, 33.589134, 0, 1775088840], [130.378844, 33.590081, 0, 1775088960], [130.370443, 33.590278, 0, 1775089020], [130.359714, 33.583726, 0, 1775089200], [130.348202, 33.581376, 0, 1775089320], [130.340145, 33.580947, 0, 1775089380], [130.325038, 33.583772, 0, 1775089500]]}}, {"type": "Feature", "properties": {"trip_id": "空港線_平日_1_249", "route_id": "空港線", "route_color": "#f7931d", "route_type": "1", "trip_headsign": "姪浜"}, "geometry": {"type": "LineString", "coordinates": [[130.405988, 33.59438, 0, 1775088360], [130.399379, 33.591493, 0, 1775088480], [130.390946, 33.589134, 0, 1775088600], [130.378844, 33.590081, 0, 1775088720], [130.370443, 33.590278, 0, 1775088840], [130.359714, 33.583726, 0, 1775088960], [130.348202, 33.581376, 0, 1775089080], [130.340145, 33.580947, 0, 1775089140], [130.325038, 33.583772, 0, 1775089320]]}}, {"type": "Feature", "properties": {"trip_id": "空港線_平日_1_250", "route_id": "空港線", "route_color": "#f7931d", "route_type": "1", "trip_headsign": "姪浜"}, "geometry": {"type": "LineString", "coordinates": [[130.448549, 33.597052, 0, 1775088900], [130.431265, 33.589956, 0, 1775089020], [130.420616, 33.59013, 0, 1775089200], [130.414656, 33.594156, 0, 1775089320], [130.405988, 33.59438, 0, 1775089440], [130.399379, 33.591493, 0, 1775089560], [130.390946, 33.589134, 0, 1775089680], [130.378844, 33.590081, 0, 1775089800], [130.370443, 33.590278, 0, 1775089860], [130.359714, 33.583726, 0, 1775090040], [130.348202, 33.581376, 0, 1775090160], [130.340145, 33.580947, 0, 1775090220], [130.325038, 33.583772, 0, 1775090340]]}}, {"type": "Feature", "properties": {"trip_id": "空港線_平日_1_251", "route_id": "空港線", "route_color": "#f7931d", "route_type": "1", "trip_headsign": "姪浜"}, "geometry": {"type": "LineString", "coordinates": [[130.405988, 33.59438, 0, 1775089800], [130.399379, 33.591493, 0, 1775089920], [130.390946, 33.589134, 0, 1775090040], [130.378844, 33.590081, 0, 1775090160], [130.370443, 33.590278, 0, 1775090280], [130.359714, 33.583726, 0, 1775090400], [130.348202, 33.581376, 0, 1775090520], [130.340145, 33.580947, 0, 1775090580], [130.325038, 33.583772, 0, 1775090760]]}}, {"type": "Feature", "properties": {"trip_id": "空港線_平日_1_252", "route_id": "空港線", "route_color": "#f7931d", "route_type": "1", "trip_headsign": "姪浜"}, "geometry": {"type": "LineString", "coordinates": [[130.448549, 33.597052, 0, 1775090100], [130.431265, 33.589956, 0, 1775090280], [130.420616, 33.59013, 0, 1775090400], [130.414656, 33.594156, 0, 1775090520], [130.405988, 33.59438, 0, 1775090640], [130.399379, 33.591493, 0, 1775090760], [130.390946, 33.589134, 0, 1775090880], [130.378844, 33.590081, 0, 1775091000], [130.370443, 33.590278, 0, 1775091120], [130.359714, 33.583726, 0, 1775091240], [130.348202, 33.581376, 0, 1775091360], [130.340145, 33.580947, 0, 1775091420], [130.325038, 33.583772, 0, 1775091600]]}}, {"type": "Feature", "properties": {"trip_id": "箱崎線_平日_0_001", "route_id": "箱崎線", "route_color": "#00aeef", "route_type": "1", "trip_headsign": "貝塚"}, "geometry": {"type": "LineString", "coordinates": [[130.405988, 33.59438, 0, 1775021940], [130.409882, 33.598294, 0, 1775022060], [130.414324, 33.602548, 0, 1775022120], [130.419388, 33.609357, 0, 1775022240], [130.419677, 33.61579, 0, 1775022360], [130.421019, 33.622178, 0, 1775022480], [130.425578, 33.632683, 0, 1775022600]]}}, {"type": "Feature", "properties": {"trip_id": "箱崎線_平日_0_002", "route_id": "箱崎線", "route_color": "#00aeef", "route_type": "1", "trip_headsign": "貝塚"}, "geometry": {"type": "LineString", "coordinates": [[130.405988, 33.59438, 0, 1775022600], [130.409882, 33.598294, 0, 1775022660], [130.414324, 33.602548, 0, 1775022780], [130.419388, 33.609357, 0, 1775022840], [130.419677, 33.61579, 0, 1775022960], [130.421019, 33.622178, 0, 1775023080], [130.425578, 33.632683, 0, 1775023200]]}}, {"type": "Feature", "properties": {"trip_id": "箱崎線_平日_0_003", "route_id": "箱崎線", "route_color": "#00aeef", "route_type": "1", "trip_headsign": "貝塚"}, "geometry": {"type": "LineString", "coordinates": [[130.405988, 33.59438, 0, 1775023200], [130.409882, 33.598294, 0, 1775023320], [130.414324, 33.602548, 0, 1775023380], [130.419388, 33.609357, 0, 1775023500], [130.419677, 33.61579, 0, 1775023620], [130.421019, 33.622178, 0, 1775023680], [130.425578, 33.632683, 0, 1775023800]]}}, {"type": "Feature", "properties": {"trip_id": "箱崎線_平日_0_004", "route_id": "箱崎線", "route_color": "#00aeef", "route_type": "1", "trip_headsign": "貝塚"}, "geometry": {"type": "LineString", "coordinates": [[130.405988, 33.59438, 0, 1775023980], [130.409882, 33.598294, 0, 1775024100], [130.414324, 33.602548, 0, 1775024160], [130.419388, 33.609357, 0, 1775024280], [130.419677, 33.61579, 0, 1775024400], [130.421019, 33.622178, 0, 1775024460], [130.425578, 33.632683, 0, 1775024580]]}}, {"type": "Feature", "properties": {"trip_id": "箱崎線_平日_0_005", "route_id": "箱崎線", "route_color": "#00aeef", "route_type": "1", "trip_headsign": "貝塚"}, "geometry": {"type": "LineString", "coordinates": [[130.405988, 33.59438, 0, 1775024580], [130.409882, 33.598294, 0, 1775024640], [130.414324, 33.602548, 0, 1775024760], [130.419388, 33.609357, 0, 1775024820], [130.419677, 33.61579, 0, 1775024940], [130.421019, 33.622178, 0, 1775025060], [130.425578, 33.632683, 0, 1775025180]]}}, {"type": "Feature", "properties": {"trip_id": "箱崎線_平日_0_006", "route_id": "箱崎線", "route_color": "#00aeef", "route_type": "1", "trip_headsign": "貝塚"}, "geometry": {"type": "LineString", "coordinates": [[130.405988, 33.59438, 0, 1775025360], [130.409882, 33.598294, 0, 1775025420], [130.414324, 33.602548, 0, 1775025540], [130.419388, 33.609357, 0, 1775025600], [130.419677, 33.61579, 0, 1775025720], [130.421019, 33.622178, 0, 1775025840], [130.425578, 33.632683, 0, 1775025960]]}}, {"type": "Feature", "properties": {"trip_id": "箱崎線_平日_0_007", "route_id": "箱崎線", "route_color": "#00aeef", "route_type": "1", "trip_headsign": "貝塚"}, "geometry": {"type": "LineString", "coordinates": [[130.405988, 33.59438, 0, 1775026080], [130.409882, 33.598294, 0, 1775026200], [130.414324, 33.602548, 0, 1775026260], [130.419388, 33.609357, 0, 1775026380], [130.419677, 33.61579, 0, 1775026500], [130.421019, 33.622178, 0, 1775026620], [130.425578, 33.632683, 0, 1775026680]]}}, {"type": "Feature", "properties": {"trip_id": "箱崎線_平日_0_008", "route_id": "箱崎線", "route_color": "#00aeef", "route_type": "1", "trip_headsign": "貝塚"}, "geometry": {"type": "LineString", "coordinates": [[130.405988, 33.59438, 0, 1775026560], [130.409882, 33.598294, 0, 1775026620], [130.414324, 33.602548, 0, 1775026680], [130.419388, 33.609357, 0, 1775026800], [130.419677, 33.61579, 0, 1775026920], [130.421019, 33.622178, 0, 1775027040], [130.425578, 33.632683, 0, 1775027160]]}}, {"type": "Feature", "properties": {"trip_id": "箱崎線_平日_0_009", "route_id": "箱崎線", "route_color": "#00aeef", "route_type": "1", "trip_headsign": "貝塚"}, "geometry": {"type": "LineString", "coordinates": [[130.405988, 33.59438, 0, 1775026800], [130.409882, 33.598294, 0, 1775026860], [130.414324, 33.602548, 0, 1775026980], [130.419388, 33.609357, 0, 1775027040], [130.419677, 33.61579, 0, 1775027160], [130.421019, 33.622178, 0, 1775027280], [130.425578, 33.632683, 0, 1775027400]]}}, {"type": "Feature", "properties": {"trip_id": "箱崎線_平日_0_010", "route_id": "箱崎線", "route_color": "#00aeef", "route_type": "1", "trip_headsign": "貝塚"}, "geometry": {"type": "LineString", "coordinates": [[130.405988, 33.59438, 0, 1775027220], [130.409882, 33.598294, 0, 1775027340], [130.414324, 33.602548, 0, 1775027400], [130.419388, 33.609357, 0, 1775027520], [130.419677, 33.61579, 0, 1775027640], [130.421019, 33.622178, 0, 1775027700], [130.425578, 33.632683, 0, 1775027820]]}}, {"type": "Feature", "properties": {"trip_id": "箱崎線_平日_0_011", "route_id": "箱崎線", "route_color": "#00aeef", "route_type": "1", "trip_headsign": "貝塚"}, "geometry": {"type": "LineString", "coordinates": [[130.405988, 33.59438, 0, 1775027760], [130.409882, 33.598294, 0, 1775027820], [130.414324, 33.602548, 0, 1775027940], [130.419388, 33.609357, 0, 1775028000], [130.419677, 33.61579, 0, 1775028120], [130.421019, 33.622178, 0, 1775028240], [130.425578, 33.632683, 0, 1775028360]]}}, {"type": "Feature", "properties": {"trip_id": "箱崎線_平日_0_012", "route_id": "箱崎線", "route_color": "#00aeef", "route_type": "1", "trip_headsign": "貝塚"}, "geometry": {"type": "LineString", "coordinates": [[130.405988, 33.59438, 0, 1775028360], [130.409882, 33.598294, 0, 1775028480], [130.414324, 33.602548, 0, 1775028540], [130.419388, 33.609357, 0, 1775028660], [130.419677, 33.61579, 0, 1775028780], [130.421019, 33.622178, 0, 1775028900], [130.425578, 33.632683, 0, 1775029020]]}}, {"type": "Feature", "properties": {"trip_id": "箱崎線_平日_0_013", "route_id": "箱崎線", "route_color": "#00aeef", "route_type": "1", "trip_headsign": "貝塚"}, "geometry": {"type": "LineString", "coordinates": [[130.405988, 33.59438, 0, 1775029020], [130.409882, 33.598294, 0, 1775029140], [130.414324, 33.602548, 0, 1775029200], [130.419388, 33.609357, 0, 1775029320], [130.419677, 33.61579, 0, 1775029440], [130.421019, 33.622178, 0, 1775029500], [130.425578, 33.632683, 0, 1775029620]]}}, {"type": "Feature", "properties": {"trip_id": "箱崎線_平日_0_014", "route_id": "箱崎線", "route_color": "#00aeef", "route_type": "1", "trip_headsign": "貝塚"}, "geometry": {"type": "LineString", "coordinates": [[130.405988, 33.59438, 0, 1775029500], [130.409882, 33.598294, 0, 1775029620], [130.414324, 33.602548, 0, 1775029680], [130.419388, 33.609357, 0, 1775029800], [130.419677, 33.61579, 0, 1775029920], [130.421019, 33.622178, 0, 1775030040], [130.425578, 33.632683, 0, 1775030100]]}}, {"type": "Feature", "properties": {"trip_id": "箱崎線_平日_0_015", "route_id": "箱崎線", "route_color": "#00aeef", "route_type": "1", "trip_headsign": "貝塚"}, "geometry": {"type": "LineString", "coordinates": [[130.405988, 33.59438, 0, 1775030040], [130.409882, 33.598294, 0, 1775030160], [130.414324, 33.602548, 0, 1775030220], [130.419388, 33.609357, 0, 1775030340], [130.419677, 33.61579, 0, 1775030460], [130.421019, 33.622178, 0, 1775030520], [130.425578, 33.632683, 0, 1775030640]]}}, {"type": "Feature", "properties": {"trip_id": "箱崎線_平日_0_016", "route_id": "箱崎線", "route_color": "#00aeef", "route_type": "1", "trip_headsign": "貝塚"}, "geometry": {"type": "LineString", "coordinates": [[130.405988, 33.59438, 0, 1775030520], [130.409882, 33.598294, 0, 1775030580], [130.414324, 33.602548, 0, 1775030700], [130.419388, 33.609357, 0, 1775030820], [130.419677, 33.61579, 0, 1775030880], [130.421019, 33.622178, 0, 1775031000], [130.425578, 33.632683, 0, 1775031120]]}}, {"type": "Feature", "properties": {"trip_id": "箱崎線_平日_0_017", "route_id": "箱崎線", "route_color": "#00aeef", "route_type": "1", "trip_headsign": "貝塚"}, "geometry": {"type": "LineString", "coordinates": [[130.405988, 33.59438, 0, 1775030940], [130.409882, 33.598294, 0, 1775031000], [130.414324, 33.602548, 0, 1775031060], [130.419388, 33.609357, 0, 1775031180], [130.419677, 33.61579, 0, 1775031300], [130.421019, 33.622178, 0, 1775031420], [130.425578, 33.632683, 0, 1775031540]]}}, {"type": "Feature", "properties": {"trip_id": "箱崎線_平日_0_018", "route_id": "箱崎線", "route_color": "#00aeef", "route_type": "1", "trip_headsign": "貝塚"}, "geometry": {"type": "LineString", "coordinates": [[130.405988, 33.59438, 0, 1775031360], [130.409882, 33.598294, 0, 1775031420], [130.414324, 33.602548, 0, 1775031540], [130.419388, 33.609357, 0, 1775031600], [130.419677, 33.61579, 0, 1775031720], [130.421019, 33.622178, 0, 1775031840], [130.425578, 33.632683, 0, 1775031960]]}}, {"type": "Feature", "properties": {"trip_id": "箱崎線_平日_0_019", "route_id": "箱崎線", "route_color": "#00aeef", "route_type": "1", "trip_headsign": "貝塚"}, "geometry": {"type": "LineString", "coordinates": [[130.405988, 33.59438, 0, 1775031960], [130.409882, 33.598294, 0, 1775032020], [130.414324, 33.602548, 0, 1775032080], [130.419388, 33.609357, 0, 1775032200], [130.419677, 33.61579, 0, 1775032320], [130.421019, 33.622178, 0, 1775032440], [130.425578, 33.632683, 0, 1775032560]]}}, {"type": "Feature", "properties": {"trip_id": "箱崎線_平日_0_020", "route_id": "箱崎線", "route_color": "#00aeef", "route_type": "1", "trip_headsign": "貝塚"}, "geometry": {"type": "LineString", "coordinates": [[130.405988, 33.59438, 0, 1775032500], [130.409882, 33.598294, 0, 1775032620], [130.414324, 33.602548, 0, 1775032680], [130.419388, 33.609357, 0, 1775032800], [130.419677, 33.61579, 0, 1775032920], [130.421019, 33.622178, 0, 1775033040], [130.425578, 33.632683, 0, 1775033100]]}}, {"type": "Feature", "properties": {"trip_id": "箱崎線_平日_0_021", "route_id": "箱崎線", "route_color": "#00aeef", "route_type": "1", "trip_headsign": "貝塚"}, "geometry": {"type": "LineString", "coordinates": [[130.405988, 33.59438, 0, 1775033100], [130.409882, 33.598294, 0, 1775033160], [130.414324, 33.602548, 0, 1775033220], [130.419388, 33.609357, 0, 1775033340], [130.419677, 33.61579, 0, 1775033460], [130.421019, 33.622178, 0, 1775033580], [130.425578, 33.632683, 0, 1775033700]]}}, {"type": "Feature", "properties": {"trip_id": "箱崎線_平日_0_022", "route_id": "箱崎線", "route_color": "#00aeef", "route_type": "1", "trip_headsign": "貝塚"}, "geometry": {"type": "LineString", "coordinates": [[130.405988, 33.59438, 0, 1775033520], [130.409882, 33.598294, 0, 1775033580], [130.414324, 33.602548, 0, 1775033700], [130.419388, 33.609357, 0, 1775033820], [130.419677, 33.61579, 0, 1775033940], [130.421019, 33.622178, 0, 1775034000], [130.425578, 33.632683, 0, 1775034120]]}}, {"type": "Feature", "properties": {"trip_id": "箱崎線_平日_0_023", "route_id": "箱崎線", "route_color": "#00aeef", "route_type": "1", "trip_headsign": "貝塚"}, "geometry": {"type": "LineString", "coordinates": [[130.405988, 33.59438, 0, 1775033760], [130.409882, 33.598294, 0, 1775033880], [130.414324, 33.602548, 0, 1775033940], [130.419388, 33.609357, 0, 1775034060], [130.419677, 33.61579, 0, 1775034180], [130.421019, 33.622178, 0, 1775034300], [130.425578, 33.632683, 0, 1775034420]]}}, {"type": "Feature", "properties": {"trip_id": "箱崎線_平日_0_024", "route_id": "箱崎線", "route_color": "#00aeef", "route_type": "1", "trip_headsign": "貝塚"}, "geometry": {"type": "LineString", "coordinates": [[130.405988, 33.59438, 0, 1775034300], [130.409882, 33.598294, 0, 1775034360], [130.414324, 33.602548, 0, 1775034480], [130.419388, 33.609357, 0, 1775034600], [130.419677, 33.61579, 0, 1775034720], [130.421019, 33.622178, 0, 1775034780], [130.425578, 33.632683, 0, 1775034900]]}}, {"type": "Feature", "properties": {"trip_id": "箱崎線_平日_0_025", "route_id": "箱崎線", "route_color": "#00aeef", "route_type": "1", "trip_headsign": "貝塚"}, "geometry": {"type": "LineString", "coordinates": [[130.405988, 33.59438, 0, 1775034540], [130.409882, 33.598294, 0, 1775034600], [130.414324, 33.602548, 0, 1775034720], [130.419388, 33.609357, 0, 1775034840], [130.419677, 33.61579, 0, 1775034960], [130.421019, 33.622178, 0, 1775035080], [130.425578, 33.632683, 0, 1775035200]]}}, {"type": "Feature", "properties": {"trip_id": "箱崎線_平日_0_026", "route_id": "箱崎線", "route_color": "#00aeef", "route_type": "1", "trip_headsign": "貝塚"}, "geometry": {"type": "LineString", "coordinates": [[130.405988, 33.59438, 0, 1775035020], [130.409882, 33.598294, 0, 1775035080], [130.414324, 33.602548, 0, 1775035140], [130.419388, 33.609357, 0, 1775035260], [130.419677, 33.61579, 0, 1775035380], [130.421019, 33.622178, 0, 1775035500], [130.425578, 33.632683, 0, 1775035620]]}}, {"type": "Feature", "properties": {"trip_id": "箱崎線_平日_0_027", "route_id": "箱崎線", "route_color": "#00aeef", "route_type": "1", "trip_headsign": "貝塚"}, "geometry": {"type": "LineString", "coordinates": [[130.405988, 33.59438, 0, 1775035320], [130.409882, 33.598294, 0, 1775035380], [130.414324, 33.602548, 0, 1775035500], [130.419388, 33.609357, 0, 1775035620], [130.419677, 33.61579, 0, 1775035740], [130.421019, 33.622178, 0, 1775035860], [130.425578, 33.632683, 0, 1775035980]]}}, {"type": "Feature", "properties": {"trip_id": "箱崎線_平日_0_028", "route_id": "箱崎線", "route_color": "#00aeef", "route_type": "1", "trip_headsign": "貝塚"}, "geometry": {"type": "LineString", "coordinates": [[130.405988, 33.59438, 0, 1775036040], [130.409882, 33.598294, 0, 1775036100], [130.414324, 33.602548, 0, 1775036160], [130.419388, 33.609357, 0, 1775036280], [130.419677, 33.61579, 0, 1775036400], [130.421019, 33.622178, 0, 1775036520], [130.425578, 33.632683, 0, 1775036640]]}}, {"type": "Feature", "properties": {"trip_id": "箱崎線_平日_0_029", "route_id": "箱崎線", "route_color": "#00aeef", "route_type": "1", "trip_headsign": "貝塚"}, "geometry": {"type": "LineString", "coordinates": [[130.405988, 33.59438, 0, 1775036520], [130.409882, 33.598294, 0, 1775036580], [130.414324, 33.602548, 0, 1775036640], [130.419388, 33.609357, 0, 1775036760], [130.419677, 33.61579, 0, 1775036880], [130.421019, 33.622178, 0, 1775037000], [130.425578, 33.632683, 0, 1775037120]]}}, {"type": "Feature", "properties": {"trip_id": "箱崎線_平日_0_030", "route_id": "箱崎線", "route_color": "#00aeef", "route_type": "1", "trip_headsign": "貝塚"}, "geometry": {"type": "LineString", "coordinates": [[130.405988, 33.59438, 0, 1775036940], [130.409882, 33.598294, 0, 1775037000], [130.414324, 33.602548, 0, 1775037120], [130.419388, 33.609357, 0, 1775037240], [130.419677, 33.61579, 0, 1775037300], [130.421019, 33.622178, 0, 1775037420], [130.425578, 33.632683, 0, 1775037540]]}}, {"type": "Feature", "properties": {"trip_id": "箱崎線_平日_0_031", "route_id": "箱崎線", "route_color": "#00aeef", "route_type": "1", "trip_headsign": "貝塚"}, "geometry": {"type": "LineString", "coordinates": [[130.405988, 33.59438, 0, 1775037420], [130.409882, 33.598294, 0, 1775037540], [130.414324, 33.602548, 0, 1775037600], [130.419388, 33.609357, 0, 1775037720], [130.419677, 33.61579, 0, 1775037840], [130.421019, 33.622178, 0, 1775037900], [130.425578, 33.632683, 0, 1775038020]]}}, {"type": "Feature", "properties": {"trip_id": "箱崎線_平日_0_032", "route_id": "箱崎線", "route_color": "#00aeef", "route_type": "1", "trip_headsign": "貝塚"}, "geometry": {"type": "LineString", "coordinates": [[130.405988, 33.59438, 0, 1775037840], [130.409882, 33.598294, 0, 1775037960], [130.414324, 33.602548, 0, 1775038020], [130.419388, 33.609357, 0, 1775038140], [130.419677, 33.61579, 0, 1775038260], [130.421019, 33.622178, 0, 1775038320], [130.425578, 33.632683, 0, 1775038440]]}}, {"type": "Feature", "properties": {"trip_id": "箱崎線_平日_0_033", "route_id": "箱崎線", "route_color": "#00aeef", "route_type": "1", "trip_headsign": "貝塚"}, "geometry": {"type": "LineString", "coordinates": [[130.405988, 33.59438, 0, 1775038260], [130.409882, 33.598294, 0, 1775038320], [130.414324, 33.602548, 0, 1775038440], [130.419388, 33.609357, 0, 1775038500], [130.419677, 33.61579, 0, 1775038620], [130.421019, 33.622178, 0, 1775038740], [130.425578, 33.632683, 0, 1775038860]]}}, {"type": "Feature", "properties": {"trip_id": "箱崎線_平日_0_034", "route_id": "箱崎線", "route_color": "#00aeef", "route_type": "1", "trip_headsign": "貝塚"}, "geometry": {"type": "LineString", "coordinates": [[130.405988, 33.59438, 0, 1775038500], [130.409882, 33.598294, 0, 1775038560], [130.414324, 33.602548, 0, 1775038680], [130.419388, 33.609357, 0, 1775038800], [130.419677, 33.61579, 0, 1775038920], [130.421019, 33.622178, 0, 1775039040], [130.425578, 33.632683, 0, 1775039160]]}}, {"type": "Feature", "properties": {"trip_id": "箱崎線_平日_0_035", "route_id": "箱崎線", "route_color": "#00aeef", "route_type": "1", "trip_headsign": "貝塚"}, "geometry": {"type": "LineString", "coordinates": [[130.405988, 33.59438, 0, 1775039160], [130.409882, 33.598294, 0, 1775039220], [130.414324, 33.602548, 0, 1775039340], [130.419388, 33.609357, 0, 1775039460], [130.419677, 33.61579, 0, 1775039520], [130.421019, 33.622178, 0, 1775039640], [130.425578, 33.632683, 0, 1775039760]]}}, {"type": "Feature", "properties": {"trip_id": "箱崎線_平日_0_036", "route_id": "箱崎線", "route_color": "#00aeef", "route_type": "1", "trip_headsign": "貝塚"}, "geometry": {"type": "LineString", "coordinates": [[130.405988, 33.59438, 0, 1775039640], [130.409882, 33.598294, 0, 1775039760], [130.414324, 33.602548, 0, 1775039820], [130.419388, 33.609357, 0, 1775039940], [130.419677, 33.61579, 0, 1775040060], [130.421019, 33.622178, 0, 1775040180], [130.425578, 33.632683, 0, 1775040300]]}}, {"type": "Feature", "properties": {"trip_id": "箱崎線_平日_0_037", "route_id": "箱崎線", "route_color": "#00aeef", "route_type": "1", "trip_headsign": "貝塚"}, "geometry": {"type": "LineString", "coordinates": [[130.405988, 33.59438, 0, 1775040120], [130.409882, 33.598294, 0, 1775040180], [130.414324, 33.602548, 0, 1775040300], [130.419388, 33.609357, 0, 1775040420], [130.419677, 33.61579, 0, 1775040540], [130.421019, 33.622178, 0, 1775040600], [130.425578, 33.632683, 0, 1775040720]]}}, {"type": "Feature", "properties": {"trip_id": "箱崎線_平日_0_038", "route_id": "箱崎線", "route_color": "#00aeef", "route_type": "1", "trip_headsign": "貝塚"}, "geometry": {"type": "LineString", "coordinates": [[130.405988, 33.59438, 0, 1775040540], [130.409882, 33.598294, 0, 1775040600], [130.414324, 33.602548, 0, 1775040720], [130.419388, 33.609357, 0, 1775040780], [130.419677, 33.61579, 0, 1775040900], [130.421019, 33.622178, 0, 1775041020], [130.425578, 33.632683, 0, 1775041140]]}}, {"type": "Feature", "properties": {"trip_id": "箱崎線_平日_0_039", "route_id": "箱崎線", "route_color": "#00aeef", "route_type": "1", "trip_headsign": "貝塚"}, "geometry": {"type": "LineString", "coordinates": [[130.405988, 33.59438, 0, 1775040960], [130.409882, 33.598294, 0, 1775041080], [130.414324, 33.602548, 0, 1775041140], [130.419388, 33.609357, 0, 1775041260], [130.419677, 33.61579, 0, 1775041380], [130.421019, 33.622178, 0, 1775041440], [130.425578, 33.632683, 0, 1775041560]]}}, {"type": "Feature", "properties": {"trip_id": "箱崎線_平日_0_040", "route_id": "箱崎線", "route_color": "#00aeef", "route_type": "1", "trip_headsign": "貝塚"}, "geometry": {"type": "LineString", "coordinates": [[130.405988, 33.59438, 0, 1775041500], [130.409882, 33.598294, 0, 1775041560], [130.414324, 33.602548, 0, 1775041620], [130.419388, 33.609357, 0, 1775041740], [130.419677, 33.61579, 0, 1775041860], [130.421019, 33.622178, 0, 1775041980], [130.425578, 33.632683, 0, 1775042100]]}}, {"type": "Feature", "properties": {"trip_id": "箱崎線_平日_0_041", "route_id": "箱崎線", "route_color": "#00aeef", "route_type": "1", "trip_headsign": "貝塚"}, "geometry": {"type": "LineString", "coordinates": [[130.405988, 33.59438, 0, 1775041920], [130.409882, 33.598294, 0, 1775041980], [130.414324, 33.602548, 0, 1775042040], [130.419388, 33.609357, 0, 1775042160], [130.419677, 33.61579, 0, 1775042280], [130.421019, 33.622178, 0, 1775042400], [130.425578, 33.632683, 0, 1775042520]]}}, {"type": "Feature", "properties": {"trip_id": "箱崎線_平日_0_042", "route_id": "箱崎線", "route_color": "#00aeef", "route_type": "1", "trip_headsign": "貝塚"}, "geometry": {"type": "LineString", "coordinates": [[130.405988, 33.59438, 0, 1775042400], [130.409882, 33.598294, 0, 1775042460], [130.414324, 33.602548, 0, 1775042580], [130.419388, 33.609357, 0, 1775042700], [130.419677, 33.61579, 0, 1775042760], [130.421019, 33.622178, 0, 1775042880], [130.425578, 33.632683, 0, 1775043000]]}}, {"type": "Feature", "properties": {"trip_id": "箱崎線_平日_0_043", "route_id": "箱崎線", "route_color": "#00aeef", "route_type": "1", "trip_headsign": "貝塚"}, "geometry": {"type": "LineString", "coordinates": [[130.405988, 33.59438, 0, 1775042820], [130.409882, 33.598294, 0, 1775042880], [130.414324, 33.602548, 0, 1775043000], [130.419388, 33.609357, 0, 1775043120], [130.419677, 33.61579, 0, 1775043180], [130.421019, 33.622178, 0, 1775043300], [130.425578, 33.632683, 0, 1775043420]]}}, {"type": "Feature", "properties": {"trip_id": "箱崎線_平日_0_044", "route_id": "箱崎線", "route_color": "#00aeef", "route_type": "1", "trip_headsign": "貝塚"}, "geometry": {"type": "LineString", "coordinates": [[130.405988, 33.59438, 0, 1775043240], [130.409882, 33.598294, 0, 1775043360], [130.414324, 33.602548, 0, 1775043420], [130.419388, 33.609357, 0, 1775043540], [130.419677, 33.61579, 0, 1775043660], [130.421019, 33.622178, 0, 1775043720], [130.425578, 33.632683, 0, 1775043840]]}}, {"type": "Feature", "properties": {"trip_id": "箱崎線_平日_0_045", "route_id": "箱崎線", "route_color": "#00aeef", "route_type": "1", "trip_headsign": "貝塚"}, "geometry": {"type": "LineString", "coordinates": [[130.405988, 33.59438, 0, 1775043660], [130.409882, 33.598294, 0, 1775043720], [130.414324, 33.602548, 0, 1775043840], [130.419388, 33.609357, 0, 1775043900], [130.419677, 33.61579, 0, 1775044020], [130.421019, 33.622178, 0, 1775044140], [130.425578, 33.632683, 0, 1775044260]]}}, {"type": "Feature", "properties": {"trip_id": "箱崎線_平日_0_046", "route_id": "箱崎線", "route_color": "#00aeef", "route_type": "1", "trip_headsign": "貝塚"}, "geometry": {"type": "LineString", "coordinates": [[130.405988, 33.59438, 0, 1775044140], [130.409882, 33.598294, 0, 1775044260], [130.414324, 33.602548, 0, 1775044320], [130.419388, 33.609357, 0, 1775044440], [130.419677, 33.61579, 0, 1775044560], [130.421019, 33.622178, 0, 1775044620], [130.425578, 33.632683, 0, 1775044740]]}}, {"type": "Feature", "properties": {"trip_id": "箱崎線_平日_0_047", "route_id": "箱崎線", "route_color": "#00aeef", "route_type": "1", "trip_headsign": "貝塚"}, "geometry": {"type": "LineString", "coordinates": [[130.405988, 33.59438, 0, 1775044560], [130.409882, 33.598294, 0, 1775044620], [130.414324, 33.602548, 0, 1775044740], [130.419388, 33.609357, 0, 1775044860], [130.419677, 33.61579, 0, 1775044980], [130.421019, 33.622178, 0, 1775045040], [130.425578, 33.632683, 0, 1775045160]]}}, {"type": "Feature", "properties": {"trip_id": "箱崎線_平日_0_048", "route_id": "箱崎線", "route_color": "#00aeef", "route_type": "1", "trip_headsign": "貝塚"}, "geometry": {"type": "LineString", "coordinates": [[130.405988, 33.59438, 0, 1775045040], [130.409882, 33.598294, 0, 1775045100], [130.414324, 33.602548, 0, 1775045220], [130.419388, 33.609357, 0, 1775045340], [130.419677, 33.61579, 0, 1775045460], [130.421019, 33.622178, 0, 1775045520], [130.425578, 33.632683, 0, 1775045640]]}}, {"type": "Feature", "properties": {"trip_id": "箱崎線_平日_0_049", "route_id": "箱崎線", "route_color": "#00aeef", "route_type": "1", "trip_headsign": "貝塚"}, "geometry": {"type": "LineString", "coordinates": [[130.405988, 33.59438, 0, 1775045460], [130.409882, 33.598294, 0, 1775045520], [130.414324, 33.602548, 0, 1775045640], [130.419388, 33.609357, 0, 1775045760], [130.419677, 33.61579, 0, 1775045880], [130.421019, 33.622178, 0, 1775045940], [130.425578, 33.632683, 0, 1775046060]]}}, {"type": "Feature", "properties": {"trip_id": "箱崎線_平日_0_050", "route_id": "箱崎線", "route_color": "#00aeef", "route_type": "1", "trip_headsign": "貝塚"}, "geometry": {"type": "LineString", "coordinates": [[130.405988, 33.59438, 0, 1775045940], [130.409882, 33.598294, 0, 1775046000], [130.414324, 33.602548, 0, 1775046060], [130.419388, 33.609357, 0, 1775046180], [130.419677, 33.61579, 0, 1775046300], [130.421019, 33.622178, 0, 1775046420], [130.425578, 33.632683, 0, 1775046540]]}}, {"type": "Feature", "properties": {"trip_id": "箱崎線_平日_0_051", "route_id": "箱崎線", "route_color": "#00aeef", "route_type": "1", "trip_headsign": "貝塚"}, "geometry": {"type": "LineString", "coordinates": [[130.405988, 33.59438, 0, 1775046360], [130.409882, 33.598294, 0, 1775046420], [130.414324, 33.602548, 0, 1775046540], [130.419388, 33.609357, 0, 1775046600], [130.419677, 33.61579, 0, 1775046720], [130.421019, 33.622178, 0, 1775046840], [130.425578, 33.632683, 0, 1775046960]]}}, {"type": "Feature", "properties": {"trip_id": "箱崎線_平日_0_052", "route_id": "箱崎線", "route_color": "#00aeef", "route_type": "1", "trip_headsign": "貝塚"}, "geometry": {"type": "LineString", "coordinates": [[130.405988, 33.59438, 0, 1775046840], [130.409882, 33.598294, 0, 1775046900], [130.414324, 33.602548, 0, 1775046960], [130.419388, 33.609357, 0, 1775047080], [130.419677, 33.61579, 0, 1775047200], [130.421019, 33.622178, 0, 1775047320], [130.425578, 33.632683, 0, 1775047440]]}}, {"type": "Feature", "properties": {"trip_id": "箱崎線_平日_0_053", "route_id": "箱崎線", "route_color": "#00aeef", "route_type": "1", "trip_headsign": "貝塚"}, "geometry": {"type": "LineString", "coordinates": [[130.405988, 33.59438, 0, 1775047320], [130.409882, 33.598294, 0, 1775047380], [130.414324, 33.602548, 0, 1775047440], [130.419388, 33.609357, 0, 1775047560], [130.419677, 33.61579, 0, 1775047680], [130.421019, 33.622178, 0, 1775047800], [130.425578, 33.632683, 0, 1775047920]]}}, {"type": "Feature", "properties": {"trip_id": "箱崎線_平日_0_054", "route_id": "箱崎線", "route_color": "#00aeef", "route_type": "1", "trip_headsign": "貝塚"}, "geometry": {"type": "LineString", "coordinates": [[130.405988, 33.59438, 0, 1775047740], [130.409882, 33.598294, 0, 1775047800], [130.414324, 33.602548, 0, 1775047920], [130.419388, 33.609357, 0, 1775047980], [130.419677, 33.61579, 0, 1775048100], [130.421019, 33.622178, 0, 1775048220], [130.425578, 33.632683, 0, 1775048340]]}}, {"type": "Feature", "properties": {"trip_id": "箱崎線_平日_0_055", "route_id": "箱崎線", "route_color": "#00aeef", "route_type": "1", "trip_headsign": "貝塚"}, "geometry": {"type": "LineString", "coordinates": [[130.405988, 33.59438, 0, 1775048160], [130.409882, 33.598294, 0, 1775048220], [130.414324, 33.602548, 0, 1775048340], [130.419388, 33.609357, 0, 1775048400], [130.419677, 33.61579, 0, 1775048520], [130.421019, 33.622178, 0, 1775048640], [130.425578, 33.632683, 0, 1775048760]]}}, {"type": "Feature", "properties": {"trip_id": "箱崎線_平日_0_056", "route_id": "箱崎線", "route_color": "#00aeef", "route_type": "1", "trip_headsign": "貝塚"}, "geometry": {"type": "LineString", "coordinates": [[130.405988, 33.59438, 0, 1775048640], [130.409882, 33.598294, 0, 1775048760], [130.414324, 33.602548, 0, 1775048820], [130.419388, 33.609357, 0, 1775048940], [130.419677, 33.61579, 0, 1775049060], [130.421019, 33.622178, 0, 1775049120], [130.425578, 33.632683, 0, 1775049240]]}}, {"type": "Feature", "properties": {"trip_id": "箱崎線_平日_0_057", "route_id": "箱崎線", "route_color": "#00aeef", "route_type": "1", "trip_headsign": "貝塚"}, "geometry": {"type": "LineString", "coordinates": [[130.405988, 33.59438, 0, 1775049060], [130.409882, 33.598294, 0, 1775049120], [130.414324, 33.602548, 0, 1775049240], [130.419388, 33.609357, 0, 1775049300], [130.419677, 33.61579, 0, 1775049420], [130.421019, 33.622178, 0, 1775049540], [130.425578, 33.632683, 0, 1775049660]]}}, {"type": "Feature", "properties": {"trip_id": "箱崎線_平日_0_058", "route_id": "箱崎線", "route_color": "#00aeef", "route_type": "1", "trip_headsign": "貝塚"}, "geometry": {"type": "LineString", "coordinates": [[130.405988, 33.59438, 0, 1775049540], [130.409882, 33.598294, 0, 1775049660], [130.414324, 33.602548, 0, 1775049720], [130.419388, 33.609357, 0, 1775049840], [130.419677, 33.61579, 0, 1775049960], [130.421019, 33.622178, 0, 1775050020], [130.425578, 33.632683, 0, 1775050140]]}}, {"type": "Feature", "properties": {"trip_id": "箱崎線_平日_0_059", "route_id": "箱崎線", "route_color": "#00aeef", "route_type": "1", "trip_headsign": "貝塚"}, "geometry": {"type": "LineString", "coordinates": [[130.405988, 33.59438, 0, 1775049960], [130.409882, 33.598294, 0, 1775050020], [130.414324, 33.602548, 0, 1775050140], [130.419388, 33.609357, 0, 1775050200], [130.419677, 33.61579, 0, 1775050320], [130.421019, 33.622178, 0, 1775050440], [130.425578, 33.632683, 0, 1775050560]]}}, {"type": "Feature", "properties": {"trip_id": "箱崎線_平日_0_060", "route_id": "箱崎線", "route_color": "#00aeef", "route_type": "1", "trip_headsign": "貝塚"}, "geometry": {"type": "LineString", "coordinates": [[130.405988, 33.59438, 0, 1775050440], [130.409882, 33.598294, 0, 1775050560], [130.414324, 33.602548, 0, 1775050620], [130.419388, 33.609357, 0, 1775050740], [130.419677, 33.61579, 0, 1775050860], [130.421019, 33.622178, 0, 1775050920], [130.425578, 33.632683, 0, 1775051040]]}}, {"type": "Feature", "properties": {"trip_id": "箱崎線_平日_0_061", "route_id": "箱崎線", "route_color": "#00aeef", "route_type": "1", "trip_headsign": "貝塚"}, "geometry": {"type": "LineString", "coordinates": [[130.405988, 33.59438, 0, 1775050860], [130.409882, 33.598294, 0, 1775050980], [130.414324, 33.602548, 0, 1775051040], [130.419388, 33.609357, 0, 1775051160], [130.419677, 33.61579, 0, 1775051280], [130.421019, 33.622178, 0, 1775051340], [130.425578, 33.632683, 0, 1775051460]]}}, {"type": "Feature", "properties": {"trip_id": "箱崎線_平日_0_062", "route_id": "箱崎線", "route_color": "#00aeef", "route_type": "1", "trip_headsign": "貝塚"}, "geometry": {"type": "LineString", "coordinates": [[130.405988, 33.59438, 0, 1775051280], [130.409882, 33.598294, 0, 1775051340], [130.414324, 33.602548, 0, 1775051460], [130.419388, 33.609357, 0, 1775051580], [130.419677, 33.61579, 0, 1775051700], [130.421019, 33.622178, 0, 1775051760], [130.425578, 33.632683, 0, 1775051880]]}}, {"type": "Feature", "properties": {"trip_id": "箱崎線_平日_0_063", "route_id": "箱崎線", "route_color": "#00aeef", "route_type": "1", "trip_headsign": "貝塚"}, "geometry": {"type": "LineString", "coordinates": [[130.405988, 33.59438, 0, 1775051760], [130.409882, 33.598294, 0, 1775051820], [130.414324, 33.602548, 0, 1775051940], [130.419388, 33.609357, 0, 1775052000], [130.419677, 33.61579, 0, 1775052120], [130.421019, 33.622178, 0, 1775052240], [130.425578, 33.632683, 0, 1775052360]]}}, {"type": "Feature", "properties": {"trip_id": "箱崎線_平日_0_064", "route_id": "箱崎線", "route_color": "#00aeef", "route_type": "1", "trip_headsign": "貝塚"}, "geometry": {"type": "LineString", "coordinates": [[130.405988, 33.59438, 0, 1775052240], [130.409882, 33.598294, 0, 1775052300], [130.414324, 33.602548, 0, 1775052360], [130.419388, 33.609357, 0, 1775052480], [130.419677, 33.61579, 0, 1775052600], [130.421019, 33.622178, 0, 1775052720], [130.425578, 33.632683, 0, 1775052840]]}}, {"type": "Feature", "properties": {"trip_id": "箱崎線_平日_0_065", "route_id": "箱崎線", "route_color": "#00aeef", "route_type": "1", "trip_headsign": "貝塚"}, "geometry": {"type": "LineString", "coordinates": [[130.405988, 33.59438, 0, 1775052720], [130.409882, 33.598294, 0, 1775052780], [130.414324, 33.602548, 0, 1775052900], [130.419388, 33.609357, 0, 1775052960], [130.419677, 33.61579, 0, 1775053080], [130.421019, 33.622178, 0, 1775053200], [130.425578, 33.632683, 0, 1775053320]]}}, {"type": "Feature", "properties": {"trip_id": "箱崎線_平日_0_066", "route_id": "箱崎線", "route_color": "#00aeef", "route_type": "1", "trip_headsign": "貝塚"}, "geometry": {"type": "LineString", "coordinates": [[130.405988, 33.59438, 0, 1775053140], [130.409882, 33.598294, 0, 1775053200], [130.414324, 33.602548, 0, 1775053320], [130.419388, 33.609357, 0, 1775053440], [130.419677, 33.61579, 0, 1775053560], [130.421019, 33.622178, 0, 1775053620], [130.425578, 33.632683, 0, 1775053740]]}}, {"type": "Feature", "properties": {"trip_id": "箱崎線_平日_0_067", "route_id": "箱崎線", "route_color": "#00aeef", "route_type": "1", "trip_headsign": "貝塚"}, "geometry": {"type": "LineString", "coordinates": [[130.405988, 33.59438, 0, 1775053560], [130.409882, 33.598294, 0, 1775053620], [130.414324, 33.602548, 0, 1775053680], [130.419388, 33.609357, 0, 1775053800], [130.419677, 33.61579, 0, 1775053920], [130.421019, 33.622178, 0, 1775054040], [130.425578, 33.632683, 0, 1775054160]]}}, {"type": "Feature", "properties": {"trip_id": "箱崎線_平日_0_068", "route_id": "箱崎線", "route_color": "#00aeef", "route_type": "1", "trip_headsign": "貝塚"}, "geometry": {"type": "LineString", "coordinates": [[130.405988, 33.59438, 0, 1775054040], [130.409882, 33.598294, 0, 1775054100], [130.414324, 33.602548, 0, 1775054220], [130.419388, 33.609357, 0, 1775054340], [130.419677, 33.61579, 0, 1775054460], [130.421019, 33.622178, 0, 1775054520], [130.425578, 33.632683, 0, 1775054640]]}}, {"type": "Feature", "properties": {"trip_id": "箱崎線_平日_0_069", "route_id": "箱崎線", "route_color": "#00aeef", "route_type": "1", "trip_headsign": "貝塚"}, "geometry": {"type": "LineString", "coordinates": [[130.405988, 33.59438, 0, 1775054460], [130.409882, 33.598294, 0, 1775054520], [130.414324, 33.602548, 0, 1775054640], [130.419388, 33.609357, 0, 1775054700], [130.419677, 33.61579, 0, 1775054820], [130.421019, 33.622178, 0, 1775054940], [130.425578, 33.632683, 0, 1775055060]]}}, {"type": "Feature", "properties": {"trip_id": "箱崎線_平日_0_070", "route_id": "箱崎線", "route_color": "#00aeef", "route_type": "1", "trip_headsign": "貝塚"}, "geometry": {"type": "LineString", "coordinates": [[130.405988, 33.59438, 0, 1775054940], [130.409882, 33.598294, 0, 1775055000], [130.414324, 33.602548, 0, 1775055120], [130.419388, 33.609357, 0, 1775055240], [130.419677, 33.61579, 0, 1775055360], [130.421019, 33.622178, 0, 1775055420], [130.425578, 33.632683, 0, 1775055540]]}}, {"type": "Feature", "properties": {"trip_id": "箱崎線_平日_0_071", "route_id": "箱崎線", "route_color": "#00aeef", "route_type": "1", "trip_headsign": "貝塚"}, "geometry": {"type": "LineString", "coordinates": [[130.405988, 33.59438, 0, 1775055360], [130.409882, 33.598294, 0, 1775055420], [130.414324, 33.602548, 0, 1775055540], [130.419388, 33.609357, 0, 1775055660], [130.419677, 33.61579, 0, 1775055720], [130.421019, 33.622178, 0, 1775055840], [130.425578, 33.632683, 0, 1775055960]]}}, {"type": "Feature", "properties": {"trip_id": "箱崎線_平日_0_072", "route_id": "箱崎線", "route_color": "#00aeef", "route_type": "1", "trip_headsign": "貝塚"}, "geometry": {"type": "LineString", "coordinates": [[130.405988, 33.59438, 0, 1775055840], [130.409882, 33.598294, 0, 1775055960], [130.414324, 33.602548, 0, 1775056020], [130.419388, 33.609357, 0, 1775056140], [130.419677, 33.61579, 0, 1775056260], [130.421019, 33.622178, 0, 1775056320], [130.425578, 33.632683, 0, 1775056440]]}}, {"type": "Feature", "properties": {"trip_id": "箱崎線_平日_0_073", "route_id": "箱崎線", "route_color": "#00aeef", "route_type": "1", "trip_headsign": "貝塚"}, "geometry": {"type": "LineString", "coordinates": [[130.405988, 33.59438, 0, 1775056260], [130.409882, 33.598294, 0, 1775056380], [130.414324, 33.602548, 0, 1775056440], [130.419388, 33.609357, 0, 1775056560], [130.419677, 33.61579, 0, 1775056680], [130.421019, 33.622178, 0, 1775056740], [130.425578, 33.632683, 0, 1775056860]]}}, {"type": "Feature", "properties": {"trip_id": "箱崎線_平日_0_074", "route_id": "箱崎線", "route_color": "#00aeef", "route_type": "1", "trip_headsign": "貝塚"}, "geometry": {"type": "LineString", "coordinates": [[130.405988, 33.59438, 0, 1775056680], [130.409882, 33.598294, 0, 1775056740], [130.414324, 33.602548, 0, 1775056860], [130.419388, 33.609357, 0, 1775056980], [130.419677, 33.61579, 0, 1775057100], [130.421019, 33.622178, 0, 1775057160], [130.425578, 33.632683, 0, 1775057280]]}}, {"type": "Feature", "properties": {"trip_id": "箱崎線_平日_0_075", "route_id": "箱崎線", "route_color": "#00aeef", "route_type": "1", "trip_headsign": "貝塚"}, "geometry": {"type": "LineString", "coordinates": [[130.405988, 33.59438, 0, 1775057160], [130.409882, 33.598294, 0, 1775057220], [130.414324, 33.602548, 0, 1775057340], [130.419388, 33.609357, 0, 1775057460], [130.419677, 33.61579, 0, 1775057520], [130.421019, 33.622178, 0, 1775057640], [130.425578, 33.632683, 0, 1775057760]]}}, {"type": "Feature", "properties": {"trip_id": "箱崎線_平日_0_076", "route_id": "箱崎線", "route_color": "#00aeef", "route_type": "1", "trip_headsign": "貝塚"}, "geometry": {"type": "LineString", "coordinates": [[130.405988, 33.59438, 0, 1775057640], [130.409882, 33.598294, 0, 1775057700], [130.414324, 33.602548, 0, 1775057760], [130.419388, 33.609357, 0, 1775057880], [130.419677, 33.61579, 0, 1775058000], [130.421019, 33.622178, 0, 1775058120], [130.425578, 33.632683, 0, 1775058240]]}}, {"type": "Feature", "properties": {"trip_id": "箱崎線_平日_0_077", "route_id": "箱崎線", "route_color": "#00aeef", "route_type": "1", "trip_headsign": "貝塚"}, "geometry": {"type": "LineString", "coordinates": [[130.405988, 33.59438, 0, 1775058120], [130.409882, 33.598294, 0, 1775058180], [130.414324, 33.602548, 0, 1775058300], [130.419388, 33.609357, 0, 1775058420], [130.419677, 33.61579, 0, 1775058540], [130.421019, 33.622178, 0, 1775058600], [130.425578, 33.632683, 0, 1775058720]]}}, {"type": "Feature", "properties": {"trip_id": "箱崎線_平日_0_078", "route_id": "箱崎線", "route_color": "#00aeef", "route_type": "1", "trip_headsign": "貝塚"}, "geometry": {"type": "LineString", "coordinates": [[130.405988, 33.59438, 0, 1775058540], [130.409882, 33.598294, 0, 1775058600], [130.414324, 33.602548, 0, 1775058720], [130.419388, 33.609357, 0, 1775058840], [130.419677, 33.61579, 0, 1775058960], [130.421019, 33.622178, 0, 1775059020], [130.425578, 33.632683, 0, 1775059140]]}}, {"type": "Feature", "properties": {"trip_id": "箱崎線_平日_0_079", "route_id": "箱崎線", "route_color": "#00aeef", "route_type": "1", "trip_headsign": "貝塚"}, "geometry": {"type": "LineString", "coordinates": [[130.405988, 33.59438, 0, 1775058960], [130.409882, 33.598294, 0, 1775059020], [130.414324, 33.602548, 0, 1775059080], [130.419388, 33.609357, 0, 1775059200], [130.419677, 33.61579, 0, 1775059320], [130.421019, 33.622178, 0, 1775059440], [130.425578, 33.632683, 0, 1775059560]]}}, {"type": "Feature", "properties": {"trip_id": "箱崎線_平日_0_080", "route_id": "箱崎線", "route_color": "#00aeef", "route_type": "1", "trip_headsign": "貝塚"}, "geometry": {"type": "LineString", "coordinates": [[130.405988, 33.59438, 0, 1775059440], [130.409882, 33.598294, 0, 1775059500], [130.414324, 33.602548, 0, 1775059620], [130.419388, 33.609357, 0, 1775059740], [130.419677, 33.61579, 0, 1775059860], [130.421019, 33.622178, 0, 1775059920], [130.425578, 33.632683, 0, 1775060040]]}}, {"type": "Feature", "properties": {"trip_id": "箱崎線_平日_0_081", "route_id": "箱崎線", "route_color": "#00aeef", "route_type": "1", "trip_headsign": "貝塚"}, "geometry": {"type": "LineString", "coordinates": [[130.405988, 33.59438, 0, 1775059860], [130.409882, 33.598294, 0, 1775059920], [130.414324, 33.602548, 0, 1775060040], [130.419388, 33.609357, 0, 1775060100], [130.419677, 33.61579, 0, 1775060220], [130.421019, 33.622178, 0, 1775060340], [130.425578, 33.632683, 0, 1775060460]]}}, {"type": "Feature", "properties": {"trip_id": "箱崎線_平日_0_082", "route_id": "箱崎線", "route_color": "#00aeef", "route_type": "1", "trip_headsign": "貝塚"}, "geometry": {"type": "LineString", "coordinates": [[130.405988, 33.59438, 0, 1775060340], [130.409882, 33.598294, 0, 1775060400], [130.414324, 33.602548, 0, 1775060460], [130.419388, 33.609357, 0, 1775060580], [130.419677, 33.61579, 0, 1775060700], [130.421019, 33.622178, 0, 1775060820], [130.425578, 33.632683, 0, 1775060940]]}}, {"type": "Feature", "properties": {"trip_id": "箱崎線_平日_0_083", "route_id": "箱崎線", "route_color": "#00aeef", "route_type": "1", "trip_headsign": "貝塚"}, "geometry": {"type": "LineString", "coordinates": [[130.405988, 33.59438, 0, 1775060820], [130.409882, 33.598294, 0, 1775060880], [130.414324, 33.602548, 0, 1775060940], [130.419388, 33.609357, 0, 1775061060], [130.419677, 33.61579, 0, 1775061180], [130.421019, 33.622178, 0, 1775061300], [130.425578, 33.632683, 0, 1775061420]]}}, {"type": "Feature", "properties": {"trip_id": "箱崎線_平日_0_084", "route_id": "箱崎線", "route_color": "#00aeef", "route_type": "1", "trip_headsign": "貝塚"}, "geometry": {"type": "LineString", "coordinates": [[130.405988, 33.59438, 0, 1775061300], [130.409882, 33.598294, 0, 1775061420], [130.414324, 33.602548, 0, 1775061480], [130.419388, 33.609357, 0, 1775061600], [130.419677, 33.61579, 0, 1775061720], [130.421019, 33.622178, 0, 1775061780], [130.425578, 33.632683, 0, 1775061900]]}}, {"type": "Feature", "properties": {"trip_id": "箱崎線_平日_0_085", "route_id": "箱崎線", "route_color": "#00aeef", "route_type": "1", "trip_headsign": "貝塚"}, "geometry": {"type": "LineString", "coordinates": [[130.405988, 33.59438, 0, 1775061840], [130.409882, 33.598294, 0, 1775061960], [130.414324, 33.602548, 0, 1775062020], [130.419388, 33.609357, 0, 1775062140], [130.419677, 33.61579, 0, 1775062260], [130.421019, 33.622178, 0, 1775062320], [130.425578, 33.632683, 0, 1775062440]]}}, {"type": "Feature", "properties": {"trip_id": "箱崎線_平日_0_086", "route_id": "箱崎線", "route_color": "#00aeef", "route_type": "1", "trip_headsign": "貝塚"}, "geometry": {"type": "LineString", "coordinates": [[130.405988, 33.59438, 0, 1775062200], [130.409882, 33.598294, 0, 1775062260], [130.414324, 33.602548, 0, 1775062380], [130.419388, 33.609357, 0, 1775062440], [130.419677, 33.61579, 0, 1775062560], [130.421019, 33.622178, 0, 1775062680], [130.425578, 33.632683, 0, 1775062800]]}}, {"type": "Feature", "properties": {"trip_id": "箱崎線_平日_0_087", "route_id": "箱崎線", "route_color": "#00aeef", "route_type": "1", "trip_headsign": "貝塚"}, "geometry": {"type": "LineString", "coordinates": [[130.405988, 33.59438, 0, 1775062620], [130.409882, 33.598294, 0, 1775062740], [130.414324, 33.602548, 0, 1775062800], [130.419388, 33.609357, 0, 1775062920], [130.419677, 33.61579, 0, 1775063040], [130.421019, 33.622178, 0, 1775063160], [130.425578, 33.632683, 0, 1775063280]]}}, {"type": "Feature", "properties": {"trip_id": "箱崎線_平日_0_088", "route_id": "箱崎線", "route_color": "#00aeef", "route_type": "1", "trip_headsign": "貝塚"}, "geometry": {"type": "LineString", "coordinates": [[130.405988, 33.59438, 0, 1775063100], [130.409882, 33.598294, 0, 1775063220], [130.414324, 33.602548, 0, 1775063280], [130.419388, 33.609357, 0, 1775063400], [130.419677, 33.61579, 0, 1775063520], [130.421019, 33.622178, 0, 1775063580], [130.425578, 33.632683, 0, 1775063700]]}}, {"type": "Feature", "properties": {"trip_id": "箱崎線_平日_0_089", "route_id": "箱崎線", "route_color": "#00aeef", "route_type": "1", "trip_headsign": "貝塚"}, "geometry": {"type": "LineString", "coordinates": [[130.405988, 33.59438, 0, 1775063520], [130.409882, 33.598294, 0, 1775063580], [130.414324, 33.602548, 0, 1775063640], [130.419388, 33.609357, 0, 1775063760], [130.419677, 33.61579, 0, 1775063880], [130.421019, 33.622178, 0, 1775064000], [130.425578, 33.632683, 0, 1775064120]]}}, {"type": "Feature", "properties": {"trip_id": "箱崎線_平日_0_090", "route_id": "箱崎線", "route_color": "#00aeef", "route_type": "1", "trip_headsign": "貝塚"}, "geometry": {"type": "LineString", "coordinates": [[130.405988, 33.59438, 0, 1775064000], [130.409882, 33.598294, 0, 1775064060], [130.414324, 33.602548, 0, 1775064180], [130.419388, 33.609357, 0, 1775064300], [130.419677, 33.61579, 0, 1775064420], [130.421019, 33.622178, 0, 1775064480], [130.425578, 33.632683, 0, 1775064600]]}}, {"type": "Feature", "properties": {"trip_id": "箱崎線_平日_0_091", "route_id": "箱崎線", "route_color": "#00aeef", "route_type": "1", "trip_headsign": "貝塚"}, "geometry": {"type": "LineString", "coordinates": [[130.405988, 33.59438, 0, 1775064600], [130.409882, 33.598294, 0, 1775064720], [130.414324, 33.602548, 0, 1775064780], [130.419388, 33.609357, 0, 1775064900], [130.419677, 33.61579, 0, 1775065020], [130.421019, 33.622178, 0, 1775065080], [130.425578, 33.632683, 0, 1775065200]]}}, {"type": "Feature", "properties": {"trip_id": "箱崎線_平日_0_092", "route_id": "箱崎線", "route_color": "#00aeef", "route_type": "1", "trip_headsign": "貝塚"}, "geometry": {"type": "LineString", "coordinates": [[130.405988, 33.59438, 0, 1775065080], [130.409882, 33.598294, 0, 1775065140], [130.414324, 33.602548, 0, 1775065260], [130.419388, 33.609357, 0, 1775065320], [130.419677, 33.61579, 0, 1775065440], [130.421019, 33.622178, 0, 1775065560], [130.425578, 33.632683, 0, 1775065680]]}}, {"type": "Feature", "properties": {"trip_id": "箱崎線_平日_0_093", "route_id": "箱崎線", "route_color": "#00aeef", "route_type": "1", "trip_headsign": "貝塚"}, "geometry": {"type": "LineString", "coordinates": [[130.405988, 33.59438, 0, 1775065440], [130.409882, 33.598294, 0, 1775065500], [130.414324, 33.602548, 0, 1775065620], [130.419388, 33.609357, 0, 1775065740], [130.419677, 33.61579, 0, 1775065860], [130.421019, 33.622178, 0, 1775065920], [130.425578, 33.632683, 0, 1775066040]]}}, {"type": "Feature", "properties": {"trip_id": "箱崎線_平日_0_094", "route_id": "箱崎線", "route_color": "#00aeef", "route_type": "1", "trip_headsign": "貝塚"}, "geometry": {"type": "LineString", "coordinates": [[130.405988, 33.59438, 0, 1775065860], [130.409882, 33.598294, 0, 1775065920], [130.414324, 33.602548, 0, 1775065980], [130.419388, 33.609357, 0, 1775066100], [130.419677, 33.61579, 0, 1775066220], [130.421019, 33.622178, 0, 1775066340], [130.425578, 33.632683, 0, 1775066460]]}}, {"type": "Feature", "properties": {"trip_id": "箱崎線_平日_0_095", "route_id": "箱崎線", "route_color": "#00aeef", "route_type": "1", "trip_headsign": "貝塚"}, "geometry": {"type": "LineString", "coordinates": [[130.405988, 33.59438, 0, 1775066340], [130.409882, 33.598294, 0, 1775066400], [130.414324, 33.602548, 0, 1775066460], [130.419388, 33.609357, 0, 1775066580], [130.419677, 33.61579, 0, 1775066700], [130.421019, 33.622178, 0, 1775066820], [130.425578, 33.632683, 0, 1775066940]]}}, {"type": "Feature", "properties": {"trip_id": "箱崎線_平日_0_096", "route_id": "箱崎線", "route_color": "#00aeef", "route_type": "1", "trip_headsign": "貝塚"}, "geometry": {"type": "LineString", "coordinates": [[130.405988, 33.59438, 0, 1775066760], [130.409882, 33.598294, 0, 1775066880], [130.414324, 33.602548, 0, 1775066940], [130.419388, 33.609357, 0, 1775067060], [130.419677, 33.61579, 0, 1775067180], [130.421019, 33.622178, 0, 1775067240], [130.425578, 33.632683, 0, 1775067360]]}}, {"type": "Feature", "properties": {"trip_id": "箱崎線_平日_0_097", "route_id": "箱崎線", "route_color": "#00aeef", "route_type": "1", "trip_headsign": "貝塚"}, "geometry": {"type": "LineString", "coordinates": [[130.405988, 33.59438, 0, 1775067240], [130.409882, 33.598294, 0, 1775067360], [130.414324, 33.602548, 0, 1775067420], [130.419388, 33.609357, 0, 1775067540], [130.419677, 33.61579, 0, 1775067660], [130.421019, 33.622178, 0, 1775067780], [130.425578, 33.632683, 0, 1775067900]]}}, {"type": "Feature", "properties": {"trip_id": "箱崎線_平日_0_098", "route_id": "箱崎線", "route_color": "#00aeef", "route_type": "1", "trip_headsign": "貝塚"}, "geometry": {"type": "LineString", "coordinates": [[130.405988, 33.59438, 0, 1775067840], [130.409882, 33.598294, 0, 1775067900], [130.414324, 33.602548, 0, 1775068020], [130.419388, 33.609357, 0, 1775068140], [130.419677, 33.61579, 0, 1775068260], [130.421019, 33.622178, 0, 1775068380], [130.425578, 33.632683, 0, 1775068500]]}}, {"type": "Feature", "properties": {"trip_id": "箱崎線_平日_0_099", "route_id": "箱崎線", "route_color": "#00aeef", "route_type": "1", "trip_headsign": "貝塚"}, "geometry": {"type": "LineString", "coordinates": [[130.405988, 33.59438, 0, 1775068200], [130.409882, 33.598294, 0, 1775068260], [130.414324, 33.602548, 0, 1775068320], [130.419388, 33.609357, 0, 1775068440], [130.419677, 33.61579, 0, 1775068560], [130.421019, 33.622178, 0, 1775068680], [130.425578, 33.632683, 0, 1775068800]]}}, {"type": "Feature", "properties": {"trip_id": "箱崎線_平日_0_100", "route_id": "箱崎線", "route_color": "#00aeef", "route_type": "1", "trip_headsign": "貝塚"}, "geometry": {"type": "LineString", "coordinates": [[130.405988, 33.59438, 0, 1775068620], [130.409882, 33.598294, 0, 1775068680], [130.414324, 33.602548, 0, 1775068800], [130.419388, 33.609357, 0, 1775068860], [130.419677, 33.61579, 0, 1775068980], [130.421019, 33.622178, 0, 1775069100], [130.425578, 33.632683, 0, 1775069220]]}}, {"type": "Feature", "properties": {"trip_id": "箱崎線_平日_0_101", "route_id": "箱崎線", "route_color": "#00aeef", "route_type": "1", "trip_headsign": "貝塚"}, "geometry": {"type": "LineString", "coordinates": [[130.405988, 33.59438, 0, 1775069160], [130.409882, 33.598294, 0, 1775069220], [130.414324, 33.602548, 0, 1775069340], [130.419388, 33.609357, 0, 1775069460], [130.419677, 33.61579, 0, 1775069520], [130.421019, 33.622178, 0, 1775069640], [130.425578, 33.632683, 0, 1775069760]]}}, {"type": "Feature", "properties": {"trip_id": "箱崎線_平日_0_102", "route_id": "箱崎線", "route_color": "#00aeef", "route_type": "1", "trip_headsign": "貝塚"}, "geometry": {"type": "LineString", "coordinates": [[130.405988, 33.59438, 0, 1775069700], [130.409882, 33.598294, 0, 1775069760], [130.414324, 33.602548, 0, 1775069880], [130.419388, 33.609357, 0, 1775070000], [130.419677, 33.61579, 0, 1775070060], [130.421019, 33.622178, 0, 1775070180], [130.425578, 33.632683, 0, 1775070300]]}}, {"type": "Feature", "properties": {"trip_id": "箱崎線_平日_0_103", "route_id": "箱崎線", "route_color": "#00aeef", "route_type": "1", "trip_headsign": "貝塚"}, "geometry": {"type": "LineString", "coordinates": [[130.405988, 33.59438, 0, 1775070060], [130.409882, 33.598294, 0, 1775070120], [130.414324, 33.602548, 0, 1775070240], [130.419388, 33.609357, 0, 1775070360], [130.419677, 33.61579, 0, 1775070420], [130.421019, 33.622178, 0, 1775070540], [130.425578, 33.632683, 0, 1775070660]]}}, {"type": "Feature", "properties": {"trip_id": "箱崎線_平日_0_104", "route_id": "箱崎線", "route_color": "#00aeef", "route_type": "1", "trip_headsign": "貝塚"}, "geometry": {"type": "LineString", "coordinates": [[130.405988, 33.59438, 0, 1775070360], [130.409882, 33.598294, 0, 1775070420], [130.414324, 33.602548, 0, 1775070540], [130.419388, 33.609357, 0, 1775070660], [130.419677, 33.61579, 0, 1775070780], [130.421019, 33.622178, 0, 1775070840], [130.425578, 33.632683, 0, 1775070960]]}}, {"type": "Feature", "properties": {"trip_id": "箱崎線_平日_0_105", "route_id": "箱崎線", "route_color": "#00aeef", "route_type": "1", "trip_headsign": "貝塚"}, "geometry": {"type": "LineString", "coordinates": [[130.405988, 33.59438, 0, 1775070660], [130.409882, 33.598294, 0, 1775070720], [130.414324, 33.602548, 0, 1775070840], [130.419388, 33.609357, 0, 1775070960], [130.419677, 33.61579, 0, 1775071020], [130.421019, 33.622178, 0, 1775071140], [130.425578, 33.632683, 0, 1775071260]]}}, {"type": "Feature", "properties": {"trip_id": "箱崎線_平日_0_106", "route_id": "箱崎線", "route_color": "#00aeef", "route_type": "1", "trip_headsign": "貝塚"}, "geometry": {"type": "LineString", "coordinates": [[130.405988, 33.59438, 0, 1775071200], [130.409882, 33.598294, 0, 1775071260], [130.414324, 33.602548, 0, 1775071380], [130.419388, 33.609357, 0, 1775071440], [130.419677, 33.61579, 0, 1775071560], [130.421019, 33.622178, 0, 1775071680], [130.425578, 33.632683, 0, 1775071800]]}}, {"type": "Feature", "properties": {"trip_id": "箱崎線_平日_0_107", "route_id": "箱崎線", "route_color": "#00aeef", "route_type": "1", "trip_headsign": "貝塚"}, "geometry": {"type": "LineString", "coordinates": [[130.405988, 33.59438, 0, 1775071800], [130.409882, 33.598294, 0, 1775071860], [130.414324, 33.602548, 0, 1775071980], [130.419388, 33.609357, 0, 1775072100], [130.419677, 33.61579, 0, 1775072220], [130.421019, 33.622178, 0, 1775072280], [130.425578, 33.632683, 0, 1775072400]]}}, {"type": "Feature", "properties": {"trip_id": "箱崎線_平日_0_108", "route_id": "箱崎線", "route_color": "#00aeef", "route_type": "1", "trip_headsign": "貝塚"}, "geometry": {"type": "LineString", "coordinates": [[130.405988, 33.59438, 0, 1775072400], [130.409882, 33.598294, 0, 1775072460], [130.414324, 33.602548, 0, 1775072580], [130.419388, 33.609357, 0, 1775072640], [130.419677, 33.61579, 0, 1775072760], [130.421019, 33.622178, 0, 1775072880], [130.425578, 33.632683, 0, 1775073000]]}}, {"type": "Feature", "properties": {"trip_id": "箱崎線_平日_0_109", "route_id": "箱崎線", "route_color": "#00aeef", "route_type": "1", "trip_headsign": "貝塚"}, "geometry": {"type": "LineString", "coordinates": [[130.405988, 33.59438, 0, 1775073000], [130.409882, 33.598294, 0, 1775073060], [130.414324, 33.602548, 0, 1775073180], [130.419388, 33.609357, 0, 1775073240], [130.419677, 33.61579, 0, 1775073360], [130.421019, 33.622178, 0, 1775073480], [130.425578, 33.632683, 0, 1775073600]]}}, {"type": "Feature", "properties": {"trip_id": "箱崎線_平日_0_110", "route_id": "箱崎線", "route_color": "#00aeef", "route_type": "1", "trip_headsign": "貝塚"}, "geometry": {"type": "LineString", "coordinates": [[130.405988, 33.59438, 0, 1775073660], [130.409882, 33.598294, 0, 1775073720], [130.414324, 33.602548, 0, 1775073840], [130.419388, 33.609357, 0, 1775073900], [130.419677, 33.61579, 0, 1775074020], [130.421019, 33.622178, 0, 1775074140], [130.425578, 33.632683, 0, 1775074260]]}}, {"type": "Feature", "properties": {"trip_id": "箱崎線_平日_0_111", "route_id": "箱崎線", "route_color": "#00aeef", "route_type": "1", "trip_headsign": "貝塚"}, "geometry": {"type": "LineString", "coordinates": [[130.405988, 33.59438, 0, 1775074200], [130.409882, 33.598294, 0, 1775074260], [130.414324, 33.602548, 0, 1775074320], [130.419388, 33.609357, 0, 1775074440], [130.419677, 33.61579, 0, 1775074560], [130.421019, 33.622178, 0, 1775074680], [130.425578, 33.632683, 0, 1775074800]]}}, {"type": "Feature", "properties": {"trip_id": "箱崎線_平日_0_112", "route_id": "箱崎線", "route_color": "#00aeef", "route_type": "1", "trip_headsign": "貝塚"}, "geometry": {"type": "LineString", "coordinates": [[130.405988, 33.59438, 0, 1775074620], [130.409882, 33.598294, 0, 1775074680], [130.414324, 33.602548, 0, 1775074800], [130.419388, 33.609357, 0, 1775074920], [130.419677, 33.61579, 0, 1775074980], [130.421019, 33.622178, 0, 1775075100], [130.425578, 33.632683, 0, 1775075220]]}}, {"type": "Feature", "properties": {"trip_id": "箱崎線_平日_0_113", "route_id": "箱崎線", "route_color": "#00aeef", "route_type": "1", "trip_headsign": "貝塚"}, "geometry": {"type": "LineString", "coordinates": [[130.405988, 33.59438, 0, 1775075100], [130.409882, 33.598294, 0, 1775075160], [130.414324, 33.602548, 0, 1775075280], [130.419388, 33.609357, 0, 1775075340], [130.419677, 33.61579, 0, 1775075460], [130.421019, 33.622178, 0, 1775075580], [130.425578, 33.632683, 0, 1775075700]]}}, {"type": "Feature", "properties": {"trip_id": "箱崎線_平日_0_114", "route_id": "箱崎線", "route_color": "#00aeef", "route_type": "1", "trip_headsign": "貝塚"}, "geometry": {"type": "LineString", "coordinates": [[130.405988, 33.59438, 0, 1775075760], [130.409882, 33.598294, 0, 1775075820], [130.414324, 33.602548, 0, 1775075940], [130.419388, 33.609357, 0, 1775076000], [130.419677, 33.61579, 0, 1775076120], [130.421019, 33.622178, 0, 1775076240], [130.425578, 33.632683, 0, 1775076360]]}}, {"type": "Feature", "properties": {"trip_id": "箱崎線_平日_0_115", "route_id": "箱崎線", "route_color": "#00aeef", "route_type": "1", "trip_headsign": "貝塚"}, "geometry": {"type": "LineString", "coordinates": [[130.405988, 33.59438, 0, 1775076300], [130.409882, 33.598294, 0, 1775076360], [130.414324, 33.602548, 0, 1775076420], [130.419388, 33.609357, 0, 1775076540], [130.419677, 33.61579, 0, 1775076660], [130.421019, 33.622178, 0, 1775076780], [130.425578, 33.632683, 0, 1775076900]]}}, {"type": "Feature", "properties": {"trip_id": "箱崎線_平日_0_116", "route_id": "箱崎線", "route_color": "#00aeef", "route_type": "1", "trip_headsign": "貝塚"}, "geometry": {"type": "LineString", "coordinates": [[130.405988, 33.59438, 0, 1775076900], [130.409882, 33.598294, 0, 1775076960], [130.414324, 33.602548, 0, 1775077080], [130.419388, 33.609357, 0, 1775077200], [130.419677, 33.61579, 0, 1775077320], [130.421019, 33.622178, 0, 1775077380], [130.425578, 33.632683, 0, 1775077500]]}}, {"type": "Feature", "properties": {"trip_id": "箱崎線_平日_0_117", "route_id": "箱崎線", "route_color": "#00aeef", "route_type": "1", "trip_headsign": "貝塚"}, "geometry": {"type": "LineString", "coordinates": [[130.405988, 33.59438, 0, 1775077560], [130.409882, 33.598294, 0, 1775077620], [130.414324, 33.602548, 0, 1775077740], [130.419388, 33.609357, 0, 1775077860], [130.419677, 33.61579, 0, 1775077980], [130.421019, 33.622178, 0, 1775078040], [130.425578, 33.632683, 0, 1775078160]]}}, {"type": "Feature", "properties": {"trip_id": "箱崎線_平日_0_118", "route_id": "箱崎線", "route_color": "#00aeef", "route_type": "1", "trip_headsign": "貝塚"}, "geometry": {"type": "LineString", "coordinates": [[130.405988, 33.59438, 0, 1775078160], [130.409882, 33.598294, 0, 1775078280], [130.414324, 33.602548, 0, 1775078340], [130.419388, 33.609357, 0, 1775078460], [130.419677, 33.61579, 0, 1775078580], [130.421019, 33.622178, 0, 1775078640], [130.425578, 33.632683, 0, 1775078760]]}}, {"type": "Feature", "properties": {"trip_id": "箱崎線_平日_0_119", "route_id": "箱崎線", "route_color": "#00aeef", "route_type": "1", "trip_headsign": "貝塚"}, "geometry": {"type": "LineString", "coordinates": [[130.405988, 33.59438, 0, 1775078940], [130.409882, 33.598294, 0, 1775079000], [130.414324, 33.602548, 0, 1775079120], [130.419388, 33.609357, 0, 1775079240], [130.419677, 33.61579, 0, 1775079360], [130.421019, 33.622178, 0, 1775079420], [130.425578, 33.632683, 0, 1775079540]]}}, {"type": "Feature", "properties": {"trip_id": "箱崎線_平日_0_120", "route_id": "箱崎線", "route_color": "#00aeef", "route_type": "1", "trip_headsign": "貝塚"}, "geometry": {"type": "LineString", "coordinates": [[130.405988, 33.59438, 0, 1775079840], [130.409882, 33.598294, 0, 1775079960], [130.414324, 33.602548, 0, 1775080020], [130.419388, 33.609357, 0, 1775080140], [130.419677, 33.61579, 0, 1775080260], [130.421019, 33.622178, 0, 1775080380], [130.425578, 33.632683, 0, 1775080440]]}}, {"type": "Feature", "properties": {"trip_id": "箱崎線_平日_0_121", "route_id": "箱崎線", "route_color": "#00aeef", "route_type": "1", "trip_headsign": "貝塚"}, "geometry": {"type": "LineString", "coordinates": [[130.405988, 33.59438, 0, 1775080740], [130.409882, 33.598294, 0, 1775080800], [130.414324, 33.602548, 0, 1775080920], [130.419388, 33.609357, 0, 1775081040], [130.419677, 33.61579, 0, 1775081160], [130.421019, 33.622178, 0, 1775081220], [130.425578, 33.632683, 0, 1775081340]]}}, {"type": "Feature", "properties": {"trip_id": "箱崎線_平日_0_122", "route_id": "箱崎線", "route_color": "#00aeef", "route_type": "1", "trip_headsign": "貝塚"}, "geometry": {"type": "LineString", "coordinates": [[130.405988, 33.59438, 0, 1775081280], [130.409882, 33.598294, 0, 1775081340], [130.414324, 33.602548, 0, 1775081400], [130.419388, 33.609357, 0, 1775081520], [130.419677, 33.61579, 0, 1775081640], [130.421019, 33.622178, 0, 1775081760], [130.425578, 33.632683, 0, 1775081880]]}}, {"type": "Feature", "properties": {"trip_id": "箱崎線_平日_0_123", "route_id": "箱崎線", "route_color": "#00aeef", "route_type": "1", "trip_headsign": "貝塚"}, "geometry": {"type": "LineString", "coordinates": [[130.405988, 33.59438, 0, 1775081880], [130.409882, 33.598294, 0, 1775082000], [130.414324, 33.602548, 0, 1775082060], [130.419388, 33.609357, 0, 1775082180], [130.419677, 33.61579, 0, 1775082300], [130.421019, 33.622178, 0, 1775082420], [130.425578, 33.632683, 0, 1775082480]]}}, {"type": "Feature", "properties": {"trip_id": "箱崎線_平日_0_124", "route_id": "箱崎線", "route_color": "#00aeef", "route_type": "1", "trip_headsign": "貝塚"}, "geometry": {"type": "LineString", "coordinates": [[130.405988, 33.59438, 0, 1775082660], [130.409882, 33.598294, 0, 1775082720], [130.414324, 33.602548, 0, 1775082840], [130.419388, 33.609357, 0, 1775082900], [130.419677, 33.61579, 0, 1775083020], [130.421019, 33.622178, 0, 1775083140], [130.425578, 33.632683, 0, 1775083260]]}}, {"type": "Feature", "properties": {"trip_id": "箱崎線_平日_0_125", "route_id": "箱崎線", "route_color": "#00aeef", "route_type": "1", "trip_headsign": "貝塚"}, "geometry": {"type": "LineString", "coordinates": [[130.405988, 33.59438, 0, 1775083260], [130.409882, 33.598294, 0, 1775083380], [130.414324, 33.602548, 0, 1775083440], [130.419388, 33.609357, 0, 1775083560], [130.419677, 33.61579, 0, 1775083680], [130.421019, 33.622178, 0, 1775083740], [130.425578, 33.632683, 0, 1775083860]]}}, {"type": "Feature", "properties": {"trip_id": "箱崎線_平日_0_126", "route_id": "箱崎線", "route_color": "#00aeef", "route_type": "1", "trip_headsign": "貝塚"}, "geometry": {"type": "LineString", "coordinates": [[130.405988, 33.59438, 0, 1775083980], [130.409882, 33.598294, 0, 1775084040], [130.414324, 33.602548, 0, 1775084160], [130.419388, 33.609357, 0, 1775084280], [130.419677, 33.61579, 0, 1775084400], [130.421019, 33.622178, 0, 1775084460], [130.425578, 33.632683, 0, 1775084580]]}}, {"type": "Feature", "properties": {"trip_id": "箱崎線_平日_0_127", "route_id": "箱崎線", "route_color": "#00aeef", "route_type": "1", "trip_headsign": "貝塚"}, "geometry": {"type": "LineString", "coordinates": [[130.405988, 33.59438, 0, 1775084940], [130.409882, 33.598294, 0, 1775085060], [130.414324, 33.602548, 0, 1775085120], [130.419388, 33.609357, 0, 1775085240], [130.419677, 33.61579, 0, 1775085360], [130.421019, 33.622178, 0, 1775085480], [130.425578, 33.632683, 0, 1775085540]]}}, {"type": "Feature", "properties": {"trip_id": "箱崎線_平日_0_128", "route_id": "箱崎線", "route_color": "#00aeef", "route_type": "1", "trip_headsign": "貝塚"}, "geometry": {"type": "LineString", "coordinates": [[130.405988, 33.59438, 0, 1775085720], [130.409882, 33.598294, 0, 1775085840], [130.414324, 33.602548, 0, 1775085900], [130.419388, 33.609357, 0, 1775086020], [130.419677, 33.61579, 0, 1775086140], [130.421019, 33.622178, 0, 1775086200], [130.425578, 33.632683, 0, 1775086320]]}}, {"type": "Feature", "properties": {"trip_id": "箱崎線_平日_0_129", "route_id": "箱崎線", "route_color": "#00aeef", "route_type": "1", "trip_headsign": "貝塚"}, "geometry": {"type": "LineString", "coordinates": [[130.405988, 33.59438, 0, 1775086800], [130.409882, 33.598294, 0, 1775086860], [130.414324, 33.602548, 0, 1775086980], [130.419388, 33.609357, 0, 1775087100], [130.419677, 33.61579, 0, 1775087220], [130.421019, 33.622178, 0, 1775087280], [130.425578, 33.632683, 0, 1775087400]]}}, {"type": "Feature", "properties": {"trip_id": "箱崎線_平日_0_130", "route_id": "箱崎線", "route_color": "#00aeef", "route_type": "1", "trip_headsign": "貝塚"}, "geometry": {"type": "LineString", "coordinates": [[130.405988, 33.59438, 0, 1775087880], [130.409882, 33.598294, 0, 1775088000], [130.414324, 33.602548, 0, 1775088060], [130.419388, 33.609357, 0, 1775088180], [130.419677, 33.61579, 0, 1775088300], [130.421019, 33.622178, 0, 1775088420], [130.425578, 33.632683, 0, 1775088540]]}}, {"type": "Feature", "properties": {"trip_id": "箱崎線_平日_0_131", "route_id": "箱崎線", "route_color": "#00aeef", "route_type": "1", "trip_headsign": "貝塚"}, "geometry": {"type": "LineString", "coordinates": [[130.405988, 33.59438, 0, 1775089560], [130.409882, 33.598294, 0, 1775089680], [130.414324, 33.602548, 0, 1775089740], [130.419388, 33.609357, 0, 1775089860], [130.419677, 33.61579, 0, 1775089980], [130.421019, 33.622178, 0, 1775090100], [130.425578, 33.632683, 0, 1775090220]]}}, {"type": "Feature", "properties": {"trip_id": "箱崎線_平日_1_001", "route_id": "箱崎線", "route_color": "#00aeef", "route_type": "1", "trip_headsign": "姪浜"}, "geometry": {"type": "LineString", "coordinates": [[130.425578, 33.632683, 0, 1775021400], [130.421019, 33.622178, 0, 1775021520], [130.419677, 33.61579, 0, 1775021640], [130.419388, 33.609357, 0, 1775021700], [130.414324, 33.602548, 0, 1775021820], [130.409882, 33.598294, 0, 1775021940], [130.405988, 33.59438, 0, 1775022000]]}}, {"type": "Feature", "properties": {"trip_id": "箱崎線_平日_1_002", "route_id": "箱崎線", "route_color": "#00aeef", "route_type": "1", "trip_headsign": "姪浜"}, "geometry": {"type": "LineString", "coordinates": [[130.425578, 33.632683, 0, 1775022780], [130.421019, 33.622178, 0, 1775022900], [130.419677, 33.61579, 0, 1775023020], [130.419388, 33.609357, 0, 1775023080], [130.414324, 33.602548, 0, 1775023200], [130.409882, 33.598294, 0, 1775023320], [130.405988, 33.59438, 0, 1775023380]]}}, {"type": "Feature", "properties": {"trip_id": "箱崎線_平日_1_003", "route_id": "箱崎線", "route_color": "#00aeef", "route_type": "1", "trip_headsign": "姪浜"}, "geometry": {"type": "LineString", "coordinates": [[130.425578, 33.632683, 0, 1775023380], [130.421019, 33.622178, 0, 1775023500], [130.419677, 33.61579, 0, 1775023620], [130.419388, 33.609357, 0, 1775023740], [130.414324, 33.602548, 0, 1775023860], [130.409882, 33.598294, 0, 1775023920], [130.405988, 33.59438, 0, 1775024040]]}}, {"type": "Feature", "properties": {"trip_id": "箱崎線_平日_1_004", "route_id": "箱崎線", "route_color": "#00aeef", "route_type": "1", "trip_headsign": "中洲川端"}, "geometry": {"type": "LineString", "coordinates": [[130.425578, 33.632683, 0, 1775024100], [130.421019, 33.622178, 0, 1775024220], [130.419677, 33.61579, 0, 1775024280], [130.419388, 33.609357, 0, 1775024400], [130.414324, 33.602548, 0, 1775024520], [130.409882, 33.598294, 0, 1775024640], [130.405988, 33.59438, 0, 1775024700]]}}, {"type": "Feature", "properties": {"trip_id": "箱崎線_平日_1_005", "route_id": "箱崎線", "route_color": "#00aeef", "route_type": "1", "trip_headsign": "姪浜"}, "geometry": {"type": "LineString", "coordinates": [[130.425578, 33.632683, 0, 1775024880], [130.421019, 33.622178, 0, 1775025000], [130.419677, 33.61579, 0, 1775025120], [130.419388, 33.609357, 0, 1775025180], [130.414324, 33.602548, 0, 1775025300], [130.409882, 33.598294, 0, 1775025420], [130.405988, 33.59438, 0, 1775025480]]}}, {"type": "Feature", "properties": {"trip_id": "箱崎線_平日_1_006", "route_id": "箱崎線", "route_color": "#00aeef", "route_type": "1", "trip_headsign": "中洲川端"}, "geometry": {"type": "LineString", "coordinates": [[130.425578, 33.632683, 0, 1775025420], [130.421019, 33.622178, 0, 1775025540], [130.419677, 33.61579, 0, 1775025660], [130.419388, 33.609357, 0, 1775025780], [130.414324, 33.602548, 0, 1775025900], [130.409882, 33.598294, 0, 1775025960], [130.405988, 33.59438, 0, 1775026020]]}}, {"type": "Feature", "properties": {"trip_id": "箱崎線_平日_1_007", "route_id": "箱崎線", "route_color": "#00aeef", "route_type": "1", "trip_headsign": "姪浜"}, "geometry": {"type": "LineString", "coordinates": [[130.425578, 33.632683, 0, 1775026200], [130.421019, 33.622178, 0, 1775026320], [130.419677, 33.61579, 0, 1775026440], [130.419388, 33.609357, 0, 1775026560], [130.414324, 33.602548, 0, 1775026620], [130.409882, 33.598294, 0, 1775026740], [130.405988, 33.59438, 0, 1775026860]]}}, {"type": "Feature", "properties": {"trip_id": "箱崎線_平日_1_008", "route_id": "箱崎線", "route_color": "#00aeef", "route_type": "1", "trip_headsign": "中洲川端"}, "geometry": {"type": "LineString", "coordinates": [[130.425578, 33.632683, 0, 1775026920], [130.421019, 33.622178, 0, 1775027040], [130.419677, 33.61579, 0, 1775027160], [130.419388, 33.609357, 0, 1775027220], [130.414324, 33.602548, 0, 1775027340], [130.409882, 33.598294, 0, 1775027460], [130.405988, 33.59438, 0, 1775027520]]}}, {"type": "Feature", "properties": {"trip_id": "箱崎線_平日_1_009", "route_id": "箱崎線", "route_color": "#00aeef", "route_type": "1", "trip_headsign": "姪浜"}, "geometry": {"type": "LineString", "coordinates": [[130.425578, 33.632683, 0, 1775027460], [130.421019, 33.622178, 0, 1775027580], [130.419677, 33.61579, 0, 1775027700], [130.419388, 33.609357, 0, 1775027820], [130.414324, 33.602548, 0, 1775027880], [130.409882, 33.598294, 0, 1775028000], [130.405988, 33.59438, 0, 1775028120]]}}, {"type": "Feature", "properties": {"trip_id": "箱崎線_平日_1_010", "route_id": "箱崎線", "route_color": "#00aeef", "route_type": "1", "trip_headsign": "姪浜"}, "geometry": {"type": "LineString", "coordinates": [[130.425578, 33.632683, 0, 1775028000], [130.421019, 33.622178, 0, 1775028120], [130.419677, 33.61579, 0, 1775028180], [130.419388, 33.609357, 0, 1775028300], [130.414324, 33.602548, 0, 1775028420], [130.409882, 33.598294, 0, 1775028540], [130.405988, 33.59438, 0, 1775028600]]}}, {"type": "Feature", "properties": {"trip_id": "箱崎線_平日_1_011", "route_id": "箱崎線", "route_color": "#00aeef", "route_type": "1", "trip_headsign": "中洲川端"}, "geometry": {"type": "LineString", "coordinates": [[130.425578, 33.632683, 0, 1775028480], [130.421019, 33.622178, 0, 1775028600], [130.419677, 33.61579, 0, 1775028660], [130.419388, 33.609357, 0, 1775028780], [130.414324, 33.602548, 0, 1775028900], [130.409882, 33.598294, 0, 1775029020], [130.405988, 33.59438, 0, 1775029080]]}}, {"type": "Feature", "properties": {"trip_id": "箱崎線_平日_1_012", "route_id": "箱崎線", "route_color": "#00aeef", "route_type": "1", "trip_headsign": "姪浜"}, "geometry": {"type": "LineString", "coordinates": [[130.425578, 33.632683, 0, 1775028840], [130.421019, 33.622178, 0, 1775028960], [130.419677, 33.61579, 0, 1775029020], [130.419388, 33.609357, 0, 1775029140], [130.414324, 33.602548, 0, 1775029260], [130.409882, 33.598294, 0, 1775029380], [130.405988, 33.59438, 0, 1775029440]]}}, {"type": "Feature", "properties": {"trip_id": "箱崎線_平日_1_013", "route_id": "箱崎線", "route_color": "#00aeef", "route_type": "1", "trip_headsign": "中洲川端"}, "geometry": {"type": "LineString", "coordinates": [[130.425578, 33.632683, 0, 1775029440], [130.421019, 33.622178, 0, 1775029560], [130.419677, 33.61579, 0, 1775029620], [130.419388, 33.609357, 0, 1775029740], [130.414324, 33.602548, 0, 1775029860], [130.409882, 33.598294, 0, 1775029920], [130.405988, 33.59438, 0, 1775029980]]}}, {"type": "Feature", "properties": {"trip_id": "箱崎線_平日_1_014", "route_id": "箱崎線", "route_color": "#00aeef", "route_type": "1", "trip_headsign": "中洲川端"}, "geometry": {"type": "LineString", "coordinates": [[130.425578, 33.632683, 0, 1775030220], [130.421019, 33.622178, 0, 1775030340], [130.419677, 33.61579, 0, 1775030460], [130.419388, 33.609357, 0, 1775030580], [130.414324, 33.602548, 0, 1775030640], [130.409882, 33.598294, 0, 1775030760], [130.405988, 33.59438, 0, 1775030820]]}}, {"type": "Feature", "properties": {"trip_id": "箱崎線_平日_1_015", "route_id": "箱崎線", "route_color": "#00aeef", "route_type": "1", "trip_headsign": "姪浜"}, "geometry": {"type": "LineString", "coordinates": [[130.425578, 33.632683, 0, 1775030640], [130.421019, 33.622178, 0, 1775030760], [130.419677, 33.61579, 0, 1775030880], [130.419388, 33.609357, 0, 1775031000], [130.414324, 33.602548, 0, 1775031120], [130.409882, 33.598294, 0, 1775031240], [130.405988, 33.59438, 0, 1775031360]]}}, {"type": "Feature", "properties": {"trip_id": "箱崎線_平日_1_016", "route_id": "箱崎線", "route_color": "#00aeef", "route_type": "1", "trip_headsign": "中洲川端"}, "geometry": {"type": "LineString", "coordinates": [[130.425578, 33.632683, 0, 1775031000], [130.421019, 33.622178, 0, 1775031120], [130.419677, 33.61579, 0, 1775031180], [130.419388, 33.609357, 0, 1775031300], [130.414324, 33.602548, 0, 1775031480], [130.409882, 33.598294, 0, 1775031540], [130.405988, 33.59438, 0, 1775031660]]}}, {"type": "Feature", "properties": {"trip_id": "箱崎線_平日_1_017", "route_id": "箱崎線", "route_color": "#00aeef", "route_type": "1", "trip_headsign": "姪浜"}, "geometry": {"type": "LineString", "coordinates": [[130.425578, 33.632683, 0, 1775031360], [130.421019, 33.622178, 0, 1775031420], [130.419677, 33.61579, 0, 1775031540], [130.419388, 33.609357, 0, 1775031660], [130.414324, 33.602548, 0, 1775031780], [130.409882, 33.598294, 0, 1775031840], [130.405988, 33.59438, 0, 1775031960]]}}, {"type": "Feature", "properties": {"trip_id": "箱崎線_平日_1_018", "route_id": "箱崎線", "route_color": "#00aeef", "route_type": "1", "trip_headsign": "中洲川端"}, "geometry": {"type": "LineString", "coordinates": [[130.425578, 33.632683, 0, 1775031960], [130.421019, 33.622178, 0, 1775032080], [130.419677, 33.61579, 0, 1775032200], [130.419388, 33.609357, 0, 1775032320], [130.414324, 33.602548, 0, 1775032440], [130.409882, 33.598294, 0, 1775032560], [130.405988, 33.59438, 0, 1775032620]]}}, {"type": "Feature", "properties": {"trip_id": "箱崎線_平日_1_019", "route_id": "箱崎線", "route_color": "#00aeef", "route_type": "1", "trip_headsign": "姪浜"}, "geometry": {"type": "LineString", "coordinates": [[130.425578, 33.632683, 0, 1775032440], [130.421019, 33.622178, 0, 1775032560], [130.419677, 33.61579, 0, 1775032680], [130.419388, 33.609357, 0, 1775032800], [130.414324, 33.602548, 0, 1775032920], [130.409882, 33.598294, 0, 1775033040], [130.405988, 33.59438, 0, 1775033160]]}}, {"type": "Feature", "properties": {"trip_id": "箱崎線_平日_1_020", "route_id": "箱崎線", "route_color": "#00aeef", "route_type": "1", "trip_headsign": "中洲川端"}, "geometry": {"type": "LineString", "coordinates": [[130.425578, 33.632683, 0, 1775032920], [130.421019, 33.622178, 0, 1775033040], [130.419677, 33.61579, 0, 1775033160], [130.419388, 33.609357, 0, 1775033280], [130.414324, 33.602548, 0, 1775033340], [130.409882, 33.598294, 0, 1775033460], [130.405988, 33.59438, 0, 1775033520]]}}, {"type": "Feature", "properties": {"trip_id": "箱崎線_平日_1_021", "route_id": "箱崎線", "route_color": "#00aeef", "route_type": "1", "trip_headsign": "姪浜"}, "geometry": {"type": "LineString", "coordinates": [[130.425578, 33.632683, 0, 1775033400], [130.421019, 33.622178, 0, 1775033520], [130.419677, 33.61579, 0, 1775033640], [130.419388, 33.609357, 0, 1775033760], [130.414324, 33.602548, 0, 1775033880], [130.409882, 33.598294, 0, 1775034000], [130.405988, 33.59438, 0, 1775034120]]}}, {"type": "Feature", "properties": {"trip_id": "箱崎線_平日_1_022", "route_id": "箱崎線", "route_color": "#00aeef", "route_type": "1", "trip_headsign": "中洲川端"}, "geometry": {"type": "LineString", "coordinates": [[130.425578, 33.632683, 0, 1775033880], [130.421019, 33.622178, 0, 1775034000], [130.419677, 33.61579, 0, 1775034120], [130.419388, 33.609357, 0, 1775034240], [130.414324, 33.602548, 0, 1775034300], [130.409882, 33.598294, 0, 1775034420], [130.405988, 33.59438, 0, 1775034480]]}}, {"type": "Feature", "properties": {"trip_id": "箱崎線_平日_1_023", "route_id": "箱崎線", "route_color": "#00aeef", "route_type": "1", "trip_headsign": "姪浜"}, "geometry": {"type": "LineString", "coordinates": [[130.425578, 33.632683, 0, 1775034360], [130.421019, 33.622178, 0, 1775034480], [130.419677, 33.61579, 0, 1775034540], [130.419388, 33.609357, 0, 1775034660], [130.414324, 33.602548, 0, 1775034780], [130.409882, 33.598294, 0, 1775034900], [130.405988, 33.59438, 0, 1775034960]]}}, {"type": "Feature", "properties": {"trip_id": "箱崎線_平日_1_024", "route_id": "箱崎線", "route_color": "#00aeef", "route_type": "1", "trip_headsign": "中洲川端"}, "geometry": {"type": "LineString", "coordinates": [[130.425578, 33.632683, 0, 1775034720], [130.421019, 33.622178, 0, 1775034840], [130.419677, 33.61579, 0, 1775034960], [130.419388, 33.609357, 0, 1775035080], [130.414324, 33.602548, 0, 1775035200], [130.409882, 33.598294, 0, 1775035260], [130.405988, 33.59438, 0, 1775035320]]}}, {"type": "Feature", "properties": {"trip_id": "箱崎線_平日_1_025", "route_id": "箱崎線", "route_color": "#00aeef", "route_type": "1", "trip_headsign": "姪浜"}, "geometry": {"type": "LineString", "coordinates": [[130.425578, 33.632683, 0, 1775035260], [130.421019, 33.622178, 0, 1775035380], [130.419677, 33.61579, 0, 1775035440], [130.419388, 33.609357, 0, 1775035560], [130.414324, 33.602548, 0, 1775035680], [130.409882, 33.598294, 0, 1775035800], [130.405988, 33.59438, 0, 1775035920]]}}, {"type": "Feature", "properties": {"trip_id": "箱崎線_平日_1_026", "route_id": "箱崎線", "route_color": "#00aeef", "route_type": "1", "trip_headsign": "姪浜"}, "geometry": {"type": "LineString", "coordinates": [[130.425578, 33.632683, 0, 1775035620], [130.421019, 33.622178, 0, 1775035740], [130.419677, 33.61579, 0, 1775035860], [130.419388, 33.609357, 0, 1775035980], [130.414324, 33.602548, 0, 1775036100], [130.409882, 33.598294, 0, 1775036160], [130.405988, 33.59438, 0, 1775036280]]}}, {"type": "Feature", "properties": {"trip_id": "箱崎線_平日_1_027", "route_id": "箱崎線", "route_color": "#00aeef", "route_type": "1", "trip_headsign": "中洲川端"}, "geometry": {"type": "LineString", "coordinates": [[130.425578, 33.632683, 0, 1775035980], [130.421019, 33.622178, 0, 1775036100], [130.419677, 33.61579, 0, 1775036220], [130.419388, 33.609357, 0, 1775036280], [130.414324, 33.602548, 0, 1775036400], [130.409882, 33.598294, 0, 1775036520], [130.405988, 33.59438, 0, 1775036580]]}}, {"type": "Feature", "properties": {"trip_id": "箱崎線_平日_1_028", "route_id": "箱崎線", "route_color": "#00aeef", "route_type": "1", "trip_headsign": "姪浜"}, "geometry": {"type": "LineString", "coordinates": [[130.425578, 33.632683, 0, 1775036580], [130.421019, 33.622178, 0, 1775036700], [130.419677, 33.61579, 0, 1775036760], [130.419388, 33.609357, 0, 1775036880], [130.414324, 33.602548, 0, 1775037000], [130.409882, 33.598294, 0, 1775037120], [130.405988, 33.59438, 0, 1775037240]]}}, {"type": "Feature", "properties": {"trip_id": "箱崎線_平日_1_029", "route_id": "箱崎線", "route_color": "#00aeef", "route_type": "1", "trip_headsign": "中洲川端"}, "geometry": {"type": "LineString", "coordinates": [[130.425578, 33.632683, 0, 1775036880], [130.421019, 33.622178, 0, 1775037000], [130.419677, 33.61579, 0, 1775037060], [130.419388, 33.609357, 0, 1775037180], [130.414324, 33.602548, 0, 1775037300], [130.409882, 33.598294, 0, 1775037360], [130.405988, 33.59438, 0, 1775037480]]}}, {"type": "Feature", "properties": {"trip_id": "箱崎線_平日_1_030", "route_id": "箱崎線", "route_color": "#00aeef", "route_type": "1", "trip_headsign": "姪浜"}, "geometry": {"type": "LineString", "coordinates": [[130.425578, 33.632683, 0, 1775037480], [130.421019, 33.622178, 0, 1775037600], [130.419677, 33.61579, 0, 1775037720], [130.419388, 33.609357, 0, 1775037840], [130.414324, 33.602548, 0, 1775037960], [130.409882, 33.598294, 0, 1775038020], [130.405988, 33.59438, 0, 1775038140]]}}, {"type": "Feature", "properties": {"trip_id": "箱崎線_平日_1_031", "route_id": "箱崎線", "route_color": "#00aeef", "route_type": "1", "trip_headsign": "中洲川端"}, "geometry": {"type": "LineString", "coordinates": [[130.425578, 33.632683, 0, 1775037840], [130.421019, 33.622178, 0, 1775037960], [130.419677, 33.61579, 0, 1775038080], [130.419388, 33.609357, 0, 1775038200], [130.414324, 33.602548, 0, 1775038260], [130.409882, 33.598294, 0, 1775038380], [130.405988, 33.59438, 0, 1775038440]]}}, {"type": "Feature", "properties": {"trip_id": "箱崎線_平日_1_032", "route_id": "箱崎線", "route_color": "#00aeef", "route_type": "1", "trip_headsign": "姪浜"}, "geometry": {"type": "LineString", "coordinates": [[130.425578, 33.632683, 0, 1775038260], [130.421019, 33.622178, 0, 1775038380], [130.419677, 33.61579, 0, 1775038440], [130.419388, 33.609357, 0, 1775038560], [130.414324, 33.602548, 0, 1775038680], [130.409882, 33.598294, 0, 1775038800], [130.405988, 33.59438, 0, 1775038860]]}}, {"type": "Feature", "properties": {"trip_id": "箱崎線_平日_1_033", "route_id": "箱崎線", "route_color": "#00aeef", "route_type": "1", "trip_headsign": "中洲川端"}, "geometry": {"type": "LineString", "coordinates": [[130.425578, 33.632683, 0, 1775038740], [130.421019, 33.622178, 0, 1775038860], [130.419677, 33.61579, 0, 1775038920], [130.419388, 33.609357, 0, 1775039040], [130.414324, 33.602548, 0, 1775039160], [130.409882, 33.598294, 0, 1775039280], [130.405988, 33.59438, 0, 1775039340]]}}, {"type": "Feature", "properties": {"trip_id": "箱崎線_平日_1_034", "route_id": "箱崎線", "route_color": "#00aeef", "route_type": "1", "trip_headsign": "姪浜"}, "geometry": {"type": "LineString", "coordinates": [[130.425578, 33.632683, 0, 1775039160], [130.421019, 33.622178, 0, 1775039280], [130.419677, 33.61579, 0, 1775039400], [130.419388, 33.609357, 0, 1775039460], [130.414324, 33.602548, 0, 1775039580], [130.409882, 33.598294, 0, 1775039700], [130.405988, 33.59438, 0, 1775039760]]}}, {"type": "Feature", "properties": {"trip_id": "箱崎線_平日_1_035", "route_id": "箱崎線", "route_color": "#00aeef", "route_type": "1", "trip_headsign": "中洲川端"}, "geometry": {"type": "LineString", "coordinates": [[130.425578, 33.632683, 0, 1775039640], [130.421019, 33.622178, 0, 1775039760], [130.419677, 33.61579, 0, 1775039880], [130.419388, 33.609357, 0, 1775040000], [130.414324, 33.602548, 0, 1775040120], [130.409882, 33.598294, 0, 1775040180], [130.405988, 33.59438, 0, 1775040240]]}}, {"type": "Feature", "properties": {"trip_id": "箱崎線_平日_1_036", "route_id": "箱崎線", "route_color": "#00aeef", "route_type": "1", "trip_headsign": "姪浜"}, "geometry": {"type": "LineString", "coordinates": [[130.425578, 33.632683, 0, 1775040120], [130.421019, 33.622178, 0, 1775040240], [130.419677, 33.61579, 0, 1775040360], [130.419388, 33.609357, 0, 1775040480], [130.414324, 33.602548, 0, 1775040540], [130.409882, 33.598294, 0, 1775040660], [130.405988, 33.59438, 0, 1775040780]]}}, {"type": "Feature", "properties": {"trip_id": "箱崎線_平日_1_037", "route_id": "箱崎線", "route_color": "#00aeef", "route_type": "1", "trip_headsign": "中洲川端"}, "geometry": {"type": "LineString", "coordinates": [[130.425578, 33.632683, 0, 1775040600], [130.421019, 33.622178, 0, 1775040720], [130.419677, 33.61579, 0, 1775040780], [130.419388, 33.609357, 0, 1775040900], [130.414324, 33.602548, 0, 1775041020], [130.409882, 33.598294, 0, 1775041080], [130.405988, 33.59438, 0, 1775041200]]}}, {"type": "Feature", "properties": {"trip_id": "箱崎線_平日_1_038", "route_id": "箱崎線", "route_color": "#00aeef", "route_type": "1", "trip_headsign": "西新"}, "geometry": {"type": "LineString", "coordinates": [[130.425578, 33.632683, 0, 1775040960], [130.421019, 33.622178, 0, 1775041080], [130.419677, 33.61579, 0, 1775041200], [130.419388, 33.609357, 0, 1775041320], [130.414324, 33.602548, 0, 1775041380], [130.409882, 33.598294, 0, 1775041500], [130.405988, 33.59438, 0, 1775041620]]}}, {"type": "Feature", "properties": {"trip_id": "箱崎線_平日_1_039", "route_id": "箱崎線", "route_color": "#00aeef", "route_type": "1", "trip_headsign": "中洲川端"}, "geometry": {"type": "LineString", "coordinates": [[130.425578, 33.632683, 0, 1775041380], [130.421019, 33.622178, 0, 1775041500], [130.419677, 33.61579, 0, 1775041620], [130.419388, 33.609357, 0, 1775041740], [130.414324, 33.602548, 0, 1775041800], [130.409882, 33.598294, 0, 1775041920], [130.405988, 33.59438, 0, 1775041980]]}}, {"type": "Feature", "properties": {"trip_id": "箱崎線_平日_1_040", "route_id": "箱崎線", "route_color": "#00aeef", "route_type": "1", "trip_headsign": "西新"}, "geometry": {"type": "LineString", "coordinates": [[130.425578, 33.632683, 0, 1775041860], [130.421019, 33.622178, 0, 1775041980], [130.419677, 33.61579, 0, 1775042040], [130.419388, 33.609357, 0, 1775042160], [130.414324, 33.602548, 0, 1775042280], [130.409882, 33.598294, 0, 1775042340], [130.405988, 33.59438, 0, 1775042460]]}}, {"type": "Feature", "properties": {"trip_id": "箱崎線_平日_1_041", "route_id": "箱崎線", "route_color": "#00aeef", "route_type": "1", "trip_headsign": "中洲川端"}, "geometry": {"type": "LineString", "coordinates": [[130.425578, 33.632683, 0, 1775042340], [130.421019, 33.622178, 0, 1775042460], [130.419677, 33.61579, 0, 1775042520], [130.419388, 33.609357, 0, 1775042640], [130.414324, 33.602548, 0, 1775042760], [130.409882, 33.598294, 0, 1775042820], [130.405988, 33.59438, 0, 1775042940]]}}, {"type": "Feature", "properties": {"trip_id": "箱崎線_平日_1_042", "route_id": "箱崎線", "route_color": "#00aeef", "route_type": "1", "trip_headsign": "西新"}, "geometry": {"type": "LineString", "coordinates": [[130.425578, 33.632683, 0, 1775042760], [130.421019, 33.622178, 0, 1775042880], [130.419677, 33.61579, 0, 1775042940], [130.419388, 33.609357, 0, 1775043060], [130.414324, 33.602548, 0, 1775043180], [130.409882, 33.598294, 0, 1775043240], [130.405988, 33.59438, 0, 1775043360]]}}, {"type": "Feature", "properties": {"trip_id": "箱崎線_平日_1_043", "route_id": "箱崎線", "route_color": "#00aeef", "route_type": "1", "trip_headsign": "中洲川端"}, "geometry": {"type": "LineString", "coordinates": [[130.425578, 33.632683, 0, 1775043240], [130.421019, 33.622178, 0, 1775043360], [130.419677, 33.61579, 0, 1775043480], [130.419388, 33.609357, 0, 1775043540], [130.414324, 33.602548, 0, 1775043660], [130.409882, 33.598294, 0, 1775043780], [130.405988, 33.59438, 0, 1775043840]]}}, {"type": "Feature", "properties": {"trip_id": "箱崎線_平日_1_044", "route_id": "箱崎線", "route_color": "#00aeef", "route_type": "1", "trip_headsign": "西新"}, "geometry": {"type": "LineString", "coordinates": [[130.425578, 33.632683, 0, 1775043660], [130.421019, 33.622178, 0, 1775043780], [130.419677, 33.61579, 0, 1775043900], [130.419388, 33.609357, 0, 1775044020], [130.414324, 33.602548, 0, 1775044080], [130.409882, 33.598294, 0, 1775044200], [130.405988, 33.59438, 0, 1775044320]]}}, {"type": "Feature", "properties": {"trip_id": "箱崎線_平日_1_045", "route_id": "箱崎線", "route_color": "#00aeef", "route_type": "1", "trip_headsign": "中洲川端"}, "geometry": {"type": "LineString", "coordinates": [[130.425578, 33.632683, 0, 1775044080], [130.421019, 33.622178, 0, 1775044200], [130.419677, 33.61579, 0, 1775044320], [130.419388, 33.609357, 0, 1775044440], [130.414324, 33.602548, 0, 1775044560], [130.409882, 33.598294, 0, 1775044620], [130.405988, 33.59438, 0, 1775044680]]}}, {"type": "Feature", "properties": {"trip_id": "箱崎線_平日_1_046", "route_id": "箱崎線", "route_color": "#00aeef", "route_type": "1", "trip_headsign": "西新"}, "geometry": {"type": "LineString", "coordinates": [[130.425578, 33.632683, 0, 1775044560], [130.421019, 33.622178, 0, 1775044620], [130.419677, 33.61579, 0, 1775044740], [130.419388, 33.609357, 0, 1775044860], [130.414324, 33.602548, 0, 1775044980], [130.409882, 33.598294, 0, 1775045040], [130.405988, 33.59438, 0, 1775045160]]}}, {"type": "Feature", "properties": {"trip_id": "箱崎線_平日_1_047", "route_id": "箱崎線", "route_color": "#00aeef", "route_type": "1", "trip_headsign": "中洲川端"}, "geometry": {"type": "LineString", "coordinates": [[130.425578, 33.632683, 0, 1775045040], [130.421019, 33.622178, 0, 1775045160], [130.419677, 33.61579, 0, 1775045220], [130.419388, 33.609357, 0, 1775045340], [130.414324, 33.602548, 0, 1775045460], [130.409882, 33.598294, 0, 1775045580], [130.405988, 33.59438, 0, 1775045640]]}}, {"type": "Feature", "properties": {"trip_id": "箱崎線_平日_1_048", "route_id": "箱崎線", "route_color": "#00aeef", "route_type": "1", "trip_headsign": "西新"}, "geometry": {"type": "LineString", "coordinates": [[130.425578, 33.632683, 0, 1775045400], [130.421019, 33.622178, 0, 1775045520], [130.419677, 33.61579, 0, 1775045640], [130.419388, 33.609357, 0, 1775045760], [130.414324, 33.602548, 0, 1775045880], [130.409882, 33.598294, 0, 1775045940], [130.405988, 33.59438, 0, 1775046060]]}}, {"type": "Feature", "properties": {"trip_id": "箱崎線_平日_1_049", "route_id": "箱崎線", "route_color": "#00aeef", "route_type": "1", "trip_headsign": "中洲川端"}, "geometry": {"type": "LineString", "coordinates": [[130.425578, 33.632683, 0, 1775045940], [130.421019, 33.622178, 0, 1775046060], [130.419677, 33.61579, 0, 1775046120], [130.419388, 33.609357, 0, 1775046240], [130.414324, 33.602548, 0, 1775046360], [130.409882, 33.598294, 0, 1775046420], [130.405988, 33.59438, 0, 1775046480]]}}, {"type": "Feature", "properties": {"trip_id": "箱崎線_平日_1_050", "route_id": "箱崎線", "route_color": "#00aeef", "route_type": "1", "trip_headsign": "西新"}, "geometry": {"type": "LineString", "coordinates": [[130.425578, 33.632683, 0, 1775046300], [130.421019, 33.622178, 0, 1775046420], [130.419677, 33.61579, 0, 1775046540], [130.419388, 33.609357, 0, 1775046660], [130.414324, 33.602548, 0, 1775046780], [130.409882, 33.598294, 0, 1775046840], [130.405988, 33.59438, 0, 1775046960]]}}, {"type": "Feature", "properties": {"trip_id": "箱崎線_平日_1_051", "route_id": "箱崎線", "route_color": "#00aeef", "route_type": "1", "trip_headsign": "中洲川端"}, "geometry": {"type": "LineString", "coordinates": [[130.425578, 33.632683, 0, 1775046780], [130.421019, 33.622178, 0, 1775046900], [130.419677, 33.61579, 0, 1775046960], [130.419388, 33.609357, 0, 1775047080], [130.414324, 33.602548, 0, 1775047200], [130.409882, 33.598294, 0, 1775047320], [130.405988, 33.59438, 0, 1775047380]]}}, {"type": "Feature", "properties": {"trip_id": "箱崎線_平日_1_052", "route_id": "箱崎線", "route_color": "#00aeef", "route_type": "1", "trip_headsign": "西新"}, "geometry": {"type": "LineString", "coordinates": [[130.425578, 33.632683, 0, 1775047200], [130.421019, 33.622178, 0, 1775047320], [130.419677, 33.61579, 0, 1775047380], [130.419388, 33.609357, 0, 1775047500], [130.414324, 33.602548, 0, 1775047620], [130.409882, 33.598294, 0, 1775047740], [130.405988, 33.59438, 0, 1775047800]]}}, {"type": "Feature", "properties": {"trip_id": "箱崎線_平日_1_053", "route_id": "箱崎線", "route_color": "#00aeef", "route_type": "1", "trip_headsign": "中洲川端"}, "geometry": {"type": "LineString", "coordinates": [[130.425578, 33.632683, 0, 1775047680], [130.421019, 33.622178, 0, 1775047800], [130.419677, 33.61579, 0, 1775047860], [130.419388, 33.609357, 0, 1775047980], [130.414324, 33.602548, 0, 1775048100], [130.409882, 33.598294, 0, 1775048220], [130.405988, 33.59438, 0, 1775048280]]}}, {"type": "Feature", "properties": {"trip_id": "箱崎線_平日_1_054", "route_id": "箱崎線", "route_color": "#00aeef", "route_type": "1", "trip_headsign": "西新"}, "geometry": {"type": "LineString", "coordinates": [[130.425578, 33.632683, 0, 1775048160], [130.421019, 33.622178, 0, 1775048280], [130.419677, 33.61579, 0, 1775048340], [130.419388, 33.609357, 0, 1775048460], [130.414324, 33.602548, 0, 1775048580], [130.409882, 33.598294, 0, 1775048640], [130.405988, 33.59438, 0, 1775048760]]}}, {"type": "Feature", "properties": {"trip_id": "箱崎線_平日_1_055", "route_id": "箱崎線", "route_color": "#00aeef", "route_type": "1", "trip_headsign": "中洲川端"}, "geometry": {"type": "LineString", "coordinates": [[130.425578, 33.632683, 0, 1775048580], [130.421019, 33.622178, 0, 1775048700], [130.419677, 33.61579, 0, 1775048820], [130.419388, 33.609357, 0, 1775048940], [130.414324, 33.602548, 0, 1775049000], [130.409882, 33.598294, 0, 1775049120], [130.405988, 33.59438, 0, 1775049180]]}}, {"type": "Feature", "properties": {"trip_id": "箱崎線_平日_1_056", "route_id": "箱崎線", "route_color": "#00aeef", "route_type": "1", "trip_headsign": "西新"}, "geometry": {"type": "LineString", "coordinates": [[130.425578, 33.632683, 0, 1775049000], [130.421019, 33.622178, 0, 1775049120], [130.419677, 33.61579, 0, 1775049180], [130.419388, 33.609357, 0, 1775049300], [130.414324, 33.602548, 0, 1775049420], [130.409882, 33.598294, 0, 1775049540], [130.405988, 33.59438, 0, 1775049600]]}}, {"type": "Feature", "properties": {"trip_id": "箱崎線_平日_1_057", "route_id": "箱崎線", "route_color": "#00aeef", "route_type": "1", "trip_headsign": "中洲川端"}, "geometry": {"type": "LineString", "coordinates": [[130.425578, 33.632683, 0, 1775049480], [130.421019, 33.622178, 0, 1775049600], [130.419677, 33.61579, 0, 1775049720], [130.419388, 33.609357, 0, 1775049840], [130.414324, 33.602548, 0, 1775049960], [130.409882, 33.598294, 0, 1775050020], [130.405988, 33.59438, 0, 1775050080]]}}, {"type": "Feature", "properties": {"trip_id": "箱崎線_平日_1_058", "route_id": "箱崎線", "route_color": "#00aeef", "route_type": "1", "trip_headsign": "西新"}, "geometry": {"type": "LineString", "coordinates": [[130.425578, 33.632683, 0, 1775049960], [130.421019, 33.622178, 0, 1775050080], [130.419677, 33.61579, 0, 1775050140], [130.419388, 33.609357, 0, 1775050260], [130.414324, 33.602548, 0, 1775050380], [130.409882, 33.598294, 0, 1775050440], [130.405988, 33.59438, 0, 1775050560]]}}, {"type": "Feature", "properties": {"trip_id": "箱崎線_平日_1_059", "route_id": "箱崎線", "route_color": "#00aeef", "route_type": "1", "trip_headsign": "中洲川端"}, "geometry": {"type": "LineString", "coordinates": [[130.425578, 33.632683, 0, 1775050380], [130.421019, 33.622178, 0, 1775050500], [130.419677, 33.61579, 0, 1775050620], [130.419388, 33.609357, 0, 1775050740], [130.414324, 33.602548, 0, 1775050860], [130.409882, 33.598294, 0, 1775050920], [130.405988, 33.59438, 0, 1775050980]]}}, {"type": "Feature", "properties": {"trip_id": "箱崎線_平日_1_060", "route_id": "箱崎線", "route_color": "#00aeef", "route_type": "1", "trip_headsign": "西新"}, "geometry": {"type": "LineString", "coordinates": [[130.425578, 33.632683, 0, 1775050800], [130.421019, 33.622178, 0, 1775050920], [130.419677, 33.61579, 0, 1775050980], [130.419388, 33.609357, 0, 1775051100], [130.414324, 33.602548, 0, 1775051220], [130.409882, 33.598294, 0, 1775051340], [130.405988, 33.59438, 0, 1775051400]]}}, {"type": "Feature", "properties": {"trip_id": "箱崎線_平日_1_061", "route_id": "箱崎線", "route_color": "#00aeef", "route_type": "1", "trip_headsign": "中洲川端"}, "geometry": {"type": "LineString", "coordinates": [[130.425578, 33.632683, 0, 1775051340], [130.421019, 33.622178, 0, 1775051460], [130.419677, 33.61579, 0, 1775051520], [130.419388, 33.609357, 0, 1775051640], [130.414324, 33.602548, 0, 1775051760], [130.409882, 33.598294, 0, 1775051820], [130.405988, 33.59438, 0, 1775051880]]}}, {"type": "Feature", "properties": {"trip_id": "箱崎線_平日_1_062", "route_id": "箱崎線", "route_color": "#00aeef", "route_type": "1", "trip_headsign": "西新"}, "geometry": {"type": "LineString", "coordinates": [[130.425578, 33.632683, 0, 1775051700], [130.421019, 33.622178, 0, 1775051820], [130.419677, 33.61579, 0, 1775051940], [130.419388, 33.609357, 0, 1775052060], [130.414324, 33.602548, 0, 1775052180], [130.409882, 33.598294, 0, 1775052240], [130.405988, 33.59438, 0, 1775052360]]}}, {"type": "Feature", "properties": {"trip_id": "箱崎線_平日_1_063", "route_id": "箱崎線", "route_color": "#00aeef", "route_type": "1", "trip_headsign": "中洲川端"}, "geometry": {"type": "LineString", "coordinates": [[130.425578, 33.632683, 0, 1775052120], [130.421019, 33.622178, 0, 1775052240], [130.419677, 33.61579, 0, 1775052360], [130.419388, 33.609357, 0, 1775052480], [130.414324, 33.602548, 0, 1775052600], [130.409882, 33.598294, 0, 1775052660], [130.405988, 33.59438, 0, 1775052720]]}}, {"type": "Feature", "properties": {"trip_id": "箱崎線_平日_1_064", "route_id": "箱崎線", "route_color": "#00aeef", "route_type": "1", "trip_headsign": "西新"}, "geometry": {"type": "LineString", "coordinates": [[130.425578, 33.632683, 0, 1775052660], [130.421019, 33.622178, 0, 1775052780], [130.419677, 33.61579, 0, 1775052840], [130.419388, 33.609357, 0, 1775052960], [130.414324, 33.602548, 0, 1775053080], [130.409882, 33.598294, 0, 1775053140], [130.405988, 33.59438, 0, 1775053260]]}}, {"type": "Feature", "properties": {"trip_id": "箱崎線_平日_1_065", "route_id": "箱崎線", "route_color": "#00aeef", "route_type": "1", "trip_headsign": "中洲川端"}, "geometry": {"type": "LineString", "coordinates": [[130.425578, 33.632683, 0, 1775053080], [130.421019, 33.622178, 0, 1775053200], [130.419677, 33.61579, 0, 1775053260], [130.419388, 33.609357, 0, 1775053380], [130.414324, 33.602548, 0, 1775053500], [130.409882, 33.598294, 0, 1775053560], [130.405988, 33.59438, 0, 1775053620]]}}, {"type": "Feature", "properties": {"trip_id": "箱崎線_平日_1_066", "route_id": "箱崎線", "route_color": "#00aeef", "route_type": "1", "trip_headsign": "西新"}, "geometry": {"type": "LineString", "coordinates": [[130.425578, 33.632683, 0, 1775053560], [130.421019, 33.622178, 0, 1775053680], [130.419677, 33.61579, 0, 1775053800], [130.419388, 33.609357, 0, 1775053920], [130.414324, 33.602548, 0, 1775053980], [130.409882, 33.598294, 0, 1775054100], [130.405988, 33.59438, 0, 1775054220]]}}, {"type": "Feature", "properties": {"trip_id": "箱崎線_平日_1_067", "route_id": "箱崎線", "route_color": "#00aeef", "route_type": "1", "trip_headsign": "中洲川端"}, "geometry": {"type": "LineString", "coordinates": [[130.425578, 33.632683, 0, 1775053980], [130.421019, 33.622178, 0, 1775054100], [130.419677, 33.61579, 0, 1775054220], [130.419388, 33.609357, 0, 1775054340], [130.414324, 33.602548, 0, 1775054400], [130.409882, 33.598294, 0, 1775054520], [130.405988, 33.59438, 0, 1775054580]]}}, {"type": "Feature", "properties": {"trip_id": "箱崎線_平日_1_068", "route_id": "箱崎線", "route_color": "#00aeef", "route_type": "1", "trip_headsign": "西新"}, "geometry": {"type": "LineString", "coordinates": [[130.425578, 33.632683, 0, 1775054400], [130.421019, 33.622178, 0, 1775054520], [130.419677, 33.61579, 0, 1775054580], [130.419388, 33.609357, 0, 1775054700], [130.414324, 33.602548, 0, 1775054820], [130.409882, 33.598294, 0, 1775054940], [130.405988, 33.59438, 0, 1775055000]]}}, {"type": "Feature", "properties": {"trip_id": "箱崎線_平日_1_069", "route_id": "箱崎線", "route_color": "#00aeef", "route_type": "1", "trip_headsign": "中洲川端"}, "geometry": {"type": "LineString", "coordinates": [[130.425578, 33.632683, 0, 1775054880], [130.421019, 33.622178, 0, 1775055000], [130.419677, 33.61579, 0, 1775055120], [130.419388, 33.609357, 0, 1775055240], [130.414324, 33.602548, 0, 1775055300], [130.409882, 33.598294, 0, 1775055420], [130.405988, 33.59438, 0, 1775055480]]}}, {"type": "Feature", "properties": {"trip_id": "箱崎線_平日_1_070", "route_id": "箱崎線", "route_color": "#00aeef", "route_type": "1", "trip_headsign": "西新"}, "geometry": {"type": "LineString", "coordinates": [[130.425578, 33.632683, 0, 1775055300], [130.421019, 33.622178, 0, 1775055420], [130.419677, 33.61579, 0, 1775055540], [130.419388, 33.609357, 0, 1775055600], [130.414324, 33.602548, 0, 1775055720], [130.409882, 33.598294, 0, 1775055840], [130.405988, 33.59438, 0, 1775055900]]}}, {"type": "Feature", "properties": {"trip_id": "箱崎線_平日_1_071", "route_id": "箱崎線", "route_color": "#00aeef", "route_type": "1", "trip_headsign": "中洲川端"}, "geometry": {"type": "LineString", "coordinates": [[130.425578, 33.632683, 0, 1775055780], [130.421019, 33.622178, 0, 1775055900], [130.419677, 33.61579, 0, 1775056020], [130.419388, 33.609357, 0, 1775056140], [130.414324, 33.602548, 0, 1775056200], [130.409882, 33.598294, 0, 1775056320], [130.405988, 33.59438, 0, 1775056380]]}}, {"type": "Feature", "properties": {"trip_id": "箱崎線_平日_1_072", "route_id": "箱崎線", "route_color": "#00aeef", "route_type": "1", "trip_headsign": "西新"}, "geometry": {"type": "LineString", "coordinates": [[130.425578, 33.632683, 0, 1775056200], [130.421019, 33.622178, 0, 1775056320], [130.419677, 33.61579, 0, 1775056440], [130.419388, 33.609357, 0, 1775056500], [130.414324, 33.602548, 0, 1775056620], [130.409882, 33.598294, 0, 1775056740], [130.405988, 33.59438, 0, 1775056800]]}}, {"type": "Feature", "properties": {"trip_id": "箱崎線_平日_1_073", "route_id": "箱崎線", "route_color": "#00aeef", "route_type": "1", "trip_headsign": "中洲川端"}, "geometry": {"type": "LineString", "coordinates": [[130.425578, 33.632683, 0, 1775056740], [130.421019, 33.622178, 0, 1775056800], [130.419677, 33.61579, 0, 1775056920], [130.419388, 33.609357, 0, 1775057040], [130.414324, 33.602548, 0, 1775057160], [130.409882, 33.598294, 0, 1775057220], [130.405988, 33.59438, 0, 1775057280]]}}, {"type": "Feature", "properties": {"trip_id": "箱崎線_平日_1_074", "route_id": "箱崎線", "route_color": "#00aeef", "route_type": "1", "trip_headsign": "西新"}, "geometry": {"type": "LineString", "coordinates": [[130.425578, 33.632683, 0, 1775057100], [130.421019, 33.622178, 0, 1775057220], [130.419677, 33.61579, 0, 1775057340], [130.419388, 33.609357, 0, 1775057460], [130.414324, 33.602548, 0, 1775057580], [130.409882, 33.598294, 0, 1775057640], [130.405988, 33.59438, 0, 1775057760]]}}, {"type": "Feature", "properties": {"trip_id": "箱崎線_平日_1_075", "route_id": "箱崎線", "route_color": "#00aeef", "route_type": "1", "trip_headsign": "中洲川端"}, "geometry": {"type": "LineString", "coordinates": [[130.425578, 33.632683, 0, 1775057520], [130.421019, 33.622178, 0, 1775057640], [130.419677, 33.61579, 0, 1775057760], [130.419388, 33.609357, 0, 1775057880], [130.414324, 33.602548, 0, 1775058000], [130.409882, 33.598294, 0, 1775058060], [130.405988, 33.59438, 0, 1775058120]]}}, {"type": "Feature", "properties": {"trip_id": "箱崎線_平日_1_076", "route_id": "箱崎線", "route_color": "#00aeef", "route_type": "1", "trip_headsign": "姪浜"}, "geometry": {"type": "LineString", "coordinates": [[130.425578, 33.632683, 0, 1775058000], [130.421019, 33.622178, 0, 1775058120], [130.419677, 33.61579, 0, 1775058240], [130.419388, 33.609357, 0, 1775058300], [130.414324, 33.602548, 0, 1775058420], [130.409882, 33.598294, 0, 1775058540], [130.405988, 33.59438, 0, 1775058600]]}}, {"type": "Feature", "properties": {"trip_id": "箱崎線_平日_1_077", "route_id": "箱崎線", "route_color": "#00aeef", "route_type": "1", "trip_headsign": "中洲川端"}, "geometry": {"type": "LineString", "coordinates": [[130.425578, 33.632683, 0, 1775058480], [130.421019, 33.622178, 0, 1775058600], [130.419677, 33.61579, 0, 1775058660], [130.419388, 33.609357, 0, 1775058780], [130.414324, 33.602548, 0, 1775058900], [130.409882, 33.598294, 0, 1775058960], [130.405988, 33.59438, 0, 1775059020]]}}, {"type": "Feature", "properties": {"trip_id": "箱崎線_平日_1_078", "route_id": "箱崎線", "route_color": "#00aeef", "route_type": "1", "trip_headsign": "姪浜"}, "geometry": {"type": "LineString", "coordinates": [[130.425578, 33.632683, 0, 1775058960], [130.421019, 33.622178, 0, 1775059080], [130.419677, 33.61579, 0, 1775059200], [130.419388, 33.609357, 0, 1775059320], [130.414324, 33.602548, 0, 1775059380], [130.409882, 33.598294, 0, 1775059500], [130.405988, 33.59438, 0, 1775059620]]}}, {"type": "Feature", "properties": {"trip_id": "箱崎線_平日_1_079", "route_id": "箱崎線", "route_color": "#00aeef", "route_type": "1", "trip_headsign": "中洲川端"}, "geometry": {"type": "LineString", "coordinates": [[130.425578, 33.632683, 0, 1775059380], [130.421019, 33.622178, 0, 1775059500], [130.419677, 33.61579, 0, 1775059620], [130.419388, 33.609357, 0, 1775059740], [130.414324, 33.602548, 0, 1775059800], [130.409882, 33.598294, 0, 1775059920], [130.405988, 33.59438, 0, 1775059980]]}}, {"type": "Feature", "properties": {"trip_id": "箱崎線_平日_1_080", "route_id": "箱崎線", "route_color": "#00aeef", "route_type": "1", "trip_headsign": "姪浜"}, "geometry": {"type": "LineString", "coordinates": [[130.425578, 33.632683, 0, 1775059860], [130.421019, 33.622178, 0, 1775059980], [130.419677, 33.61579, 0, 1775060100], [130.419388, 33.609357, 0, 1775060160], [130.414324, 33.602548, 0, 1775060280], [130.409882, 33.598294, 0, 1775060400], [130.405988, 33.59438, 0, 1775060460]]}}, {"type": "Feature", "properties": {"trip_id": "箱崎線_平日_1_081", "route_id": "箱崎線", "route_color": "#00aeef", "route_type": "1", "trip_headsign": "中洲川端"}, "geometry": {"type": "LineString", "coordinates": [[130.425578, 33.632683, 0, 1775060280], [130.421019, 33.622178, 0, 1775060400], [130.419677, 33.61579, 0, 1775060520], [130.419388, 33.609357, 0, 1775060640], [130.414324, 33.602548, 0, 1775060700], [130.409882, 33.598294, 0, 1775060820], [130.405988, 33.59438, 0, 1775060880]]}}, {"type": "Feature", "properties": {"trip_id": "箱崎線_平日_1_082", "route_id": "箱崎線", "route_color": "#00aeef", "route_type": "1", "trip_headsign": "姪浜"}, "geometry": {"type": "LineString", "coordinates": [[130.425578, 33.632683, 0, 1775060760], [130.421019, 33.622178, 0, 1775060880], [130.419677, 33.61579, 0, 1775060940], [130.419388, 33.609357, 0, 1775061060], [130.414324, 33.602548, 0, 1775061180], [130.409882, 33.598294, 0, 1775061300], [130.405988, 33.59438, 0, 1775061360]]}}, {"type": "Feature", "properties": {"trip_id": "箱崎線_平日_1_083", "route_id": "箱崎線", "route_color": "#00aeef", "route_type": "1", "trip_headsign": "姪浜"}, "geometry": {"type": "LineString", "coordinates": [[130.425578, 33.632683, 0, 1775061240], [130.421019, 33.622178, 0, 1775061300], [130.419677, 33.61579, 0, 1775061420], [130.419388, 33.609357, 0, 1775061540], [130.414324, 33.602548, 0, 1775061660], [130.409882, 33.598294, 0, 1775061720], [130.405988, 33.59438, 0, 1775061840]]}}, {"type": "Feature", "properties": {"trip_id": "箱崎線_平日_1_084", "route_id": "箱崎線", "route_color": "#00aeef", "route_type": "1", "trip_headsign": "中洲川端"}, "geometry": {"type": "LineString", "coordinates": [[130.425578, 33.632683, 0, 1775061660], [130.421019, 33.622178, 0, 1775061780], [130.419677, 33.61579, 0, 1775061840], [130.419388, 33.609357, 0, 1775061960], [130.414324, 33.602548, 0, 1775062080], [130.409882, 33.598294, 0, 1775062140], [130.405988, 33.59438, 0, 1775062200]]}}, {"type": "Feature", "properties": {"trip_id": "箱崎線_平日_1_085", "route_id": "箱崎線", "route_color": "#00aeef", "route_type": "1", "trip_headsign": "中洲川端"}, "geometry": {"type": "LineString", "coordinates": [[130.425578, 33.632683, 0, 1775062200], [130.421019, 33.622178, 0, 1775062320], [130.419677, 33.61579, 0, 1775062440], [130.419388, 33.609357, 0, 1775062560], [130.414324, 33.602548, 0, 1775062680], [130.409882, 33.598294, 0, 1775062740], [130.405988, 33.59438, 0, 1775062800]]}}, {"type": "Feature", "properties": {"trip_id": "箱崎線_平日_1_086", "route_id": "箱崎線", "route_color": "#00aeef", "route_type": "1", "trip_headsign": "姪浜"}, "geometry": {"type": "LineString", "coordinates": [[130.425578, 33.632683, 0, 1775062860], [130.421019, 33.622178, 0, 1775062980], [130.419677, 33.61579, 0, 1775063100], [130.419388, 33.609357, 0, 1775063220], [130.414324, 33.602548, 0, 1775063340], [130.409882, 33.598294, 0, 1775063400], [130.405988, 33.59438, 0, 1775063520]]}}, {"type": "Feature", "properties": {"trip_id": "箱崎線_平日_1_087", "route_id": "箱崎線", "route_color": "#00aeef", "route_type": "1", "trip_headsign": "中洲川端"}, "geometry": {"type": "LineString", "coordinates": [[130.425578, 33.632683, 0, 1775063160], [130.421019, 33.622178, 0, 1775063280], [130.419677, 33.61579, 0, 1775063400], [130.419388, 33.609357, 0, 1775063520], [130.414324, 33.602548, 0, 1775063580], [130.409882, 33.598294, 0, 1775063700], [130.405988, 33.59438, 0, 1775063760]]}}, {"type": "Feature", "properties": {"trip_id": "箱崎線_平日_1_088", "route_id": "箱崎線", "route_color": "#00aeef", "route_type": "1", "trip_headsign": "姪浜"}, "geometry": {"type": "LineString", "coordinates": [[130.425578, 33.632683, 0, 1775063460], [130.421019, 33.622178, 0, 1775063580], [130.419677, 33.61579, 0, 1775063700], [130.419388, 33.609357, 0, 1775063760], [130.414324, 33.602548, 0, 1775063880], [130.409882, 33.598294, 0, 1775064000], [130.405988, 33.59438, 0, 1775064060]]}}, {"type": "Feature", "properties": {"trip_id": "箱崎線_平日_1_089", "route_id": "箱崎線", "route_color": "#00aeef", "route_type": "1", "trip_headsign": "中洲川端"}, "geometry": {"type": "LineString", "coordinates": [[130.425578, 33.632683, 0, 1775063940], [130.421019, 33.622178, 0, 1775064060], [130.419677, 33.61579, 0, 1775064180], [130.419388, 33.609357, 0, 1775064300], [130.414324, 33.602548, 0, 1775064420], [130.409882, 33.598294, 0, 1775064480], [130.405988, 33.59438, 0, 1775064540]]}}, {"type": "Feature", "properties": {"trip_id": "箱崎線_平日_1_090", "route_id": "箱崎線", "route_color": "#00aeef", "route_type": "1", "trip_headsign": "姪浜"}, "geometry": {"type": "LineString", "coordinates": [[130.425578, 33.632683, 0, 1775064300], [130.421019, 33.622178, 0, 1775064420], [130.419677, 33.61579, 0, 1775064540], [130.419388, 33.609357, 0, 1775064660], [130.414324, 33.602548, 0, 1775064780], [130.409882, 33.598294, 0, 1775064840], [130.405988, 33.59438, 0, 1775064960]]}}, {"type": "Feature", "properties": {"trip_id": "箱崎線_平日_1_091", "route_id": "箱崎線", "route_color": "#00aeef", "route_type": "1", "trip_headsign": "中洲川端"}, "geometry": {"type": "LineString", "coordinates": [[130.425578, 33.632683, 0, 1775064960], [130.421019, 33.622178, 0, 1775065080], [130.419677, 33.61579, 0, 1775065140], [130.419388, 33.609357, 0, 1775065260], [130.414324, 33.602548, 0, 1775065380], [130.409882, 33.598294, 0, 1775065440], [130.405988, 33.59438, 0, 1775065560]]}}, {"type": "Feature", "properties": {"trip_id": "箱崎線_平日_1_092", "route_id": "箱崎線", "route_color": "#00aeef", "route_type": "1", "trip_headsign": "姪浜"}, "geometry": {"type": "LineString", "coordinates": [[130.425578, 33.632683, 0, 1775065620], [130.421019, 33.622178, 0, 1775065740], [130.419677, 33.61579, 0, 1775065860], [130.419388, 33.609357, 0, 1775065980], [130.414324, 33.602548, 0, 1775066040], [130.409882, 33.598294, 0, 1775066160], [130.405988, 33.59438, 0, 1775066280]]}}, {"type": "Feature", "properties": {"trip_id": "箱崎線_平日_1_093", "route_id": "箱崎線", "route_color": "#00aeef", "route_type": "1", "trip_headsign": "中洲川端"}, "geometry": {"type": "LineString", "coordinates": [[130.425578, 33.632683, 0, 1775066160], [130.421019, 33.622178, 0, 1775066280], [130.419677, 33.61579, 0, 1775066340], [130.419388, 33.609357, 0, 1775066460], [130.414324, 33.602548, 0, 1775066580], [130.409882, 33.598294, 0, 1775066640], [130.405988, 33.59438, 0, 1775066700]]}}, {"type": "Feature", "properties": {"trip_id": "箱崎線_平日_1_094", "route_id": "箱崎線", "route_color": "#00aeef", "route_type": "1", "trip_headsign": "姪浜"}, "geometry": {"type": "LineString", "coordinates": [[130.425578, 33.632683, 0, 1775066400], [130.421019, 33.622178, 0, 1775066520], [130.419677, 33.61579, 0, 1775066640], [130.419388, 33.609357, 0, 1775066700], [130.414324, 33.602548, 0, 1775066820], [130.409882, 33.598294, 0, 1775066940], [130.405988, 33.59438, 0, 1775067000]]}}, {"type": "Feature", "properties": {"trip_id": "箱崎線_平日_1_095", "route_id": "箱崎線", "route_color": "#00aeef", "route_type": "1", "trip_headsign": "中洲川端"}, "geometry": {"type": "LineString", "coordinates": [[130.425578, 33.632683, 0, 1775066940], [130.421019, 33.622178, 0, 1775067060], [130.419677, 33.61579, 0, 1775067180], [130.419388, 33.609357, 0, 1775067300], [130.414324, 33.602548, 0, 1775067420], [130.409882, 33.598294, 0, 1775067480], [130.405988, 33.59438, 0, 1775067540]]}}, {"type": "Feature", "properties": {"trip_id": "箱崎線_平日_1_096", "route_id": "箱崎線", "route_color": "#00aeef", "route_type": "1", "trip_headsign": "姪浜"}, "geometry": {"type": "LineString", "coordinates": [[130.425578, 33.632683, 0, 1775067600], [130.421019, 33.622178, 0, 1775067720], [130.419677, 33.61579, 0, 1775067840], [130.419388, 33.609357, 0, 1775067960], [130.414324, 33.602548, 0, 1775068080], [130.409882, 33.598294, 0, 1775068140], [130.405988, 33.59438, 0, 1775068260]]}}, {"type": "Feature", "properties": {"trip_id": "箱崎線_平日_1_097", "route_id": "箱崎線", "route_color": "#00aeef", "route_type": "1", "trip_headsign": "中洲川端"}, "geometry": {"type": "LineString", "coordinates": [[130.425578, 33.632683, 0, 1775067960], [130.421019, 33.622178, 0, 1775068080], [130.419677, 33.61579, 0, 1775068140], [130.419388, 33.609357, 0, 1775068260], [130.414324, 33.602548, 0, 1775068380], [130.409882, 33.598294, 0, 1775068440], [130.405988, 33.59438, 0, 1775068500]]}}, {"type": "Feature", "properties": {"trip_id": "箱崎線_平日_1_098", "route_id": "箱崎線", "route_color": "#00aeef", "route_type": "1", "trip_headsign": "姪浜"}, "geometry": {"type": "LineString", "coordinates": [[130.425578, 33.632683, 0, 1775068380], [130.421019, 33.622178, 0, 1775068500], [130.419677, 33.61579, 0, 1775068560], [130.419388, 33.609357, 0, 1775068680], [130.414324, 33.602548, 0, 1775068800], [130.409882, 33.598294, 0, 1775068920], [130.405988, 33.59438, 0, 1775069040]]}}, {"type": "Feature", "properties": {"trip_id": "箱崎線_平日_1_099", "route_id": "箱崎線", "route_color": "#00aeef", "route_type": "1", "trip_headsign": "中洲川端"}, "geometry": {"type": "LineString", "coordinates": [[130.425578, 33.632683, 0, 1775068800], [130.421019, 33.622178, 0, 1775068980], [130.419677, 33.61579, 0, 1775069040], [130.419388, 33.609357, 0, 1775069160], [130.414324, 33.602548, 0, 1775069280], [130.409882, 33.598294, 0, 1775069400], [130.405988, 33.59438, 0, 1775069460]]}}, {"type": "Feature", "properties": {"trip_id": "箱崎線_平日_1_100", "route_id": "箱崎線", "route_color": "#00aeef", "route_type": "1", "trip_headsign": "姪浜"}, "geometry": {"type": "LineString", "coordinates": [[130.425578, 33.632683, 0, 1775069160], [130.421019, 33.622178, 0, 1775069280], [130.419677, 33.61579, 0, 1775069400], [130.419388, 33.609357, 0, 1775069520], [130.414324, 33.602548, 0, 1775069580], [130.409882, 33.598294, 0, 1775069700], [130.405988, 33.59438, 0, 1775069820]]}}, {"type": "Feature", "properties": {"trip_id": "箱崎線_平日_1_101", "route_id": "箱崎線", "route_color": "#00aeef", "route_type": "1", "trip_headsign": "中洲川端"}, "geometry": {"type": "LineString", "coordinates": [[130.425578, 33.632683, 0, 1775069460], [130.421019, 33.622178, 0, 1775069580], [130.419677, 33.61579, 0, 1775069700], [130.419388, 33.609357, 0, 1775069820], [130.414324, 33.602548, 0, 1775069880], [130.409882, 33.598294, 0, 1775070000], [130.405988, 33.59438, 0, 1775070060]]}}, {"type": "Feature", "properties": {"trip_id": "箱崎線_平日_1_102", "route_id": "箱崎線", "route_color": "#00aeef", "route_type": "1", "trip_headsign": "姪浜"}, "geometry": {"type": "LineString", "coordinates": [[130.425578, 33.632683, 0, 1775070060], [130.421019, 33.622178, 0, 1775070120], [130.419677, 33.61579, 0, 1775070240], [130.419388, 33.609357, 0, 1775070360], [130.414324, 33.602548, 0, 1775070480], [130.409882, 33.598294, 0, 1775070540], [130.405988, 33.59438, 0, 1775070660]]}}, {"type": "Feature", "properties": {"trip_id": "箱崎線_平日_1_103", "route_id": "箱崎線", "route_color": "#00aeef", "route_type": "1", "trip_headsign": "中洲川端"}, "geometry": {"type": "LineString", "coordinates": [[130.425578, 33.632683, 0, 1775070540], [130.421019, 33.622178, 0, 1775070600], [130.419677, 33.61579, 0, 1775070720], [130.419388, 33.609357, 0, 1775070840], [130.414324, 33.602548, 0, 1775070960], [130.409882, 33.598294, 0, 1775071080], [130.405988, 33.59438, 0, 1775071140]]}}, {"type": "Feature", "properties": {"trip_id": "箱崎線_平日_1_104", "route_id": "箱崎線", "route_color": "#00aeef", "route_type": "1", "trip_headsign": "姪浜"}, "geometry": {"type": "LineString", "coordinates": [[130.425578, 33.632683, 0, 1775070960], [130.421019, 33.622178, 0, 1775071080], [130.419677, 33.61579, 0, 1775071140], [130.419388, 33.609357, 0, 1775071260], [130.414324, 33.602548, 0, 1775071380], [130.409882, 33.598294, 0, 1775071500], [130.405988, 33.59438, 0, 1775071560]]}}, {"type": "Feature", "properties": {"trip_id": "箱崎線_平日_1_105", "route_id": "箱崎線", "route_color": "#00aeef", "route_type": "1", "trip_headsign": "中洲川端"}, "geometry": {"type": "LineString", "coordinates": [[130.425578, 33.632683, 0, 1775071320], [130.421019, 33.622178, 0, 1775071440], [130.419677, 33.61579, 0, 1775071500], [130.419388, 33.609357, 0, 1775071620], [130.414324, 33.602548, 0, 1775071740], [130.409882, 33.598294, 0, 1775071860], [130.405988, 33.59438, 0, 1775071920]]}}, {"type": "Feature", "properties": {"trip_id": "箱崎線_平日_1_106", "route_id": "箱崎線", "route_color": "#00aeef", "route_type": "1", "trip_headsign": "姪浜"}, "geometry": {"type": "LineString", "coordinates": [[130.425578, 33.632683, 0, 1775071860], [130.421019, 33.622178, 0, 1775071980], [130.419677, 33.61579, 0, 1775072040], [130.419388, 33.609357, 0, 1775072160], [130.414324, 33.602548, 0, 1775072280], [130.409882, 33.598294, 0, 1775072340], [130.405988, 33.59438, 0, 1775072460]]}}, {"type": "Feature", "properties": {"trip_id": "箱崎線_平日_1_107", "route_id": "箱崎線", "route_color": "#00aeef", "route_type": "1", "trip_headsign": "中洲川端"}, "geometry": {"type": "LineString", "coordinates": [[130.425578, 33.632683, 0, 1775072460], [130.421019, 33.622178, 0, 1775072580], [130.419677, 33.61579, 0, 1775072640], [130.419388, 33.609357, 0, 1775072760], [130.414324, 33.602548, 0, 1775072880], [130.409882, 33.598294, 0, 1775072940], [130.405988, 33.59438, 0, 1775073000]]}}, {"type": "Feature", "properties": {"trip_id": "箱崎線_平日_1_108", "route_id": "箱崎線", "route_color": "#00aeef", "route_type": "1", "trip_headsign": "中洲川端"}, "geometry": {"type": "LineString", "coordinates": [[130.425578, 33.632683, 0, 1775073060], [130.421019, 33.622178, 0, 1775073180], [130.419677, 33.61579, 0, 1775073300], [130.419388, 33.609357, 0, 1775073420], [130.414324, 33.602548, 0, 1775073480], [130.409882, 33.598294, 0, 1775073600], [130.405988, 33.59438, 0, 1775073660]]}}, {"type": "Feature", "properties": {"trip_id": "箱崎線_平日_1_109", "route_id": "箱崎線", "route_color": "#00aeef", "route_type": "1", "trip_headsign": "姪浜"}, "geometry": {"type": "LineString", "coordinates": [[130.425578, 33.632683, 0, 1775073720], [130.421019, 33.622178, 0, 1775073780], [130.419677, 33.61579, 0, 1775073900], [130.419388, 33.609357, 0, 1775074020], [130.414324, 33.602548, 0, 1775074140], [130.409882, 33.598294, 0, 1775074200], [130.405988, 33.59438, 0, 1775074320]]}}, {"type": "Feature", "properties": {"trip_id": "箱崎線_平日_1_110", "route_id": "箱崎線", "route_color": "#00aeef", "route_type": "1", "trip_headsign": "中洲川端"}, "geometry": {"type": "LineString", "coordinates": [[130.425578, 33.632683, 0, 1775074200], [130.421019, 33.622178, 0, 1775074320], [130.419677, 33.61579, 0, 1775074440], [130.419388, 33.609357, 0, 1775074560], [130.414324, 33.602548, 0, 1775074620], [130.409882, 33.598294, 0, 1775074740], [130.405988, 33.59438, 0, 1775074800]]}}, {"type": "Feature", "properties": {"trip_id": "箱崎線_平日_1_111", "route_id": "箱崎線", "route_color": "#00aeef", "route_type": "1", "trip_headsign": "姪浜"}, "geometry": {"type": "LineString", "coordinates": [[130.425578, 33.632683, 0, 1775074920], [130.421019, 33.622178, 0, 1775075040], [130.419677, 33.61579, 0, 1775075100], [130.419388, 33.609357, 0, 1775075220], [130.414324, 33.602548, 0, 1775075340], [130.409882, 33.598294, 0, 1775075400], [130.405988, 33.59438, 0, 1775075520]]}}, {"type": "Feature", "properties": {"trip_id": "箱崎線_平日_1_112", "route_id": "箱崎線", "route_color": "#00aeef", "route_type": "1", "trip_headsign": "中洲川端"}, "geometry": {"type": "LineString", "coordinates": [[130.425578, 33.632683, 0, 1775075340], [130.421019, 33.622178, 0, 1775075460], [130.419677, 33.61579, 0, 1775075580], [130.419388, 33.609357, 0, 1775075700], [130.414324, 33.602548, 0, 1775075820], [130.409882, 33.598294, 0, 1775075880], [130.405988, 33.59438, 0, 1775075940]]}}, {"type": "Feature", "properties": {"trip_id": "箱崎線_平日_1_113", "route_id": "箱崎線", "route_color": "#00aeef", "route_type": "1", "trip_headsign": "姪浜"}, "geometry": {"type": "LineString", "coordinates": [[130.425578, 33.632683, 0, 1775075820], [130.421019, 33.622178, 0, 1775075940], [130.419677, 33.61579, 0, 1775076060], [130.419388, 33.609357, 0, 1775076180], [130.414324, 33.602548, 0, 1775076240], [130.409882, 33.598294, 0, 1775076360], [130.405988, 33.59438, 0, 1775076480]]}}, {"type": "Feature", "properties": {"trip_id": "箱崎線_平日_1_114", "route_id": "箱崎線", "route_color": "#00aeef", "route_type": "1", "trip_headsign": "中洲川端"}, "geometry": {"type": "LineString", "coordinates": [[130.425578, 33.632683, 0, 1775076480], [130.421019, 33.622178, 0, 1775076600], [130.419677, 33.61579, 0, 1775076660], [130.419388, 33.609357, 0, 1775076780], [130.414324, 33.602548, 0, 1775076900], [130.409882, 33.598294, 0, 1775077020], [130.405988, 33.59438, 0, 1775077080]]}}, {"type": "Feature", "properties": {"trip_id": "箱崎線_平日_1_115", "route_id": "箱崎線", "route_color": "#00aeef", "route_type": "1", "trip_headsign": "姪浜"}, "geometry": {"type": "LineString", "coordinates": [[130.425578, 33.632683, 0, 1775077020], [130.421019, 33.622178, 0, 1775077140], [130.419677, 33.61579, 0, 1775077200], [130.419388, 33.609357, 0, 1775077320], [130.414324, 33.602548, 0, 1775077440], [130.409882, 33.598294, 0, 1775077560], [130.405988, 33.59438, 0, 1775077620]]}}, {"type": "Feature", "properties": {"trip_id": "箱崎線_平日_1_116", "route_id": "箱崎線", "route_color": "#00aeef", "route_type": "1", "trip_headsign": "中洲川端"}, "geometry": {"type": "LineString", "coordinates": [[130.425578, 33.632683, 0, 1775077560], [130.421019, 33.622178, 0, 1775077680], [130.419677, 33.61579, 0, 1775077740], [130.419388, 33.609357, 0, 1775077860], [130.414324, 33.602548, 0, 1775077980], [130.409882, 33.598294, 0, 1775078040], [130.405988, 33.59438, 0, 1775078160]]}}, {"type": "Feature", "properties": {"trip_id": "箱崎線_平日_1_117", "route_id": "箱崎線", "route_color": "#00aeef", "route_type": "1", "trip_headsign": "姪浜"}, "geometry": {"type": "LineString", "coordinates": [[130.425578, 33.632683, 0, 1775077980], [130.421019, 33.622178, 0, 1775078100], [130.419677, 33.61579, 0, 1775078160], [130.419388, 33.609357, 0, 1775078280], [130.414324, 33.602548, 0, 1775078400], [130.409882, 33.598294, 0, 1775078520], [130.405988, 33.59438, 0, 1775078580]]}}, {"type": "Feature", "properties": {"trip_id": "箱崎線_平日_1_118", "route_id": "箱崎線", "route_color": "#00aeef", "route_type": "1", "trip_headsign": "中洲川端"}, "geometry": {"type": "LineString", "coordinates": [[130.425578, 33.632683, 0, 1775078880], [130.421019, 33.622178, 0, 1775078940], [130.419677, 33.61579, 0, 1775079060], [130.419388, 33.609357, 0, 1775079180], [130.414324, 33.602548, 0, 1775079300], [130.409882, 33.598294, 0, 1775079360], [130.405988, 33.59438, 0, 1775079420]]}}, {"type": "Feature", "properties": {"trip_id": "箱崎線_平日_1_119", "route_id": "箱崎線", "route_color": "#00aeef", "route_type": "1", "trip_headsign": "姪浜"}, "geometry": {"type": "LineString", "coordinates": [[130.425578, 33.632683, 0, 1775079420], [130.421019, 33.622178, 0, 1775079540], [130.419677, 33.61579, 0, 1775079660], [130.419388, 33.609357, 0, 1775079780], [130.414324, 33.602548, 0, 1775079900], [130.409882, 33.598294, 0, 1775079960], [130.405988, 33.59438, 0, 1775080080]]}}, {"type": "Feature", "properties": {"trip_id": "箱崎線_平日_1_120", "route_id": "箱崎線", "route_color": "#00aeef", "route_type": "1", "trip_headsign": "中洲川端"}, "geometry": {"type": "LineString", "coordinates": [[130.425578, 33.632683, 0, 1775080140], [130.421019, 33.622178, 0, 1775080260], [130.419677, 33.61579, 0, 1775080320], [130.419388, 33.609357, 0, 1775080440], [130.414324, 33.602548, 0, 1775080560], [130.409882, 33.598294, 0, 1775080680], [130.405988, 33.59438, 0, 1775080740]]}}, {"type": "Feature", "properties": {"trip_id": "箱崎線_平日_1_121", "route_id": "箱崎線", "route_color": "#00aeef", "route_type": "1", "trip_headsign": "姪浜"}, "geometry": {"type": "LineString", "coordinates": [[130.425578, 33.632683, 0, 1775080800], [130.421019, 33.622178, 0, 1775080920], [130.419677, 33.61579, 0, 1775081040], [130.419388, 33.609357, 0, 1775081160], [130.414324, 33.602548, 0, 1775081220], [130.409882, 33.598294, 0, 1775081340], [130.405988, 33.59438, 0, 1775081460]]}}, {"type": "Feature", "properties": {"trip_id": "箱崎線_平日_1_122", "route_id": "箱崎線", "route_color": "#00aeef", "route_type": "1", "trip_headsign": "中洲川端"}, "geometry": {"type": "LineString", "coordinates": [[130.425578, 33.632683, 0, 1775081640], [130.421019, 33.622178, 0, 1775081760], [130.419677, 33.61579, 0, 1775081880], [130.419388, 33.609357, 0, 1775081940], [130.414324, 33.602548, 0, 1775082060], [130.409882, 33.598294, 0, 1775082180], [130.405988, 33.59438, 0, 1775082240]]}}, {"type": "Feature", "properties": {"trip_id": "箱崎線_平日_1_123", "route_id": "箱崎線", "route_color": "#00aeef", "route_type": "1", "trip_headsign": "姪浜"}, "geometry": {"type": "LineString", "coordinates": [[130.425578, 33.632683, 0, 1775082480], [130.421019, 33.622178, 0, 1775082600], [130.419677, 33.61579, 0, 1775082660], [130.419388, 33.609357, 0, 1775082780], [130.414324, 33.602548, 0, 1775082900], [130.409882, 33.598294, 0, 1775082960], [130.405988, 33.59438, 0, 1775083080]]}}, {"type": "Feature", "properties": {"trip_id": "箱崎線_平日_1_124", "route_id": "箱崎線", "route_color": "#00aeef", "route_type": "1", "trip_headsign": "姪浜"}, "geometry": {"type": "LineString", "coordinates": [[130.425578, 33.632683, 0, 1775083020], [130.421019, 33.622178, 0, 1775083140], [130.419677, 33.61579, 0, 1775083200], [130.419388, 33.609357, 0, 1775083320], [130.414324, 33.602548, 0, 1775083440], [130.409882, 33.598294, 0, 1775083560], [130.405988, 33.59438, 0, 1775083620]]}}, {"type": "Feature", "properties": {"trip_id": "箱崎線_平日_1_125", "route_id": "箱崎線", "route_color": "#00aeef", "route_type": "1", "trip_headsign": "姪浜"}, "geometry": {"type": "LineString", "coordinates": [[130.425578, 33.632683, 0, 1775083620], [130.421019, 33.622178, 0, 1775083740], [130.419677, 33.61579, 0, 1775083860], [130.419388, 33.609357, 0, 1775083920], [130.414324, 33.602548, 0, 1775084040], [130.409882, 33.598294, 0, 1775084160], [130.405988, 33.59438, 0, 1775084220]]}}, {"type": "Feature", "properties": {"trip_id": "箱崎線_平日_1_126", "route_id": "箱崎線", "route_color": "#00aeef", "route_type": "1", "trip_headsign": "中洲川端"}, "geometry": {"type": "LineString", "coordinates": [[130.425578, 33.632683, 0, 1775084340], [130.421019, 33.622178, 0, 1775084460], [130.419677, 33.61579, 0, 1775084580], [130.419388, 33.609357, 0, 1775084640], [130.414324, 33.602548, 0, 1775084760], [130.409882, 33.598294, 0, 1775084880], [130.405988, 33.59438, 0, 1775084940]]}}, {"type": "Feature", "properties": {"trip_id": "箱崎線_平日_1_127", "route_id": "箱崎線", "route_color": "#00aeef", "route_type": "1", "trip_headsign": "姪浜"}, "geometry": {"type": "LineString", "coordinates": [[130.425578, 33.632683, 0, 1775085240], [130.421019, 33.622178, 0, 1775085300], [130.419677, 33.61579, 0, 1775085420], [130.419388, 33.609357, 0, 1775085540], [130.414324, 33.602548, 0, 1775085660], [130.409882, 33.598294, 0, 1775085720], [130.405988, 33.59438, 0, 1775085840]]}}, {"type": "Feature", "properties": {"trip_id": "箱崎線_平日_1_128", "route_id": "箱崎線", "route_color": "#00aeef", "route_type": "1", "trip_headsign": "姪浜"}, "geometry": {"type": "LineString", "coordinates": [[130.425578, 33.632683, 0, 1775085780], [130.421019, 33.622178, 0, 1775085900], [130.419677, 33.61579, 0, 1775086020], [130.419388, 33.609357, 0, 1775086080], [130.414324, 33.602548, 0, 1775086200], [130.409882, 33.598294, 0, 1775086320], [130.405988, 33.59438, 0, 1775086380]]}}, {"type": "Feature", "properties": {"trip_id": "箱崎線_平日_1_129", "route_id": "箱崎線", "route_color": "#00aeef", "route_type": "1", "trip_headsign": "姪浜"}, "geometry": {"type": "LineString", "coordinates": [[130.425578, 33.632683, 0, 1775086560], [130.421019, 33.622178, 0, 1775086680], [130.419677, 33.61579, 0, 1775086740], [130.419388, 33.609357, 0, 1775086860], [130.414324, 33.602548, 0, 1775086980], [130.409882, 33.598294, 0, 1775087100], [130.405988, 33.59438, 0, 1775087160]]}}, {"type": "Feature", "properties": {"trip_id": "箱崎線_平日_1_130", "route_id": "箱崎線", "route_color": "#00aeef", "route_type": "1", "trip_headsign": "姪浜"}, "geometry": {"type": "LineString", "coordinates": [[130.425578, 33.632683, 0, 1775087760], [130.421019, 33.622178, 0, 1775087880], [130.419677, 33.61579, 0, 1775087940], [130.419388, 33.609357, 0, 1775088060], [130.414324, 33.602548, 0, 1775088180], [130.409882, 33.598294, 0, 1775088240], [130.405988, 33.59438, 0, 1775088360]]}}, {"type": "Feature", "properties": {"trip_id": "箱崎線_平日_1_131", "route_id": "箱崎線", "route_color": "#00aeef", "route_type": "1", "trip_headsign": "姪浜"}, "geometry": {"type": "LineString", "coordinates": [[130.425578, 33.632683, 0, 1775089140], [130.421019, 33.622178, 0, 1775089260], [130.419677, 33.61579, 0, 1775089320], [130.419388, 33.609357, 0, 1775089440], [130.414324, 33.602548, 0, 1775089560], [130.409882, 33.598294, 0, 1775089680], [130.405988, 33.59438, 0, 1775089800]]}}]}
