frame,time,count
0,2026-04-01 05:15:00,1
1,2026-04-01 05:15:19,1
2,2026-04-01 05:15:39,1
3,2026-04-01 05:15:59,1
4,2026-04-01 05:16:19,1
5,2026-04-01 05:16:38,1
6,2026-04-01 05:16:58,1
7,2026-04-01 05:17:18,1
8,2026-04-01 05:17:38,1
9,2026-04-01 05:17:57,1
10,2026-04-01 05:18:17,1
11,2026-04-01 05:18:37,1
12,2026-04-01 05:18:57,1
13,2026-04-01 05:19:16,1
14,2026-04-01 05:19:36,1
15,2026-04-01 05:19:56,1
16,2026-04-01 05:20:16,1
17,2026-04-01 05:20:35,1
18,2026-04-01 05:20:55,1
19,2026-04-01 05:21:15,1
20,2026-04-01 05:21:35,1
21,2026-04-01 05:21:54,1
22,2026-04-01 05:22:14,1
23,2026-04-01 05:22:34,1
24,2026-04-01 05:22:54,1
25,2026-04-01 05:23:13,1
26,2026-04-01 05:23:33,1
27,2026-04-01 05:23:53,1
28,2026-04-01 05:24:13,1
29,2026-04-01 05:24:32,1
30,2026-04-01 05:24:52,1
31,2026-04-01 05:25:12,1
32,2026-04-01 05:25:32,1
33,2026-04-01 05:25:51,1
34,2026-04-01 05:26:11,1
35,2026-04-01 05:26:31,1
36,2026-04-01 05:26:51,1
37,2026-04-01 05:27:10,1
38,2026-04-01 05:27:30,1
39,2026-04-01 05:27:50,1
40,2026-04-01 05:28:10,1
41,2026-04-01 05:28:29,1
42,2026-04-01 05:28:49,1
43,2026-04-01 05:29:09,1
44,2026-04-01 05:29:29,1
45,2026-04-01 05:29:48,1
46,2026-04-01 05:30:08,6
47,2026-04-01 05:30:28,6
48,2026-04-01 05:30:48,6
49,2026-04-01 05:31:07,6
50,2026-04-01 05:31:27,6
51,2026-04-01 05:31:47,6
52,2026-04-01 05:32:07,6
53,2026-04-01 05:32:26,6
54,2026-04-01 05:32:46,6
55,2026-04-01 05:33:06,6
56,2026-04-01 05:33:26,6
57,2026-04-01 05:33:45,6
58,2026-04-01 05:34:05,6
59,2026-04-01 05:34:25,6
60,2026-04-01 05:34:45,6
61,2026-04-01 05:35:04,7
62,2026-04-01 05:35:24,7
63,2026-04-01 05:35:44,7
64,2026-04-01 05:36:04,7
65,2026-04-01 05:36:23,7
66,2026-04-01 05:36:43,7
67,2026-04-01 05:37:03,7
68,2026-04-01 05:37:23,7
69,2026-04-01 05:37:42,7
70,2026-04-01 05:38:02,7
71,2026-04-01 05:38:22,7
72,2026-04-01 05:38:42,7
73,2026-04-01 05:39:01,9
74,2026-04-01 05:39:21,9
75,2026-04-01 05:39:41,9
76,2026-04-01 05:40:01,10
77,2026-04-01 05:40:20,10
78,2026-04-01 05:40:40,10
79,2026-04-01 05:41:00,10
80,2026-04-01 05:41:20,10
81,2026-04-01 05:41:39,10
82,2026-04-01 05:41:59,10
83,2026-04-01 05:42:19,10
84,2026-04-01 05:42:39,10
85,2026-04-01 05:42:58,10
86,2026-04-01 05:43:18,11
87,2026-04-01 05:43:38,11
88,2026-04-01 05:43:58,11
89,2026-04-01 05:44:17,10
90,2026-04-01 05:44:37,10
91,2026-04-01 05:44:57,10
92,2026-04-01 05:45:17,11
93,2026-04-01 05:45:36,11
94,2026-04-01 05:45:56,11
95,2026-04-01 05:46:16,11
96,2026-04-01 05:46:36,11
97,2026-04-01 05:46:55,11
98,2026-04-01 05:47:15,11
99,2026-04-01 05:47:35,11
100,2026-04-01 05:47:55,11
101,2026-04-01 05:48:14,11
102,2026-04-01 05:48:34,11
103,2026-04-01 05:48:54,11
104,2026-04-01 05:49:14,11
105,2026-04-01 05:49:33,11
106,2026-04-01 05:49:53,11
107,2026-04-01 05:50:13,12
108,2026-04-01 05:50:33,12
109,2026-04-01 05:50:52,12
110,2026-04-01 05:51:12,12
111,2026-04-01 05:51:32,12
112,2026-04-01 05:51:52,12
113,2026-04-01 05:52:11,12
114,2026-04-01 05:52:31,12
115,2026-04-01 05:52:51,12
116,2026-04-01 05:53:11,13
117,2026-04-01 05:53:30,13
118,2026-04-01 05:53:50,13
119,2026-04-01 05:54:10,13
120,2026-04-01 05:54:30,13
121,2026-04-01 05:54:49,13
122,2026-04-01 05:55:09,12
123,2026-04-01 05:55:29,12
124,2026-04-01 05:55:49,12
125,2026-04-01 05:56:08,11
126,2026-04-01 05:56:28,11
127,2026-04-01 05:56:48,11
128,2026-04-01 05:57:08,11
129,2026-04-01 05:57:27,11
130,2026-04-01 05:57:47,11
131,2026-04-01 05:58:07,12
132,2026-04-01 05:58:27,12
133,2026-04-01 05:58:46,12
134,2026-04-01 05:59:06,10
135,2026-04-01 05:59:26,10
136,2026-04-01 05:59:46,10
137,2026-04-01 06:00:05,10
138,2026-04-01 06:00:25,10
139,2026-04-01 06:00:45,10
140,2026-04-01 06:01:05,12
141,2026-04-01 06:01:24,12
142,2026-04-01 06:01:44,12
143,2026-04-01 06:02:04,12
144,2026-04-01 06:02:24,12
145,2026-04-01 06:02:43,12
146,2026-04-01 06:03:03,14
147,2026-04-01 06:03:23,14
148,2026-04-01 06:03:43,14
149,2026-04-01 06:04:02,13
150,2026-04-01 06:04:22,13
151,2026-04-01 06:04:42,13
152,2026-04-01 06:05:02,13
153,2026-04-01 06:05:21,13
154,2026-04-01 06:05:41,13
155,2026-04-01 06:06:01,13
156,2026-04-01 06:06:21,13
157,2026-04-01 06:06:40,13
158,2026-04-01 06:07:00,13
159,2026-04-01 06:07:20,13
160,2026-04-01 06:07:40,13
161,2026-04-01 06:07:59,13
162,2026-04-01 06:08:19,13
163,2026-04-01 06:08:39,13
164,2026-04-01 06:08:59,13
165,2026-04-01 06:09:18,12
166,2026-04-01 06:09:38,12
167,2026-04-01 06:09:58,12
168,2026-04-01 06:10:18,12
169,2026-04-01 06:10:37,12
170,2026-04-01 06:10:57,12
171,2026-04-01 06:11:17,14
172,2026-04-01 06:11:37,14
173,2026-04-01 06:11:56,14
174,2026-04-01 06:12:16,14
175,2026-04-01 06:12:36,14
176,2026-04-01 06:12:56,14
177,2026-04-01 06:13:15,14
178,2026-04-01 06:13:35,14
179,2026-04-01 06:13:55,14
180,2026-04-01 06:14:15,13
181,2026-04-01 06:14:34,13
182,2026-04-01 06:14:54,13
183,2026-04-01 06:15:14,15
184,2026-04-01 06:15:34,15
185,2026-04-01 06:15:53,15
186,2026-04-01 06:16:13,15
187,2026-04-01 06:16:33,15
188,2026-04-01 06:16:53,15
189,2026-04-01 06:17:12,15
190,2026-04-01 06:17:32,15
191,2026-04-01 06:17:52,15
192,2026-04-01 06:18:12,16
193,2026-04-01 06:18:31,16
194,2026-04-01 06:18:51,16
195,2026-04-01 06:19:11,13
196,2026-04-01 06:19:31,13
197,2026-04-01 06:19:50,13
198,2026-04-01 06:20:10,13
199,2026-04-01 06:20:30,13
200,2026-04-01 06:20:50,13
201,2026-04-01 06:21:09,13
202,2026-04-01 06:21:29,13
203,2026-04-01 06:21:49,13
204,2026-04-01 06:22:09,15
205,2026-04-01 06:22:28,15
206,2026-04-01 06:22:48,15
207,2026-04-01 06:23:08,14
208,2026-04-01 06:23:28,14
209,2026-04-01 06:23:47,14
210,2026-04-01 06:24:07,14
211,2026-04-01 06:24:27,14
212,2026-04-01 06:24:47,14
213,2026-04-01 06:25:06,15
214,2026-04-01 06:25:26,15
215,2026-04-01 06:25:46,15
216,2026-04-01 06:26:06,13
217,2026-04-01 06:26:25,13
218,2026-04-01 06:26:45,13
219,2026-04-01 06:27:05,13
220,2026-04-01 06:27:25,13
221,2026-04-01 06:27:44,13
222,2026-04-01 06:28:04,14
223,2026-04-01 06:28:24,14
224,2026-04-01 06:28:44,14
225,2026-04-01 06:29:03,13
226,2026-04-01 06:29:23,13
227,2026-04-01 06:29:43,13
228,2026-04-01 06:30:03,13
229,2026-04-01 06:30:22,13
230,2026-04-01 06:30:42,13
231,2026-04-01 06:31:02,13
232,2026-04-01 06:31:22,13
233,2026-04-01 06:31:41,13
234,2026-04-01 06:32:01,13
235,2026-04-01 06:32:21,13
236,2026-04-01 06:32:41,13
237,2026-04-01 06:33:00,13
238,2026-04-01 06:33:20,13
239,2026-04-01 06:33:40,13
240,2026-04-01 06:34:00,13
241,2026-04-01 06:34:19,13
242,2026-04-01 06:34:39,13
243,2026-04-01 06:34:59,13
244,2026-04-01 06:35:19,14
245,2026-04-01 06:35:38,14
246,2026-04-01 06:35:58,14
247,2026-04-01 06:36:18,13
248,2026-04-01 06:36:38,13
249,2026-04-01 06:36:57,13
250,2026-04-01 06:37:17,15
251,2026-04-01 06:37:37,15
252,2026-04-01 06:37:57,15
253,2026-04-01 06:38:16,16
254,2026-04-01 06:38:36,16
255,2026-04-01 06:38:56,16
256,2026-04-01 06:39:16,16
257,2026-04-01 06:39:35,16
258,2026-04-01 06:39:55,16
259,2026-04-01 06:40:15,16
260,2026-04-01 06:40:35,16
261,2026-04-01 06:40:54,16
262,2026-04-01 06:41:14,16
263,2026-04-01 06:41:34,16
264,2026-04-01 06:41:54,16
265,2026-04-01 06:42:13,16
266,2026-04-01 06:42:33,16
267,2026-04-01 06:42:53,16
268,2026-04-01 06:43:13,17
269,2026-04-01 06:43:32,17
270,2026-04-01 06:43:52,17
271,2026-04-01 06:44:12,17
272,2026-04-01 06:44:32,17
273,2026-04-01 06:44:51,17
274,2026-04-01 06:45:11,19
275,2026-04-01 06:45:31,19
276,2026-04-01 06:45:51,19
277,2026-04-01 06:46:10,18
278,2026-04-01 06:46:30,18
279,2026-04-01 06:46:50,18
280,2026-04-01 06:47:10,15
281,2026-04-01 06:47:29,15
282,2026-04-01 06:47:49,15
283,2026-04-01 06:48:09,15
284,2026-04-01 06:48:29,15
285,2026-04-01 06:48:48,15
286,2026-04-01 06:49:08,15
287,2026-04-01 06:49:28,15
288,2026-04-01 06:49:48,15
289,2026-04-01 06:50:07,16
290,2026-04-01 06:50:27,16
291,2026-04-01 06:50:47,16
292,2026-04-01 06:51:07,19
293,2026-04-01 06:51:26,19
294,2026-04-01 06:51:46,19
295,2026-04-01 06:52:06,19
296,2026-04-01 06:52:26,19
297,2026-04-01 06:52:45,19
298,2026-04-01 06:53:05,19
299,2026-04-01 06:53:25,19
300,2026-04-01 06:53:45,19
301,2026-04-01 06:54:04,16
302,2026-04-01 06:54:24,16
303,2026-04-01 06:54:44,16
304,2026-04-01 06:55:04,17
305,2026-04-01 06:55:23,17
306,2026-04-01 06:55:43,17
307,2026-04-01 06:56:03,18
308,2026-04-01 06:56:23,18
309,2026-04-01 06:56:42,18
310,2026-04-01 06:57:02,20
311,2026-04-01 06:57:22,20
312,2026-04-01 06:57:42,20
313,2026-04-01 06:58:01,20
314,2026-04-01 06:58:21,20
315,2026-04-01 06:58:41,20
316,2026-04-01 06:59:01,20
317,2026-04-01 06:59:20,20
318,2026-04-01 06:59:40,20
319,2026-04-01 07:00:00,21
320,2026-04-01 07:00:20,21
321,2026-04-01 07:00:39,21
322,2026-04-01 07:00:59,21
323,2026-04-01 07:01:19,21
324,2026-04-01 07:01:39,21
325,2026-04-01 07:01:58,21
326,2026-04-01 07:02:18,21
327,2026-04-01 07:02:38,21
328,2026-04-01 07:02:58,21
329,2026-04-01 07:03:17,22
330,2026-04-01 07:03:37,22
331,2026-04-01 07:03:57,22
332,2026-04-01 07:04:17,22
333,2026-04-01 07:04:36,22
334,2026-04-01 07:04:56,22
335,2026-04-01 07:05:16,22
336,2026-04-01 07:05:36,22
337,2026-04-01 07:05:55,22
338,2026-04-01 07:06:15,21
339,2026-04-01 07:06:35,21
340,2026-04-01 07:06:55,21
341,2026-04-01 07:07:14,24
342,2026-04-01 07:07:34,24
343,2026-04-01 07:07:54,24
344,2026-04-01 07:08:14,23
345,2026-04-01 07:08:33,23
346,2026-04-01 07:08:53,23
347,2026-04-01 07:09:13,23
348,2026-04-01 07:09:33,23
349,2026-04-01 07:09:52,23
350,2026-04-01 07:10:12,21
351,2026-04-01 07:10:32,21
352,2026-04-01 07:10:52,21
353,2026-04-01 07:11:11,24
354,2026-04-01 07:11:31,24
355,2026-04-01 07:11:51,24
356,2026-04-01 07:12:11,22
357,2026-04-01 07:12:30,22
358,2026-04-01 07:12:50,22
359,2026-04-01 07:13:10,22
360,2026-04-01 07:13:30,22
361,2026-04-01 07:13:49,22
362,2026-04-01 07:14:09,22
363,2026-04-01 07:14:29,22
364,2026-04-01 07:14:49,22
365,2026-04-01 07:15:08,22
366,2026-04-01 07:15:28,22
367,2026-04-01 07:15:48,22
368,2026-04-01 07:16:08,23
369,2026-04-01 07:16:27,23
370,2026-04-01 07:16:47,23
371,2026-04-01 07:17:07,24
372,2026-04-01 07:17:27,24
373,2026-04-01 07:17:46,24
374,2026-04-01 07:18:06,24
375,2026-04-01 07:18:26,24
376,2026-04-01 07:18:46,24
377,2026-04-01 07:19:05,23
378,2026-04-01 07:19:25,23
379,2026-04-01 07:19:45,23
380,2026-04-01 07:20:05,22
381,2026-04-01 07:20:24,22
382,2026-04-01 07:20:44,22
383,2026-04-01 07:21:04,23
384,2026-04-01 07:21:24,23
385,2026-04-01 07:21:43,23
386,2026-04-01 07:22:03,23
387,2026-04-01 07:22:23,23
388,2026-04-01 07:22:43,23
389,2026-04-01 07:23:02,23
390,2026-04-01 07:23:22,23
391,2026-04-01 07:23:42,23
392,2026-04-01 07:24:02,25
393,2026-04-01 07:24:21,25
394,2026-04-01 07:24:41,25
395,2026-04-01 07:25:01,26
396,2026-04-01 07:25:21,26
397,2026-04-01 07:25:40,26
398,2026-04-01 07:26:00,23
399,2026-04-01 07:26:20,23
400,2026-04-01 07:26:40,23
401,2026-04-01 07:26:59,23
402,2026-04-01 07:27:19,25
403,2026-04-01 07:27:39,25
404,2026-04-01 07:27:59,25
405,2026-04-01 07:28:18,25
406,2026-04-01 07:28:38,25
407,2026-04-01 07:28:58,25
408,2026-04-01 07:29:18,26
409,2026-04-01 07:29:37,26
410,2026-04-01 07:29:57,26
411,2026-04-01 07:30:17,28
412,2026-04-01 07:30:37,28
413,2026-04-01 07:30:56,28
414,2026-04-01 07:31:16,29
415,2026-04-01 07:31:36,29
416,2026-04-01 07:31:56,29
417,2026-04-01 07:32:15,28
418,2026-04-01 07:32:35,28
419,2026-04-01 07:32:55,28
420,2026-04-01 07:33:15,28
421,2026-04-01 07:33:34,28
422,2026-04-01 07:33:54,28
423,2026-04-01 07:34:14,28
424,2026-04-01 07:34:34,28
425,2026-04-01 07:34:53,28
426,2026-04-01 07:35:13,29
427,2026-04-01 07:35:33,29
428,2026-04-01 07:35:53,29
429,2026-04-01 07:36:12,30
430,2026-04-01 07:36:32,30
431,2026-04-01 07:36:52,30
432,2026-04-01 07:37:12,28
433,2026-04-01 07:37:31,28
434,2026-04-01 07:37:51,28
435,2026-04-01 07:38:11,28
436,2026-04-01 07:38:31,28
437,2026-04-01 07:38:50,28
438,2026-04-01 07:39:10,28
439,2026-04-01 07:39:30,28
440,2026-04-01 07:39:50,28
441,2026-04-01 07:40:09,27
442,2026-04-01 07:40:29,27
443,2026-04-01 07:40:49,27
444,2026-04-01 07:41:09,28
445,2026-04-01 07:41:28,28
446,2026-04-01 07:41:48,28
447,2026-04-01 07:42:08,28
448,2026-04-01 07:42:28,28
449,2026-04-01 07:42:47,28
450,2026-04-01 07:43:07,29
451,2026-04-01 07:43:27,29
452,2026-04-01 07:43:47,29
453,2026-04-01 07:44:06,31
454,2026-04-01 07:44:26,31
455,2026-04-01 07:44:46,31
456,2026-04-01 07:45:06,31
457,2026-04-01 07:45:25,31
458,2026-04-01 07:45:45,31
459,2026-04-01 07:46:05,31
460,2026-04-01 07:46:25,31
461,2026-04-01 07:46:44,31
462,2026-04-01 07:47:04,31
463,2026-04-01 07:47:24,31
464,2026-04-01 07:47:44,31
465,2026-04-01 07:48:03,31
466,2026-04-01 07:48:23,31
467,2026-04-01 07:48:43,31
468,2026-04-01 07:49:03,31
469,2026-04-01 07:49:22,31
470,2026-04-01 07:49:42,31
471,2026-04-01 07:50:02,32
472,2026-04-01 07:50:22,32
473,2026-04-01 07:50:41,32
474,2026-04-01 07:51:01,32
475,2026-04-01 07:51:21,32
476,2026-04-01 07:51:41,32
477,2026-04-01 07:52:00,32
478,2026-04-01 07:52:20,32
479,2026-04-01 07:52:40,32
480,2026-04-01 07:53:00,31
481,2026-04-01 07:53:19,31
482,2026-04-01 07:53:39,31
483,2026-04-01 07:53:59,31
484,2026-04-01 07:54:19,31
485,2026-04-01 07:54:38,31
486,2026-04-01 07:54:58,31
487,2026-04-01 07:55:18,31
488,2026-04-01 07:55:38,31
489,2026-04-01 07:55:57,31
490,2026-04-01 07:56:17,30
491,2026-04-01 07:56:37,30
492,2026-04-01 07:56:57,30
493,2026-04-01 07:57:16,33
494,2026-04-01 07:57:36,33
495,2026-04-01 07:57:56,33
496,2026-04-01 07:58:16,33
497,2026-04-01 07:58:35,33
498,2026-04-01 07:58:55,33
499,2026-04-01 07:59:15,31
500,2026-04-01 07:59:35,31
501,2026-04-01 07:59:54,31
502,2026-04-01 08:00:14,33
503,2026-04-01 08:00:34,33
504,2026-04-01 08:00:54,33
505,2026-04-01 08:01:13,33
506,2026-04-01 08:01:33,33
507,2026-04-01 08:01:53,33
508,2026-04-01 08:02:13,34
509,2026-04-01 08:02:32,34
510,2026-04-01 08:02:52,34
511,2026-04-01 08:03:12,35
512,2026-04-01 08:03:32,35
513,2026-04-01 08:03:51,35
514,2026-04-01 08:04:11,35
515,2026-04-01 08:04:31,35
516,2026-04-01 08:04:51,35
517,2026-04-01 08:05:10,35
518,2026-04-01 08:05:30,35
519,2026-04-01 08:05:50,35
520,2026-04-01 08:06:10,35
521,2026-04-01 08:06:29,35
522,2026-04-01 08:06:49,35
523,2026-04-01 08:07:09,35
524,2026-04-01 08:07:29,35
525,2026-04-01 08:07:48,35
526,2026-04-01 08:08:08,35
527,2026-04-01 08:08:28,35
528,2026-04-01 08:08:48,35
529,2026-04-01 08:09:07,36
530,2026-04-01 08:09:27,36
531,2026-04-01 08:09:47,36
532,2026-04-01 08:10:07,36
533,2026-04-01 08:10:26,36
534,2026-04-01 08:10:46,36
535,2026-04-01 08:11:06,37
536,2026-04-01 08:11:26,37
537,2026-04-01 08:11:45,37
538,2026-04-01 08:12:05,36
539,2026-04-01 08:12:25,36
540,2026-04-01 08:12:45,36
541,2026-04-01 08:13:04,36
542,2026-04-01 08:13:24,36
543,2026-04-01 08:13:44,36
544,2026-04-01 08:14:04,37
545,2026-04-01 08:14:23,37
546,2026-04-01 08:14:43,37
547,2026-04-01 08:15:03,37
548,2026-04-01 08:15:23,37
549,2026-04-01 08:15:42,37
550,2026-04-01 08:16:02,38
551,2026-04-01 08:16:22,38
552,2026-04-01 08:16:42,38
553,2026-04-01 08:17:01,38
554,2026-04-01 08:17:21,38
555,2026-04-01 08:17:41,38
556,2026-04-01 08:18:01,39
557,2026-04-01 08:18:20,39
558,2026-04-01 08:18:40,39
559,2026-04-01 08:19:00,38
560,2026-04-01 08:19:20,38
561,2026-04-01 08:19:39,38
562,2026-04-01 08:19:59,38
563,2026-04-01 08:20:19,38
564,2026-04-01 08:20:39,38
565,2026-04-01 08:20:58,38
566,2026-04-01 08:21:18,36
567,2026-04-01 08:21:38,36
568,2026-04-01 08:21:58,36
569,2026-04-01 08:22:17,36
570,2026-04-01 08:22:37,36
571,2026-04-01 08:22:57,36
572,2026-04-01 08:23:17,36
573,2026-04-01 08:23:36,36
574,2026-04-01 08:23:56,36
575,2026-04-01 08:24:16,36
576,2026-04-01 08:24:36,36
577,2026-04-01 08:24:55,36
578,2026-04-01 08:25:15,37
579,2026-04-01 08:25:35,37
580,2026-04-01 08:25:55,37
581,2026-04-01 08:26:14,37
582,2026-04-01 08:26:34,37
583,2026-04-01 08:26:54,37
584,2026-04-01 08:27:14,36
585,2026-04-01 08:27:33,36
586,2026-04-01 08:27:53,36
587,2026-04-01 08:28:13,39
588,2026-04-01 08:28:33,39
589,2026-04-01 08:28:52,39
590,2026-04-01 08:29:12,37
591,2026-04-01 08:29:32,37
592,2026-04-01 08:29:52,37
593,2026-04-01 08:30:11,36
594,2026-04-01 08:30:31,36
595,2026-04-01 08:30:51,36
596,2026-04-01 08:31:11,37
597,2026-04-01 08:31:30,37
598,2026-04-01 08:31:50,37
599,2026-04-01 08:32:10,37
600,2026-04-01 08:32:30,37
601,2026-04-01 08:32:49,37
602,2026-04-01 08:33:09,36
603,2026-04-01 08:33:29,36
604,2026-04-01 08:33:49,36
605,2026-04-01 08:34:08,38
606,2026-04-01 08:34:28,38
607,2026-04-01 08:34:48,38
608,2026-04-01 08:35:08,39
609,2026-04-01 08:35:27,39
610,2026-04-01 08:35:47,39
611,2026-04-01 08:36:07,38
612,2026-04-01 08:36:27,38
613,2026-04-01 08:36:46,38
614,2026-04-01 08:37:06,37
615,2026-04-01 08:37:26,37
616,2026-04-01 08:37:46,37
617,2026-04-01 08:38:05,37
618,2026-04-01 08:38:25,37
619,2026-04-01 08:38:45,37
620,2026-04-01 08:39:05,36
621,2026-04-01 08:39:24,36
622,2026-04-01 08:39:44,36
623,2026-04-01 08:40:04,37
624,2026-04-01 08:40:24,37
625,2026-04-01 08:40:43,37
626,2026-04-01 08:41:03,36
627,2026-04-01 08:41:23,36
628,2026-04-01 08:41:43,36
629,2026-04-01 08:42:02,37
630,2026-04-01 08:42:22,37
631,2026-04-01 08:42:42,37
632,2026-04-01 08:43:02,38
633,2026-04-01 08:43:21,38
634,2026-04-01 08:43:41,38
635,2026-04-01 08:44:01,36
636,2026-04-01 08:44:21,36
637,2026-04-01 08:44:40,36
638,2026-04-01 08:45:00,36
639,2026-04-01 08:45:20,36
640,2026-04-01 08:45:40,36
641,2026-04-01 08:45:59,36
642,2026-04-01 08:46:19,37
643,2026-04-01 08:46:39,37
644,2026-04-01 08:46:59,37
645,2026-04-01 08:47:18,35
646,2026-04-01 08:47:38,35
647,2026-04-01 08:47:58,35
648,2026-04-01 08:48:18,36
649,2026-04-01 08:48:37,36
650,2026-04-01 08:48:57,36
651,2026-04-01 08:49:17,35
652,2026-04-01 08:49:37,35
653,2026-04-01 08:49:56,35
654,2026-04-01 08:50:16,35
655,2026-04-01 08:50:36,35
656,2026-04-01 08:50:56,35
657,2026-04-01 08:51:15,36
658,2026-04-01 08:51:35,36
659,2026-04-01 08:51:55,36
660,2026-04-01 08:52:15,37
661,2026-04-01 08:52:34,37
662,2026-04-01 08:52:54,37
663,2026-04-01 08:53:14,34
664,2026-04-01 08:53:34,34
665,2026-04-01 08:53:53,34
666,2026-04-01 08:54:13,36
667,2026-04-01 08:54:33,36
668,2026-04-01 08:54:53,36
669,2026-04-01 08:55:12,35
670,2026-04-01 08:55:32,35
671,2026-04-01 08:55:52,35
672,2026-04-01 08:56:12,34
673,2026-04-01 08:56:31,34
674,2026-04-01 08:56:51,34
675,2026-04-01 08:57:11,34
676,2026-04-01 08:57:31,34
677,2026-04-01 08:57:50,34
678,2026-04-01 08:58:10,36
679,2026-04-01 08:58:30,36
680,2026-04-01 08:58:50,36
681,2026-04-01 08:59:09,35
682,2026-04-01 08:59:29,35
683,2026-04-01 08:59:49,35
684,2026-04-01 09:00:09,36
685,2026-04-01 09:00:28,36
686,2026-04-01 09:00:48,36
687,2026-04-01 09:01:08,36
688,2026-04-01 09:01:28,36
689,2026-04-01 09:01:47,36
690,2026-04-01 09:02:07,34
691,2026-04-01 09:02:27,34
692,2026-04-01 09:02:47,34
693,2026-04-01 09:03:06,34
694,2026-04-01 09:03:26,34
695,2026-04-01 09:03:46,34
696,2026-04-01 09:04:06,33
697,2026-04-01 09:04:25,33
698,2026-04-01 09:04:45,33
699,2026-04-01 09:05:05,33
700,2026-04-01 09:05:25,33
701,2026-04-01 09:05:44,33
702,2026-04-01 09:06:04,36
703,2026-04-01 09:06:24,36
704,2026-04-01 09:06:44,36
705,2026-04-01 09:07:03,35
706,2026-04-01 09:07:23,35
707,2026-04-01 09:07:43,35
708,2026-04-01 09:08:03,32
709,2026-04-01 09:08:22,32
710,2026-04-01 09:08:42,32
711,2026-04-01 09:09:02,32
712,2026-04-01 09:09:22,32
713,2026-04-01 09:09:41,32
714,2026-04-01 09:10:01,33
715,2026-04-01 09:10:21,33
716,2026-04-01 09:10:41,33
717,2026-04-01 09:11:00,33
718,2026-04-01 09:11:20,33
719,2026-04-01 09:11:40,33
720,2026-04-01 09:12:00,33
721,2026-04-01 09:12:19,33
722,2026-04-01 09:12:39,33
723,2026-04-01 09:12:59,33
724,2026-04-01 09:13:19,33
725,2026-04-01 09:13:38,33
726,2026-04-01 09:13:58,33
727,2026-04-01 09:14:18,32
728,2026-04-01 09:14:38,32
729,2026-04-01 09:14:57,32
730,2026-04-01 09:15:17,32
731,2026-04-01 09:15:37,32
732,2026-04-01 09:15:57,32
733,2026-04-01 09:16:16,32
734,2026-04-01 09:16:36,32
735,2026-04-01 09:16:56,32
736,2026-04-01 09:17:16,33
737,2026-04-01 09:17:35,33
738,2026-04-01 09:17:55,33
739,2026-04-01 09:18:15,32
740,2026-04-01 09:18:35,32
741,2026-04-01 09:18:54,32
742,2026-04-01 09:19:14,33
743,2026-04-01 09:19:34,33
744,2026-04-01 09:19:54,33
745,2026-04-01 09:20:13,34
746,2026-04-01 09:20:33,34
747,2026-04-01 09:20:53,34
748,2026-04-01 09:21:13,32
749,2026-04-01 09:21:32,32
750,2026-04-01 09:21:52,32
751,2026-04-01 09:22:12,32
752,2026-04-01 09:22:32,32
753,2026-04-01 09:22:51,32
754,2026-04-01 09:23:11,31
755,2026-04-01 09:23:31,31
756,2026-04-01 09:23:51,31
757,2026-04-01 09:24:10,30
758,2026-04-01 09:24:30,30
759,2026-04-01 09:24:50,30
760,2026-04-01 09:25:10,32
761,2026-04-01 09:25:29,32
762,2026-04-01 09:25:49,32
763,2026-04-01 09:26:09,32
764,2026-04-01 09:26:29,32
765,2026-04-01 09:26:48,32
766,2026-04-01 09:27:08,30
767,2026-04-01 09:27:28,30
768,2026-04-01 09:27:48,30
769,2026-04-01 09:28:07,30
770,2026-04-01 09:28:27,30
771,2026-04-01 09:28:47,30
772,2026-04-01 09:29:07,30
773,2026-04-01 09:29:26,30
774,2026-04-01 09:29:46,30
775,2026-04-01 09:30:06,29
776,2026-04-01 09:30:26,29
777,2026-04-01 09:30:45,29
778,2026-04-01 09:31:05,30
779,2026-04-01 09:31:25,30
780,2026-04-01 09:31:45,30
781,2026-04-01 09:32:04,30
782,2026-04-01 09:32:24,30
783,2026-04-01 09:32:44,30
784,2026-04-01 09:33:04,30
785,2026-04-01 09:33:23,30
786,2026-04-01 09:33:43,30
787,2026-04-01 09:34:03,29
788,2026-04-01 09:34:23,29
789,2026-04-01 09:34:42,29
790,2026-04-01 09:35:02,28
791,2026-04-01 09:35:22,28
792,2026-04-01 09:35:42,28
793,2026-04-01 09:36:01,29
794,2026-04-01 09:36:21,29
795,2026-04-01 09:36:41,29
796,2026-04-01 09:37:01,30
797,2026-04-01 09:37:20,30
798,2026-04-01 09:37:40,30
799,2026-04-01 09:38:00,29
800,2026-04-01 09:38:20,29
801,2026-04-01 09:38:39,29
802,2026-04-01 09:38:59,29
803,2026-04-01 09:39:19,27
804,2026-04-01 09:39:39,27
805,2026-04-01 09:39:58,27
806,2026-04-01 09:40:18,29
807,2026-04-01 09:40:38,29
808,2026-04-01 09:40:58,29
809,2026-04-01 09:41:17,28
810,2026-04-01 09:41:37,28
811,2026-04-01 09:41:57,28
812,2026-04-01 09:42:17,28
813,2026-04-01 09:42:36,28
814,2026-04-01 09:42:56,28
815,2026-04-01 09:43:16,28
816,2026-04-01 09:43:36,28
817,2026-04-01 09:43:55,28
818,2026-04-01 09:44:15,27
819,2026-04-01 09:44:35,27
820,2026-04-01 09:44:55,27
821,2026-04-01 09:45:14,28
822,2026-04-01 09:45:34,28
823,2026-04-01 09:45:54,28
824,2026-04-01 09:46:14,26
825,2026-04-01 09:46:33,26
826,2026-04-01 09:46:53,26
827,2026-04-01 09:47:13,26
828,2026-04-01 09:47:33,26
829,2026-04-01 09:47:52,26
830,2026-04-01 09:48:12,27
831,2026-04-01 09:48:32,27
832,2026-04-01 09:48:52,27
833,2026-04-01 09:49:11,26
834,2026-04-01 09:49:31,26
835,2026-04-01 09:49:51,26
836,2026-04-01 09:50:11,27
837,2026-04-01 09:50:30,27
838,2026-04-01 09:50:50,27
839,2026-04-01 09:51:10,26
840,2026-04-01 09:51:30,26
841,2026-04-01 09:51:49,26
842,2026-04-01 09:52:09,27
843,2026-04-01 09:52:29,27
844,2026-04-01 09:52:49,27
845,2026-04-01 09:53:08,26
846,2026-04-01 09:53:28,26
847,2026-04-01 09:53:48,26
848,2026-04-01 09:54:08,25
849,2026-04-01 09:54:27,25
850,2026-04-01 09:54:47,25
851,2026-04-01 09:55:07,24
852,2026-04-01 09:55:27,24
853,2026-04-01 09:55:46,24
854,2026-04-01 09:56:06,25
855,2026-04-01 09:56:26,25
856,2026-04-01 09:56:46,25
857,2026-04-01 09:57:05,25
858,2026-04-01 09:57:25,25
859,2026-04-01 09:57:45,25
860,2026-04-01 09:58:05,26
861,2026-04-01 09:58:24,26
862,2026-04-01 09:58:44,26
863,2026-04-01 09:59:04,25
864,2026-04-01 09:59:24,25
865,2026-04-01 09:59:43,25
866,2026-04-01 10:00:03,24
867,2026-04-01 10:00:23,24
868,2026-04-01 10:00:43,24
869,2026-04-01 10:01:02,24
870,2026-04-01 10:01:22,24
871,2026-04-01 10:01:42,24
872,2026-04-01 10:02:02,25
873,2026-04-01 10:02:21,25
874,2026-04-01 10:02:41,25
875,2026-04-01 10:03:01,25
876,2026-04-01 10:03:21,25
877,2026-04-01 10:03:40,25
878,2026-04-01 10:04:00,24
879,2026-04-01 10:04:20,24
880,2026-04-01 10:04:40,24
881,2026-04-01 10:04:59,24
882,2026-04-01 10:05:19,24
883,2026-04-01 10:05:39,24
884,2026-04-01 10:05:59,24
885,2026-04-01 10:06:18,22
886,2026-04-01 10:06:38,22
887,2026-04-01 10:06:58,22
888,2026-04-01 10:07:18,23
889,2026-04-01 10:07:37,23
890,2026-04-01 10:07:57,23
891,2026-04-01 10:08:17,24
892,2026-04-01 10:08:37,24
893,2026-04-01 10:08:56,24
894,2026-04-01 10:09:16,22
895,2026-04-01 10:09:36,22
896,2026-04-01 10:09:56,22
897,2026-04-01 10:10:15,22
898,2026-04-01 10:10:35,22
899,2026-04-01 10:10:55,22
900,2026-04-01 10:11:15,23
901,2026-04-01 10:11:34,23
902,2026-04-01 10:11:54,23
903,2026-04-01 10:12:14,22
904,2026-04-01 10:12:34,22
905,2026-04-01 10:12:53,22
906,2026-04-01 10:13:13,22
907,2026-04-01 10:13:33,22
908,2026-04-01 10:13:53,22
909,2026-04-01 10:14:12,21
910,2026-04-01 10:14:32,21
911,2026-04-01 10:14:52,21
912,2026-04-01 10:15:12,21
913,2026-04-01 10:15:31,21
914,2026-04-01 10:15:51,21
915,2026-04-01 10:16:11,21
916,2026-04-01 10:16:31,21
917,2026-04-01 10:16:50,21
918,2026-04-01 10:17:10,21
919,2026-04-01 10:17:30,21
920,2026-04-01 10:17:50,21
921,2026-04-01 10:18:09,21
922,2026-04-01 10:18:29,21
923,2026-04-01 10:18:49,21
924,2026-04-01 10:19:09,22
925,2026-04-01 10:19:28,22
926,2026-04-01 10:19:48,22
927,2026-04-01 10:20:08,22
928,2026-04-01 10:20:28,22
929,2026-04-01 10:20:47,22
930,2026-04-01 10:21:07,22
931,2026-04-01 10:21:27,22
932,2026-04-01 10:21:47,22
933,2026-04-01 10:22:06,21
934,2026-04-01 10:22:26,21
935,2026-04-01 10:22:46,21
936,2026-04-01 10:23:06,23
937,2026-04-01 10:23:25,23
938,2026-04-01 10:23:45,23
939,2026-04-01 10:24:05,22
940,2026-04-01 10:24:25,22
941,2026-04-01 10:24:44,22
942,2026-04-01 10:25:04,21
943,2026-04-01 10:25:24,21
944,2026-04-01 10:25:44,21
945,2026-04-01 10:26:03,22
946,2026-04-01 10:26:23,22
947,2026-04-01 10:26:43,22
948,2026-04-01 10:27:03,21
949,2026-04-01 10:27:22,21
950,2026-04-01 10:27:42,21
951,2026-04-01 10:28:02,20
952,2026-04-01 10:28:22,20
953,2026-04-01 10:28:41,20
954,2026-04-01 10:29:01,20
955,2026-04-01 10:29:21,20
956,2026-04-01 10:29:41,20
957,2026-04-01 10:30:00,20
958,2026-04-01 10:30:20,20
959,2026-04-01 10:30:40,20
960,2026-04-01 10:31:00,21
961,2026-04-01 10:31:19,21
962,2026-04-01 10:31:39,21
963,2026-04-01 10:31:59,21
964,2026-04-01 10:32:19,21
965,2026-04-01 10:32:38,21
966,2026-04-01 10:32:58,21
967,2026-04-01 10:33:18,20
968,2026-04-01 10:33:38,20
969,2026-04-01 10:33:57,20
970,2026-04-01 10:34:17,21
971,2026-04-01 10:34:37,21
972,2026-04-01 10:34:57,21
973,2026-04-01 10:35:16,22
974,2026-04-01 10:35:36,22
975,2026-04-01 10:35:56,22
976,2026-04-01 10:36:16,19
977,2026-04-01 10:36:35,19
978,2026-04-01 10:36:55,19
979,2026-04-01 10:37:15,19
980,2026-04-01 10:37:35,19
981,2026-04-01 10:37:54,19
982,2026-04-01 10:38:14,20
983,2026-04-01 10:38:34,20
984,2026-04-01 10:38:54,20
985,2026-04-01 10:39:13,20
986,2026-04-01 10:39:33,20
987,2026-04-01 10:39:53,20
988,2026-04-01 10:40:13,18
989,2026-04-01 10:40:32,18
990,2026-04-01 10:40:52,18
991,2026-04-01 10:41:12,19
992,2026-04-01 10:41:32,19
993,2026-04-01 10:41:51,19
994,2026-04-01 10:42:11,21
995,2026-04-01 10:42:31,21
996,2026-04-01 10:42:51,21
997,2026-04-01 10:43:10,21
998,2026-04-01 10:43:30,21
999,2026-04-01 10:43:50,21
1000,2026-04-01 10:44:10,19
1001,2026-04-01 10:44:29,19
1002,2026-04-01 10:44:49,19
1003,2026-04-01 10:45:09,19
1004,2026-04-01 10:45:29,19
1005,2026-04-01 10:45:48,19
1006,2026-04-01 10:46:08,19
1007,2026-04-01 10:46:28,19
1008,2026-04-01 10:46:48,19
1009,2026-04-01 10:47:07,19
1010,2026-04-01 10:47:27,19
1011,2026-04-01 10:47:47,19
1012,2026-04-01 10:48:07,17
1013,2026-04-01 10:48:26,17
1014,2026-04-01 10:48:46,17
1015,2026-04-01 10:49:06,19
1016,2026-04-01 10:49:26,19
1017,2026-04-01 10:49:45,19
1018,2026-04-01 10:50:05,19
1019,2026-04-01 10:50:25,19
1020,2026-04-01 10:50:45,19
1021,2026-04-01 10:51:04,20
1022,2026-04-01 10:51:24,20
1023,2026-04-01 10:51:44,20
1024,2026-04-01 10:52:04,19
1025,2026-04-01 10:52:23,19
1026,2026-04-01 10:52:43,19
1027,2026-04-01 10:53:03,20
1028,2026-04-01 10:53:23,20
1029,2026-04-01 10:53:42,20
1030,2026-04-01 10:54:02,20
1031,2026-04-01 10:54:22,20
1032,2026-04-01 10:54:42,20
1033,2026-04-01 10:55:01,20
1034,2026-04-01 10:55:21,20
1035,2026-04-01 10:55:41,20
1036,2026-04-01 10:56:01,21
1037,2026-04-01 10:56:20,21
1038,2026-04-01 10:56:40,21
1039,2026-04-01 10:57:00,20
1040,2026-04-01 10:57:20,20
1041,2026-04-01 10:57:39,20
1042,2026-04-01 10:57:59,20
1043,2026-04-01 10:58:19,19
1044,2026-04-01 10:58:39,19
1045,2026-04-01 10:58:58,19
1046,2026-04-01 10:59:18,20
1047,2026-04-01 10:59:38,20
1048,2026-04-01 10:59:58,20
1049,2026-04-01 11:00:17,20
1050,2026-04-01 11:00:37,20
1051,2026-04-01 11:00:57,20
1052,2026-04-01 11:01:17,20
1053,2026-04-01 11:01:36,20
1054,2026-04-01 11:01:56,20
1055,2026-04-01 11:02:16,20
1056,2026-04-01 11:02:36,20
1057,2026-04-01 11:02:55,20
1058,2026-04-01 11:03:15,20
1059,2026-04-01 11:03:35,20
1060,2026-04-01 11:03:55,20
1061,2026-04-01 11:04:14,20
1062,2026-04-01 11:04:34,20
1063,2026-04-01 11:04:54,20
1064,2026-04-01 11:05:14,21
1065,2026-04-01 11:05:33,21
1066,2026-04-01 11:05:53,21
1067,2026-04-01 11:06:13,19
1068,2026-04-01 11:06:33,19
1069,2026-04-01 11:06:52,19
1070,2026-04-01 11:07:12,21
1071,2026-04-01 11:07:32,21
1072,2026-04-01 11:07:52,21
1073,2026-04-01 11:08:11,20
1074,2026-04-01 11:08:31,20
1075,2026-04-01 11:08:51,20
1076,2026-04-01 11:09:11,20
1077,2026-04-01 11:09:30,20
1078,2026-04-01 11:09:50,20
1079,2026-04-01 11:10:10,19
1080,2026-04-01 11:10:30,19
1081,2026-04-01 11:10:49,19
1082,2026-04-01 11:11:09,20
1083,2026-04-01 11:11:29,20
1084,2026-04-01 11:11:49,20
1085,2026-04-01 11:12:08,19
1086,2026-04-01 11:12:28,19
1087,2026-04-01 11:12:48,19
1088,2026-04-01 11:13:08,20
1089,2026-04-01 11:13:27,20
1090,2026-04-01 11:13:47,20
1091,2026-04-01 11:14:07,20
1092,2026-04-01 11:14:27,20
1093,2026-04-01 11:14:46,20
1094,2026-04-01 11:15:06,20
1095,2026-04-01 11:15:26,20
1096,2026-04-01 11:15:46,20
1097,2026-04-01 11:16:05,19
1098,2026-04-01 11:16:25,19
1099,2026-04-01 11:16:45,19
1100,2026-04-01 11:17:05,18
1101,2026-04-01 11:17:24,18
1102,2026-04-01 11:17:44,18
1103,2026-04-01 11:18:04,17
1104,2026-04-01 11:18:24,17
1105,2026-04-01 11:18:43,17
1106,2026-04-01 11:19:03,17
1107,2026-04-01 11:19:23,17
1108,2026-04-01 11:19:43,17
1109,2026-04-01 11:20:02,17
1110,2026-04-01 11:20:22,17
1111,2026-04-01 11:20:42,17
1112,2026-04-01 11:21:02,20
1113,2026-04-01 11:21:21,20
1114,2026-04-01 11:21:41,20
1115,2026-04-01 11:22:01,19
1116,2026-04-01 11:22:21,19
1117,2026-04-01 11:22:40,19
1118,2026-04-01 11:23:00,19
1119,2026-04-01 11:23:20,19
1120,2026-04-01 11:23:40,19
1121,2026-04-01 11:23:59,19
1122,2026-04-01 11:24:19,18
1123,2026-04-01 11:24:39,18
1124,2026-04-01 11:24:59,18
1125,2026-04-01 11:25:18,18
1126,2026-04-01 11:25:38,18
1127,2026-04-01 11:25:58,18
1128,2026-04-01 11:26:18,18
1129,2026-04-01 11:26:37,18
1130,2026-04-01 11:26:57,18
1131,2026-04-01 11:27:17,20
1132,2026-04-01 11:27:37,20
1133,2026-04-01 11:27:56,20
1134,2026-04-01 11:28:16,20
1135,2026-04-01 11:28:36,20
1136,2026-04-01 11:28:56,20
1137,2026-04-01 11:29:15,19
1138,2026-04-01 11:29:35,19
1139,2026-04-01 11:29:55,19
1140,2026-04-01 11:30:15,19
1141,2026-04-01 11:30:34,19
1142,2026-04-01 11:30:54,19
1143,2026-04-01 11:31:14,19
1144,2026-04-01 11:31:34,19
1145,2026-04-01 11:31:53,19
1146,2026-04-01 11:32:13,17
1147,2026-04-01 11:32:33,17
1148,2026-04-01 11:32:53,17
1149,2026-04-01 11:33:12,17
1150,2026-04-01 11:33:32,17
1151,2026-04-01 11:33:52,17
1152,2026-04-01 11:34:12,17
1153,2026-04-01 11:34:31,17
1154,2026-04-01 11:34:51,17
1155,2026-04-01 11:35:11,18
1156,2026-04-01 11:35:31,18
1157,2026-04-01 11:35:50,18
1158,2026-04-01 11:36:10,18
1159,2026-04-01 11:36:30,18
1160,2026-04-01 11:36:50,18
1161,2026-04-01 11:37:09,19
1162,2026-04-01 11:37:29,19
1163,2026-04-01 11:37:49,19
1164,2026-04-01 11:38:09,19
1165,2026-04-01 11:38:28,19
1166,2026-04-01 11:38:48,19
1167,2026-04-01 11:39:08,19
1168,2026-04-01 11:39:28,19
1169,2026-04-01 11:39:47,19
1170,2026-04-01 11:40:07,18
1171,2026-04-01 11:40:27,18
1172,2026-04-01 11:40:47,18
1173,2026-04-01 11:41:06,20
1174,2026-04-01 11:41:26,20
1175,2026-04-01 11:41:46,20
1176,2026-04-01 11:42:06,19
1177,2026-04-01 11:42:25,19
1178,2026-04-01 11:42:45,19
1179,2026-04-01 11:43:05,20
1180,2026-04-01 11:43:25,20
1181,2026-04-01 11:43:44,20
1182,2026-04-01 11:44:04,18
1183,2026-04-01 11:44:24,18
1184,2026-04-01 11:44:44,18
1185,2026-04-01 11:45:03,19
1186,2026-04-01 11:45:23,19
1187,2026-04-01 11:45:43,19
1188,2026-04-01 11:46:03,17
1189,2026-04-01 11:46:22,17
1190,2026-04-01 11:46:42,17
1191,2026-04-01 11:47:02,17
1192,2026-04-01 11:47:22,17
1193,2026-04-01 11:47:41,17
1194,2026-04-01 11:48:01,18
1195,2026-04-01 11:48:21,18
1196,2026-04-01 11:48:41,18
1197,2026-04-01 11:49:00,17
1198,2026-04-01 11:49:20,17
1199,2026-04-01 11:49:40,17
1200,2026-04-01 11:50:00,18
1201,2026-04-01 11:50:19,18
1202,2026-04-01 11:50:39,18
1203,2026-04-01 11:50:59,18
1204,2026-04-01 11:51:19,17
1205,2026-04-01 11:51:38,17
1206,2026-04-01 11:51:58,17
1207,2026-04-01 11:52:18,18
1208,2026-04-01 11:52:38,18
1209,2026-04-01 11:52:57,18
1210,2026-04-01 11:53:17,19
1211,2026-04-01 11:53:37,19
1212,2026-04-01 11:53:57,19
1213,2026-04-01 11:54:16,20
1214,2026-04-01 11:54:36,20
1215,2026-04-01 11:54:56,20
1216,2026-04-01 11:55:16,18
1217,2026-04-01 11:55:35,18
1218,2026-04-01 11:55:55,18
1219,2026-04-01 11:56:15,19
1220,2026-04-01 11:56:35,19
1221,2026-04-01 11:56:54,19
1222,2026-04-01 11:57:14,19
1223,2026-04-01 11:57:34,19
1224,2026-04-01 11:57:54,19
1225,2026-04-01 11:58:13,19
1226,2026-04-01 11:58:33,19
1227,2026-04-01 11:58:53,19
1228,2026-04-01 11:59:13,18
1229,2026-04-01 11:59:32,18
1230,2026-04-01 11:59:52,18
1231,2026-04-01 12:00:12,20
1232,2026-04-01 12:00:32,20
1233,2026-04-01 12:00:51,20
1234,2026-04-01 12:01:11,19
1235,2026-04-01 12:01:31,19
1236,2026-04-01 12:01:51,19
1237,2026-04-01 12:02:10,17
1238,2026-04-01 12:02:30,17
1239,2026-04-01 12:02:50,17
1240,2026-04-01 12:03:10,17
1241,2026-04-01 12:03:29,17
1242,2026-04-01 12:03:49,17
1243,2026-04-01 12:04:09,16
1244,2026-04-01 12:04:29,16
1245,2026-04-01 12:04:48,16
1246,2026-04-01 12:05:08,18
1247,2026-04-01 12:05:28,18
1248,2026-04-01 12:05:48,18
1249,2026-04-01 12:06:07,17
1250,2026-04-01 12:06:27,17
1251,2026-04-01 12:06:47,17
1252,2026-04-01 12:07:07,19
1253,2026-04-01 12:07:26,19
1254,2026-04-01 12:07:46,19
1255,2026-04-01 12:08:06,19
1256,2026-04-01 12:08:26,19
1257,2026-04-01 12:08:45,19
1258,2026-04-01 12:09:05,20
1259,2026-04-01 12:09:25,20
1260,2026-04-01 12:09:45,20
1261,2026-04-01 12:10:04,19
1262,2026-04-01 12:10:24,19
1263,2026-04-01 12:10:44,19
1264,2026-04-01 12:11:04,20
1265,2026-04-01 12:11:23,20
1266,2026-04-01 12:11:43,20
1267,2026-04-01 12:12:03,20
1268,2026-04-01 12:12:23,20
1269,2026-04-01 12:12:42,20
1270,2026-04-01 12:13:02,20
1271,2026-04-01 12:13:22,20
1272,2026-04-01 12:13:42,20
1273,2026-04-01 12:14:01,19
1274,2026-04-01 12:14:21,19
1275,2026-04-01 12:14:41,19
1276,2026-04-01 12:15:01,19
1277,2026-04-01 12:15:20,19
1278,2026-04-01 12:15:40,19
1279,2026-04-01 12:16:00,19
1280,2026-04-01 12:16:20,19
1281,2026-04-01 12:16:39,19
1282,2026-04-01 12:16:59,19
1283,2026-04-01 12:17:19,18
1284,2026-04-01 12:17:39,18
1285,2026-04-01 12:17:58,18
1286,2026-04-01 12:18:18,17
1287,2026-04-01 12:18:38,17
1288,2026-04-01 12:18:58,17
1289,2026-04-01 12:19:17,16
1290,2026-04-01 12:19:37,16
1291,2026-04-01 12:19:57,16
1292,2026-04-01 12:20:17,18
1293,2026-04-01 12:20:36,18
1294,2026-04-01 12:20:56,18
1295,2026-04-01 12:21:16,17
1296,2026-04-01 12:21:36,17
1297,2026-04-01 12:21:55,17
1298,2026-04-01 12:22:15,19
1299,2026-04-01 12:22:35,19
1300,2026-04-01 12:22:55,19
1301,2026-04-01 12:23:14,19
1302,2026-04-01 12:23:34,19
1303,2026-04-01 12:23:54,19
1304,2026-04-01 12:24:14,20
1305,2026-04-01 12:24:33,20
1306,2026-04-01 12:24:53,20
1307,2026-04-01 12:25:13,19
1308,2026-04-01 12:25:33,19
1309,2026-04-01 12:25:52,19
1310,2026-04-01 12:26:12,19
1311,2026-04-01 12:26:32,19
1312,2026-04-01 12:26:52,19
1313,2026-04-01 12:27:11,20
1314,2026-04-01 12:27:31,20
1315,2026-04-01 12:27:51,20
1316,2026-04-01 12:28:11,19
1317,2026-04-01 12:28:30,19
1318,2026-04-01 12:28:50,19
1319,2026-04-01 12:29:10,19
1320,2026-04-01 12:29:30,19
1321,2026-04-01 12:29:49,19
1322,2026-04-01 12:30:09,19
1323,2026-04-01 12:30:29,19
1324,2026-04-01 12:30:49,19
1325,2026-04-01 12:31:08,19
1326,2026-04-01 12:31:28,19
1327,2026-04-01 12:31:48,19
1328,2026-04-01 12:32:08,17
1329,2026-04-01 12:32:27,17
1330,2026-04-01 12:32:47,17
1331,2026-04-01 12:33:07,18
1332,2026-04-01 12:33:27,18
1333,2026-04-01 12:33:46,18
1334,2026-04-01 12:34:06,16
1335,2026-04-01 12:34:26,16
1336,2026-04-01 12:34:46,16
1337,2026-04-01 12:35:05,18
1338,2026-04-01 12:35:25,18
1339,2026-04-01 12:35:45,18
1340,2026-04-01 12:36:05,17
1341,2026-04-01 12:36:24,17
1342,2026-04-01 12:36:44,17
1343,2026-04-01 12:37:04,19
1344,2026-04-01 12:37:24,19
1345,2026-04-01 12:37:43,19
1346,2026-04-01 12:38:03,19
1347,2026-04-01 12:38:23,19
1348,2026-04-01 12:38:43,19
1349,2026-04-01 12:39:02,19
1350,2026-04-01 12:39:22,19
1351,2026-04-01 12:39:42,19
1352,2026-04-01 12:40:02,19
1353,2026-04-01 12:40:21,19
1354,2026-04-01 12:40:41,19
1355,2026-04-01 12:41:01,18
1356,2026-04-01 12:41:21,18
1357,2026-04-01 12:41:40,18
1358,2026-04-01 12:42:00,20
1359,2026-04-01 12:42:20,20
1360,2026-04-01 12:42:40,20
1361,2026-04-01 12:42:59,20
1362,2026-04-01 12:43:19,19
1363,2026-04-01 12:43:39,19
1364,2026-04-01 12:43:59,19
1365,2026-04-01 12:44:18,19
1366,2026-04-01 12:44:38,19
1367,2026-04-01 12:44:58,19
1368,2026-04-01 12:45:18,19
1369,2026-04-01 12:45:37,19
1370,2026-04-01 12:45:57,19
1371,2026-04-01 12:46:17,19
1372,2026-04-01 12:46:37,19
1373,2026-04-01 12:46:56,19
1374,2026-04-01 12:47:16,17
1375,2026-04-01 12:47:36,17
1376,2026-04-01 12:47:56,17
1377,2026-04-01 12:48:15,18
1378,2026-04-01 12:48:35,18
1379,2026-04-01 12:48:55,18
1380,2026-04-01 12:49:15,16
1381,2026-04-01 12:49:34,16
1382,2026-04-01 12:49:54,16
1383,2026-04-01 12:50:14,18
1384,2026-04-01 12:50:34,18
1385,2026-04-01 12:50:53,18
1386,2026-04-01 12:51:13,18
1387,2026-04-01 12:51:33,18
1388,2026-04-01 12:51:53,18
1389,2026-04-01 12:52:12,19
1390,2026-04-01 12:52:32,19
1391,2026-04-01 12:52:52,19
1392,2026-04-01 12:53:12,19
1393,2026-04-01 12:53:31,19
1394,2026-04-01 12:53:51,19
1395,2026-04-01 12:54:11,18
1396,2026-04-01 12:54:31,18
1397,2026-04-01 12:54:50,18
1398,2026-04-01 12:55:10,18
1399,2026-04-01 12:55:30,18
1400,2026-04-01 12:55:50,18
1401,2026-04-01 12:56:09,19
1402,2026-04-01 12:56:29,19
1403,2026-04-01 12:56:49,19
1404,2026-04-01 12:57:09,20
1405,2026-04-01 12:57:28,20
1406,2026-04-01 12:57:48,20
1407,2026-04-01 12:58:08,19
1408,2026-04-01 12:58:28,19
1409,2026-04-01 12:58:47,19
1410,2026-04-01 12:59:07,19
1411,2026-04-01 12:59:27,19
1412,2026-04-01 12:59:47,19
1413,2026-04-01 13:00:06,19
1414,2026-04-01 13:00:26,19
1415,2026-04-01 13:00:46,19
1416,2026-04-01 13:01:06,19
1417,2026-04-01 13:01:25,19
1418,2026-04-01 13:01:45,19
1419,2026-04-01 13:02:05,17
1420,2026-04-01 13:02:25,17
1421,2026-04-01 13:02:44,17
1422,2026-04-01 13:03:04,18
1423,2026-04-01 13:03:24,18
1424,2026-04-01 13:03:44,18
1425,2026-04-01 13:04:03,16
1426,2026-04-01 13:04:23,16
1427,2026-04-01 13:04:43,16
1428,2026-04-01 13:05:03,18
1429,2026-04-01 13:05:22,18
1430,2026-04-01 13:05:42,18
1431,2026-04-01 13:06:02,18
1432,2026-04-01 13:06:22,18
1433,2026-04-01 13:06:41,18
1434,2026-04-01 13:07:01,19
1435,2026-04-01 13:07:21,19
1436,2026-04-01 13:07:41,19
1437,2026-04-01 13:08:00,19
1438,2026-04-01 13:08:20,19
1439,2026-04-01 13:08:40,19
1440,2026-04-01 13:09:00,18
1441,2026-04-01 13:09:19,18
1442,2026-04-01 13:09:39,18
1443,2026-04-01 13:09:59,18
1444,2026-04-01 13:10:19,19
1445,2026-04-01 13:10:38,19
1446,2026-04-01 13:10:58,19
1447,2026-04-01 13:11:18,19
1448,2026-04-01 13:11:38,19
1449,2026-04-01 13:11:57,19
1450,2026-04-01 13:12:17,20
1451,2026-04-01 13:12:37,20
1452,2026-04-01 13:12:57,20
1453,2026-04-01 13:13:16,19
1454,2026-04-01 13:13:36,19
1455,2026-04-01 13:13:56,19
1456,2026-04-01 13:14:16,19
1457,2026-04-01 13:14:35,19
1458,2026-04-01 13:14:55,19
1459,2026-04-01 13:15:15,19
1460,2026-04-01 13:15:35,19
1461,2026-04-01 13:15:54,19
1462,2026-04-01 13:16:14,19
1463,2026-04-01 13:16:34,19
1464,2026-04-01 13:16:54,19
1465,2026-04-01 13:17:13,17
1466,2026-04-01 13:17:33,17
1467,2026-04-01 13:17:53,17
1468,2026-04-01 13:18:13,18
1469,2026-04-01 13:18:32,18
1470,2026-04-01 13:18:52,18
1471,2026-04-01 13:19:12,16
1472,2026-04-01 13:19:32,16
1473,2026-04-01 13:19:51,16
1474,2026-04-01 13:20:11,18
1475,2026-04-01 13:20:31,18
1476,2026-04-01 13:20:51,18
1477,2026-04-01 13:21:10,18
1478,2026-04-01 13:21:30,18
1479,2026-04-01 13:21:50,18
1480,2026-04-01 13:22:10,19
1481,2026-04-01 13:22:29,19
1482,2026-04-01 13:22:49,19
1483,2026-04-01 13:23:09,19
1484,2026-04-01 13:23:29,19
1485,2026-04-01 13:23:48,19
1486,2026-04-01 13:24:08,19
1487,2026-04-01 13:24:28,19
1488,2026-04-01 13:24:48,19
1489,2026-04-01 13:25:07,18
1490,2026-04-01 13:25:27,18
1491,2026-04-01 13:25:47,18
1492,2026-04-01 13:26:07,19
1493,2026-04-01 13:26:26,19
1494,2026-04-01 13:26:46,19
1495,2026-04-01 13:27:06,20
1496,2026-04-01 13:27:26,20
1497,2026-04-01 13:27:45,20
1498,2026-04-01 13:28:05,19
1499,2026-04-01 13:28:25,19
1500,2026-04-01 13:28:45,19
1501,2026-04-01 13:29:04,19
1502,2026-04-01 13:29:24,19
1503,2026-04-01 13:29:44,19
1504,2026-04-01 13:30:04,19
1505,2026-04-01 13:30:23,19
1506,2026-04-01 13:30:43,19
1507,2026-04-01 13:31:03,18
1508,2026-04-01 13:31:23,18
1509,2026-04-01 13:31:42,18
1510,2026-04-01 13:32:02,17
1511,2026-04-01 13:32:22,17
1512,2026-04-01 13:32:42,17
1513,2026-04-01 13:33:01,18
1514,2026-04-01 13:33:21,18
1515,2026-04-01 13:33:41,18
1516,2026-04-01 13:34:01,17
1517,2026-04-01 13:34:20,17
1518,2026-04-01 13:34:40,17
1519,2026-04-01 13:35:00,18
1520,2026-04-01 13:35:20,18
1521,2026-04-01 13:35:39,18
1522,2026-04-01 13:35:59,18
1523,2026-04-01 13:36:19,17
1524,2026-04-01 13:36:39,17
1525,2026-04-01 13:36:58,17
1526,2026-04-01 13:37:18,19
1527,2026-04-01 13:37:38,19
1528,2026-04-01 13:37:58,19
1529,2026-04-01 13:38:17,20
1530,2026-04-01 13:38:37,20
1531,2026-04-01 13:38:57,20
1532,2026-04-01 13:39:17,19
1533,2026-04-01 13:39:36,19
1534,2026-04-01 13:39:56,19
1535,2026-04-01 13:40:16,19
1536,2026-04-01 13:40:36,19
1537,2026-04-01 13:40:55,19
1538,2026-04-01 13:41:15,19
1539,2026-04-01 13:41:35,19
1540,2026-04-01 13:41:55,19
1541,2026-04-01 13:42:14,20
1542,2026-04-01 13:42:34,20
1543,2026-04-01 13:42:54,20
1544,2026-04-01 13:43:14,19
1545,2026-04-01 13:43:33,19
1546,2026-04-01 13:43:53,19
1547,2026-04-01 13:44:13,19
1548,2026-04-01 13:44:33,19
1549,2026-04-01 13:44:52,19
1550,2026-04-01 13:45:12,19
1551,2026-04-01 13:45:32,19
1552,2026-04-01 13:45:52,19
1553,2026-04-01 13:46:11,18
1554,2026-04-01 13:46:31,18
1555,2026-04-01 13:46:51,18
1556,2026-04-01 13:47:11,17
1557,2026-04-01 13:47:30,17
1558,2026-04-01 13:47:50,17
1559,2026-04-01 13:48:10,17
1560,2026-04-01 13:48:30,17
1561,2026-04-01 13:48:49,17
1562,2026-04-01 13:49:09,16
1563,2026-04-01 13:49:29,16
1564,2026-04-01 13:49:49,16
1565,2026-04-01 13:50:08,18
1566,2026-04-01 13:50:28,18
1567,2026-04-01 13:50:48,18
1568,2026-04-01 13:51:08,17
1569,2026-04-01 13:51:27,17
1570,2026-04-01 13:51:47,17
1571,2026-04-01 13:52:07,19
1572,2026-04-01 13:52:27,19
1573,2026-04-01 13:52:46,19
1574,2026-04-01 13:53:06,19
1575,2026-04-01 13:53:26,19
1576,2026-04-01 13:53:46,19
1577,2026-04-01 13:54:05,20
1578,2026-04-01 13:54:25,20
1579,2026-04-01 13:54:45,20
1580,2026-04-01 13:55:05,19
1581,2026-04-01 13:55:24,19
1582,2026-04-01 13:55:44,19
1583,2026-04-01 13:56:04,19
1584,2026-04-01 13:56:24,19
1585,2026-04-01 13:56:43,19
1586,2026-04-01 13:57:03,20
1587,2026-04-01 13:57:23,20
1588,2026-04-01 13:57:43,20
1589,2026-04-01 13:58:02,18
1590,2026-04-01 13:58:22,18
1591,2026-04-01 13:58:42,18
1592,2026-04-01 13:59:02,18
1593,2026-04-01 13:59:21,18
1594,2026-04-01 13:59:41,18
1595,2026-04-01 14:00:01,19
1596,2026-04-01 14:00:21,19
1597,2026-04-01 14:00:40,19
1598,2026-04-01 14:01:00,19
1599,2026-04-01 14:01:20,19
1600,2026-04-01 14:01:40,19
1601,2026-04-01 14:01:59,19
1602,2026-04-01 14:02:19,18
1603,2026-04-01 14:02:39,18
1604,2026-04-01 14:02:59,18
1605,2026-04-01 14:03:18,18
1606,2026-04-01 14:03:38,18
1607,2026-04-01 14:03:58,18
1608,2026-04-01 14:04:18,17
1609,2026-04-01 14:04:37,17
1610,2026-04-01 14:04:57,17
1611,2026-04-01 14:05:17,18
1612,2026-04-01 14:05:37,18
1613,2026-04-01 14:05:56,18
1614,2026-04-01 14:06:16,17
1615,2026-04-01 14:06:36,17
1616,2026-04-01 14:06:56,17
1617,2026-04-01 14:07:15,19
1618,2026-04-01 14:07:35,19
1619,2026-04-01 14:07:55,19
1620,2026-04-01 14:08:15,19
1621,2026-04-01 14:08:34,19
1622,2026-04-01 14:08:54,19
1623,2026-04-01 14:09:14,19
1624,2026-04-01 14:09:34,19
1625,2026-04-01 14:09:53,19
1626,2026-04-01 14:10:13,18
1627,2026-04-01 14:10:33,18
1628,2026-04-01 14:10:53,18
1629,2026-04-01 14:11:12,18
1630,2026-04-01 14:11:32,18
1631,2026-04-01 14:11:52,18
1632,2026-04-01 14:12:12,19
1633,2026-04-01 14:12:31,19
1634,2026-04-01 14:12:51,19
1635,2026-04-01 14:13:11,19
1636,2026-04-01 14:13:31,19
1637,2026-04-01 14:13:50,19
1638,2026-04-01 14:14:10,19
1639,2026-04-01 14:14:30,19
1640,2026-04-01 14:14:50,19
1641,2026-04-01 14:15:09,19
1642,2026-04-01 14:15:29,19
1643,2026-04-01 14:15:49,19
1644,2026-04-01 14:16:09,19
1645,2026-04-01 14:16:28,19
1646,2026-04-01 14:16:48,19
1647,2026-04-01 14:17:08,17
1648,2026-04-01 14:17:28,17
1649,2026-04-01 14:17:47,17
1650,2026-04-01 14:18:07,18
1651,2026-04-01 14:18:27,18
1652,2026-04-01 14:18:47,18
1653,2026-04-01 14:19:06,16
1654,2026-04-01 14:19:26,16
1655,2026-04-01 14:19:46,16
1656,2026-04-01 14:20:06,18
1657,2026-04-01 14:20:25,18
1658,2026-04-01 14:20:45,18
1659,2026-04-01 14:21:05,18
1660,2026-04-01 14:21:25,18
1661,2026-04-01 14:21:44,18
1662,2026-04-01 14:22:04,19
1663,2026-04-01 14:22:24,19
1664,2026-04-01 14:22:44,19
1665,2026-04-01 14:23:03,19
1666,2026-04-01 14:23:23,19
1667,2026-04-01 14:23:43,19
1668,2026-04-01 14:24:03,19
1669,2026-04-01 14:24:22,19
1670,2026-04-01 14:24:42,19
1671,2026-04-01 14:25:02,18
1672,2026-04-01 14:25:22,18
1673,2026-04-01 14:25:41,18
1674,2026-04-01 14:26:01,19
1675,2026-04-01 14:26:21,19
1676,2026-04-01 14:26:41,19
1677,2026-04-01 14:27:00,19
1678,2026-04-01 14:27:20,19
1679,2026-04-01 14:27:40,19
1680,2026-04-01 14:28:00,19
1681,2026-04-01 14:28:19,19
1682,2026-04-01 14:28:39,19
1683,2026-04-01 14:28:59,19
1684,2026-04-01 14:29:19,18
1685,2026-04-01 14:29:38,18
1686,2026-04-01 14:29:58,18
1687,2026-04-01 14:30:18,19
1688,2026-04-01 14:30:38,19
1689,2026-04-01 14:30:57,19
1690,2026-04-01 14:31:17,19
1691,2026-04-01 14:31:37,19
1692,2026-04-01 14:31:57,19
1693,2026-04-01 14:32:16,17
1694,2026-04-01 14:32:36,17
1695,2026-04-01 14:32:56,17
1696,2026-04-01 14:33:16,17
1697,2026-04-01 14:33:35,17
1698,2026-04-01 14:33:55,17
1699,2026-04-01 14:34:15,16
1700,2026-04-01 14:34:35,16
1701,2026-04-01 14:34:54,16
1702,2026-04-01 14:35:14,18
1703,2026-04-01 14:35:34,18
1704,2026-04-01 14:35:54,18
1705,2026-04-01 14:36:13,17
1706,2026-04-01 14:36:33,17
1707,2026-04-01 14:36:53,17
1708,2026-04-01 14:37:13,19
1709,2026-04-01 14:37:32,19
1710,2026-04-01 14:37:52,19
1711,2026-04-01 14:38:12,19
1712,2026-04-01 14:38:32,19
1713,2026-04-01 14:38:51,19
1714,2026-04-01 14:39:11,20
1715,2026-04-01 14:39:31,20
1716,2026-04-01 14:39:51,20
1717,2026-04-01 14:40:10,19
1718,2026-04-01 14:40:30,19
1719,2026-04-01 14:40:50,19
1720,2026-04-01 14:41:10,19
1721,2026-04-01 14:41:29,19
1722,2026-04-01 14:41:49,19
1723,2026-04-01 14:42:09,20
1724,2026-04-01 14:42:29,20
1725,2026-04-01 14:42:48,20
1726,2026-04-01 14:43:08,19
1727,2026-04-01 14:43:28,19
1728,2026-04-01 14:43:48,19
1729,2026-04-01 14:44:07,19
1730,2026-04-01 14:44:27,19
1731,2026-04-01 14:44:47,19
1732,2026-04-01 14:45:07,20
1733,2026-04-01 14:45:26,20
1734,2026-04-01 14:45:46,20
1735,2026-04-01 14:46:06,19
1736,2026-04-01 14:46:26,19
1737,2026-04-01 14:46:45,19
1738,2026-04-01 14:47:05,17
1739,2026-04-01 14:47:25,17
1740,2026-04-01 14:47:45,17
1741,2026-04-01 14:48:04,18
1742,2026-04-01 14:48:24,18
1743,2026-04-01 14:48:44,18
1744,2026-04-01 14:49:04,16
1745,2026-04-01 14:49:23,16
1746,2026-04-01 14:49:43,16
1747,2026-04-01 14:50:03,18
1748,2026-04-01 14:50:23,18
1749,2026-04-01 14:50:42,18
1750,2026-04-01 14:51:02,18
1751,2026-04-01 14:51:22,18
1752,2026-04-01 14:51:42,18
1753,2026-04-01 14:52:01,19
1754,2026-04-01 14:52:21,19
1755,2026-04-01 14:52:41,19
1756,2026-04-01 14:53:01,19
1757,2026-04-01 14:53:20,19
1758,2026-04-01 14:53:40,19
1759,2026-04-01 14:54:00,19
1760,2026-04-01 14:54:20,19
1761,2026-04-01 14:54:39,19
1762,2026-04-01 14:54:59,19
1763,2026-04-01 14:55:19,19
1764,2026-04-01 14:55:39,19
1765,2026-04-01 14:55:58,19
1766,2026-04-01 14:56:18,19
1767,2026-04-01 14:56:38,19
1768,2026-04-01 14:56:58,19
1769,2026-04-01 14:57:17,20
1770,2026-04-01 14:57:37,20
1771,2026-04-01 14:57:57,20
1772,2026-04-01 14:58:17,19
1773,2026-04-01 14:58:36,19
1774,2026-04-01 14:58:56,19
1775,2026-04-01 14:59:16,19
1776,2026-04-01 14:59:36,19
1777,2026-04-01 14:59:55,19
1778,2026-04-01 15:00:15,19
1779,2026-04-01 15:00:35,19
1780,2026-04-01 15:00:55,19
1781,2026-04-01 15:01:14,19
1782,2026-04-01 15:01:34,19
1783,2026-04-01 15:01:54,19
1784,2026-04-01 15:02:14,17
1785,2026-04-01 15:02:33,17
1786,2026-04-01 15:02:53,17
1787,2026-04-01 15:03:13,18
1788,2026-04-01 15:03:33,18
1789,2026-04-01 15:03:52,18
1790,2026-04-01 15:04:12,16
1791,2026-04-01 15:04:32,16
1792,2026-04-01 15:04:52,16
1793,2026-04-01 15:05:11,18
1794,2026-04-01 15:05:31,18
1795,2026-04-01 15:05:51,18
1796,2026-04-01 15:06:11,18
1797,2026-04-01 15:06:30,18
1798,2026-04-01 15:06:50,18
1799,2026-04-01 15:07:10,19
1800,2026-04-01 15:07:30,19
1801,2026-04-01 15:07:49,19
1802,2026-04-01 15:08:09,20
1803,2026-04-01 15:08:29,20
1804,2026-04-01 15:08:49,20
1805,2026-04-01 15:09:08,19
1806,2026-04-01 15:09:28,19
1807,2026-04-01 15:09:48,19
1808,2026-04-01 15:10:08,19
1809,2026-04-01 15:10:27,19
1810,2026-04-01 15:10:47,19
1811,2026-04-01 15:11:07,18
1812,2026-04-01 15:11:27,18
1813,2026-04-01 15:11:46,18
1814,2026-04-01 15:12:06,20
1815,2026-04-01 15:12:26,20
1816,2026-04-01 15:12:46,20
1817,2026-04-01 15:13:05,19
1818,2026-04-01 15:13:25,19
1819,2026-04-01 15:13:45,19
1820,2026-04-01 15:14:05,19
1821,2026-04-01 15:14:24,19
1822,2026-04-01 15:14:44,19
1823,2026-04-01 15:15:04,19
1824,2026-04-01 15:15:24,19
1825,2026-04-01 15:15:43,19
1826,2026-04-01 15:16:03,18
1827,2026-04-01 15:16:23,18
1828,2026-04-01 15:16:43,18
1829,2026-04-01 15:17:02,17
1830,2026-04-01 15:17:22,17
1831,2026-04-01 15:17:42,17
1832,2026-04-01 15:18:02,17
1833,2026-04-01 15:18:21,17
1834,2026-04-01 15:18:41,17
1835,2026-04-01 15:19:01,16
1836,2026-04-01 15:19:21,16
1837,2026-04-01 15:19:40,16
1838,2026-04-01 15:20:00,18
1839,2026-04-01 15:20:20,18
1840,2026-04-01 15:20:40,18
1841,2026-04-01 15:20:59,18
1842,2026-04-01 15:21:19,18
1843,2026-04-01 15:21:39,18
1844,2026-04-01 15:21:59,18
1845,2026-04-01 15:22:18,19
1846,2026-04-01 15:22:38,19
1847,2026-04-01 15:22:58,19
1848,2026-04-01 15:23:18,19
1849,2026-04-01 15:23:37,19
1850,2026-04-01 15:23:57,19
1851,2026-04-01 15:24:17,19
1852,2026-04-01 15:24:37,19
1853,2026-04-01 15:24:56,19
1854,2026-04-01 15:25:16,19
1855,2026-04-01 15:25:36,19
1856,2026-04-01 15:25:56,19
1857,2026-04-01 15:26:15,19
1858,2026-04-01 15:26:35,19
1859,2026-04-01 15:26:55,19
1860,2026-04-01 15:27:15,19
1861,2026-04-01 15:27:34,19
1862,2026-04-01 15:27:54,19
1863,2026-04-01 15:28:14,18
1864,2026-04-01 15:28:34,18
1865,2026-04-01 15:28:53,18
1866,2026-04-01 15:29:13,19
1867,2026-04-01 15:29:33,19
1868,2026-04-01 15:29:53,19
1869,2026-04-01 15:30:12,19
1870,2026-04-01 15:30:32,19
1871,2026-04-01 15:30:52,19
1872,2026-04-01 15:31:12,18
1873,2026-04-01 15:31:31,18
1874,2026-04-01 15:31:51,18
1875,2026-04-01 15:32:11,18
1876,2026-04-01 15:32:31,18
1877,2026-04-01 15:32:50,18
1878,2026-04-01 15:33:10,18
1879,2026-04-01 15:33:30,18
1880,2026-04-01 15:33:50,18
1881,2026-04-01 15:34:09,16
1882,2026-04-01 15:34:29,16
1883,2026-04-01 15:34:49,16
1884,2026-04-01 15:35:09,18
1885,2026-04-01 15:35:28,18
1886,2026-04-01 15:35:48,18
1887,2026-04-01 15:36:08,17
1888,2026-04-01 15:36:28,17
1889,2026-04-01 15:36:47,17
1890,2026-04-01 15:37:07,19
1891,2026-04-01 15:37:27,19
1892,2026-04-01 15:37:47,19
1893,2026-04-01 15:38:06,19
1894,2026-04-01 15:38:26,19
1895,2026-04-01 15:38:46,19
1896,2026-04-01 15:39:06,20
1897,2026-04-01 15:39:25,20
1898,2026-04-01 15:39:45,20
1899,2026-04-01 15:40:05,19
1900,2026-04-01 15:40:25,19
1901,2026-04-01 15:40:44,19
1902,2026-04-01 15:41:04,18
1903,2026-04-01 15:41:24,18
1904,2026-04-01 15:41:44,18
1905,2026-04-01 15:42:03,19
1906,2026-04-01 15:42:23,19
1907,2026-04-01 15:42:43,19
1908,2026-04-01 15:43:03,19
1909,2026-04-01 15:43:22,19
1910,2026-04-01 15:43:42,19
1911,2026-04-01 15:44:02,19
1912,2026-04-01 15:44:22,19
1913,2026-04-01 15:44:41,19
1914,2026-04-01 15:45:01,19
1915,2026-04-01 15:45:21,19
1916,2026-04-01 15:45:41,19
1917,2026-04-01 15:46:00,18
1918,2026-04-01 15:46:20,18
1919,2026-04-01 15:46:40,18
1920,2026-04-01 15:47:00,17
1921,2026-04-01 15:47:19,17
1922,2026-04-01 15:47:39,17
1923,2026-04-01 15:47:59,17
1924,2026-04-01 15:48:19,19
1925,2026-04-01 15:48:38,19
1926,2026-04-01 15:48:58,19
1927,2026-04-01 15:49:18,17
1928,2026-04-01 15:49:38,17
1929,2026-04-01 15:49:57,17
1930,2026-04-01 15:50:17,18
1931,2026-04-01 15:50:37,18
1932,2026-04-01 15:50:57,18
1933,2026-04-01 15:51:16,19
1934,2026-04-01 15:51:36,19
1935,2026-04-01 15:51:56,19
1936,2026-04-01 15:52:16,19
1937,2026-04-01 15:52:35,19
1938,2026-04-01 15:52:55,19
1939,2026-04-01 15:53:15,19
1940,2026-04-01 15:53:35,19
1941,2026-04-01 15:53:54,19
1942,2026-04-01 15:54:14,19
1943,2026-04-01 15:54:34,19
1944,2026-04-01 15:54:54,19
1945,2026-04-01 15:55:13,19
1946,2026-04-01 15:55:33,19
1947,2026-04-01 15:55:53,19
1948,2026-04-01 15:56:13,21
1949,2026-04-01 15:56:32,21
1950,2026-04-01 15:56:52,21
1951,2026-04-01 15:57:12,19
1952,2026-04-01 15:57:32,19
1953,2026-04-01 15:57:51,19
1954,2026-04-01 15:58:11,19
1955,2026-04-01 15:58:31,19
1956,2026-04-01 15:58:51,19
1957,2026-04-01 15:59:10,19
1958,2026-04-01 15:59:30,19
1959,2026-04-01 15:59:50,19
1960,2026-04-01 16:00:10,21
1961,2026-04-01 16:00:29,21
1962,2026-04-01 16:00:49,21
1963,2026-04-01 16:01:09,21
1964,2026-04-01 16:01:29,21
1965,2026-04-01 16:01:48,21
1966,2026-04-01 16:02:08,19
1967,2026-04-01 16:02:28,19
1968,2026-04-01 16:02:48,19
1969,2026-04-01 16:03:07,21
1970,2026-04-01 16:03:27,21
1971,2026-04-01 16:03:47,21
1972,2026-04-01 16:04:07,19
1973,2026-04-01 16:04:26,19
1974,2026-04-01 16:04:46,19
1975,2026-04-01 16:05:06,20
1976,2026-04-01 16:05:26,20
1977,2026-04-01 16:05:45,20
1978,2026-04-01 16:06:05,20
1979,2026-04-01 16:06:25,20
1980,2026-04-01 16:06:45,20
1981,2026-04-01 16:07:04,21
1982,2026-04-01 16:07:24,21
1983,2026-04-01 16:07:44,21
1984,2026-04-01 16:08:04,21
1985,2026-04-01 16:08:23,21
1986,2026-04-01 16:08:43,21
1987,2026-04-01 16:09:03,20
1988,2026-04-01 16:09:23,20
1989,2026-04-01 16:09:42,20
1990,2026-04-01 16:10:02,19
1991,2026-04-01 16:10:22,19
1992,2026-04-01 16:10:42,19
1993,2026-04-01 16:11:01,20
1994,2026-04-01 16:11:21,20
1995,2026-04-01 16:11:41,20
1996,2026-04-01 16:12:01,22
1997,2026-04-01 16:12:20,22
1998,2026-04-01 16:12:40,22
1999,2026-04-01 16:13:00,21
2000,2026-04-01 16:13:20,21
2001,2026-04-01 16:13:39,21
2002,2026-04-01 16:13:59,21
2003,2026-04-01 16:14:19,20
2004,2026-04-01 16:14:39,20
2005,2026-04-01 16:14:58,20
2006,2026-04-01 16:15:18,21
2007,2026-04-01 16:15:38,21
2008,2026-04-01 16:15:58,21
2009,2026-04-01 16:16:17,21
2010,2026-04-01 16:16:37,21
2011,2026-04-01 16:16:57,21
2012,2026-04-01 16:17:17,21
2013,2026-04-01 16:17:36,21
2014,2026-04-01 16:17:56,21
2015,2026-04-01 16:18:16,21
2016,2026-04-01 16:18:36,21
2017,2026-04-01 16:18:55,21
2018,2026-04-01 16:19:15,21
2019,2026-04-01 16:19:35,21
2020,2026-04-01 16:19:55,21
2021,2026-04-01 16:20:14,22
2022,2026-04-01 16:20:34,22
2023,2026-04-01 16:20:54,22
2024,2026-04-01 16:21:14,22
2025,2026-04-01 16:21:33,22
2026,2026-04-01 16:21:53,22
2027,2026-04-01 16:22:13,22
2028,2026-04-01 16:22:33,22
2029,2026-04-01 16:22:52,22
2030,2026-04-01 16:23:12,22
2031,2026-04-01 16:23:32,22
2032,2026-04-01 16:23:52,22
2033,2026-04-01 16:24:11,21
2034,2026-04-01 16:24:31,21
2035,2026-04-01 16:24:51,21
2036,2026-04-01 16:25:11,21
2037,2026-04-01 16:25:30,21
2038,2026-04-01 16:25:50,21
2039,2026-04-01 16:26:10,22
2040,2026-04-01 16:26:30,22
2041,2026-04-01 16:26:49,22
2042,2026-04-01 16:27:09,24
2043,2026-04-01 16:27:29,24
2044,2026-04-01 16:27:49,24
2045,2026-04-01 16:28:08,23
2046,2026-04-01 16:28:28,23
2047,2026-04-01 16:28:48,23
2048,2026-04-01 16:29:08,22
2049,2026-04-01 16:29:27,22
2050,2026-04-01 16:29:47,22
2051,2026-04-01 16:30:07,22
2052,2026-04-01 16:30:27,22
2053,2026-04-01 16:30:46,22
2054,2026-04-01 16:31:06,23
2055,2026-04-01 16:31:26,23
2056,2026-04-01 16:31:46,23
2057,2026-04-01 16:32:05,23
2058,2026-04-01 16:32:25,23
2059,2026-04-01 16:32:45,23
2060,2026-04-01 16:33:05,23
2061,2026-04-01 16:33:24,23
2062,2026-04-01 16:33:44,23
2063,2026-04-01 16:34:04,24
2064,2026-04-01 16:34:24,24
2065,2026-04-01 16:34:43,24
2066,2026-04-01 16:35:03,23
2067,2026-04-01 16:35:23,23
2068,2026-04-01 16:35:43,23
2069,2026-04-01 16:36:02,25
2070,2026-04-01 16:36:22,25
2071,2026-04-01 16:36:42,25
2072,2026-04-01 16:37:02,24
2073,2026-04-01 16:37:21,24
2074,2026-04-01 16:37:41,24
2075,2026-04-01 16:38:01,24
2076,2026-04-01 16:38:21,24
2077,2026-04-01 16:38:40,24
2078,2026-04-01 16:39:00,23
2079,2026-04-01 16:39:20,23
2080,2026-04-01 16:39:40,23
2081,2026-04-01 16:39:59,23
2082,2026-04-01 16:40:19,22
2083,2026-04-01 16:40:39,22
2084,2026-04-01 16:40:59,22
2085,2026-04-01 16:41:18,24
2086,2026-04-01 16:41:38,24
2087,2026-04-01 16:41:58,24
2088,2026-04-01 16:42:18,23
2089,2026-04-01 16:42:37,23
2090,2026-04-01 16:42:57,23
2091,2026-04-01 16:43:17,25
2092,2026-04-01 16:43:37,25
2093,2026-04-01 16:43:56,25
2094,2026-04-01 16:44:16,26
2095,2026-04-01 16:44:36,26
2096,2026-04-01 16:44:56,26
2097,2026-04-01 16:45:15,24
2098,2026-04-01 16:45:35,24
2099,2026-04-01 16:45:55,24
2100,2026-04-01 16:46:15,26
2101,2026-04-01 16:46:34,26
2102,2026-04-01 16:46:54,26
2103,2026-04-01 16:47:14,26
2104,2026-04-01 16:47:34,26
2105,2026-04-01 16:47:53,26
2106,2026-04-01 16:48:13,25
2107,2026-04-01 16:48:33,25
2108,2026-04-01 16:48:53,25
2109,2026-04-01 16:49:12,26
2110,2026-04-01 16:49:32,26
2111,2026-04-01 16:49:52,26
2112,2026-04-01 16:50:12,25
2113,2026-04-01 16:50:31,25
2114,2026-04-01 16:50:51,25
2115,2026-04-01 16:51:11,27
2116,2026-04-01 16:51:31,27
2117,2026-04-01 16:51:50,27
2118,2026-04-01 16:52:10,26
2119,2026-04-01 16:52:30,26
2120,2026-04-01 16:52:50,26
2121,2026-04-01 16:53:09,25
2122,2026-04-01 16:53:29,25
2123,2026-04-01 16:53:49,25
2124,2026-04-01 16:54:09,23
2125,2026-04-01 16:54:28,23
2126,2026-04-01 16:54:48,23
2127,2026-04-01 16:55:08,23
2128,2026-04-01 16:55:28,23
2129,2026-04-01 16:55:47,23
2130,2026-04-01 16:56:07,25
2131,2026-04-01 16:56:27,25
2132,2026-04-01 16:56:47,25
2133,2026-04-01 16:57:06,26
2134,2026-04-01 16:57:26,26
2135,2026-04-01 16:57:46,26
2136,2026-04-01 16:58:06,26
2137,2026-04-01 16:58:25,26
2138,2026-04-01 16:58:45,26
2139,2026-04-01 16:59:05,25
2140,2026-04-01 16:59:25,25
2141,2026-04-01 16:59:44,25
2142,2026-04-01 17:00:04,22
2143,2026-04-01 17:00:24,22
2144,2026-04-01 17:00:44,22
2145,2026-04-01 17:01:03,26
2146,2026-04-01 17:01:23,26
2147,2026-04-01 17:01:43,26
2148,2026-04-01 17:02:03,25
2149,2026-04-01 17:02:22,25
2150,2026-04-01 17:02:42,25
2151,2026-04-01 17:03:02,24
2152,2026-04-01 17:03:22,24
2153,2026-04-01 17:03:41,24
2154,2026-04-01 17:04:01,25
2155,2026-04-01 17:04:21,25
2156,2026-04-01 17:04:41,25
2157,2026-04-01 17:05:00,24
2158,2026-04-01 17:05:20,24
2159,2026-04-01 17:05:40,24
2160,2026-04-01 17:06:00,27
2161,2026-04-01 17:06:19,27
2162,2026-04-01 17:06:39,27
2163,2026-04-01 17:06:59,27
2164,2026-04-01 17:07:19,28
2165,2026-04-01 17:07:38,28
2166,2026-04-01 17:07:58,28
2167,2026-04-01 17:08:18,25
2168,2026-04-01 17:08:38,25
2169,2026-04-01 17:08:57,25
2170,2026-04-01 17:09:17,26
2171,2026-04-01 17:09:37,26
2172,2026-04-01 17:09:57,26
2173,2026-04-01 17:10:16,24
2174,2026-04-01 17:10:36,24
2175,2026-04-01 17:10:56,24
2176,2026-04-01 17:11:16,27
2177,2026-04-01 17:11:35,27
2178,2026-04-01 17:11:55,27
2179,2026-04-01 17:12:15,28
2180,2026-04-01 17:12:35,28
2181,2026-04-01 17:12:54,28
2182,2026-04-01 17:13:14,28
2183,2026-04-01 17:13:34,28
2184,2026-04-01 17:13:54,28
2185,2026-04-01 17:14:13,28
2186,2026-04-01 17:14:33,28
2187,2026-04-01 17:14:53,28
2188,2026-04-01 17:15:13,25
2189,2026-04-01 17:15:32,25
2190,2026-04-01 17:15:52,25
2191,2026-04-01 17:16:12,27
2192,2026-04-01 17:16:32,27
2193,2026-04-01 17:16:51,27
2194,2026-04-01 17:17:11,27
2195,2026-04-01 17:17:31,27
2196,2026-04-01 17:17:51,27
2197,2026-04-01 17:18:10,27
2198,2026-04-01 17:18:30,27
2199,2026-04-01 17:18:50,27
2200,2026-04-01 17:19:10,29
2201,2026-04-01 17:19:29,29
2202,2026-04-01 17:19:49,29
2203,2026-04-01 17:20:09,28
2204,2026-04-01 17:20:29,28
2205,2026-04-01 17:20:48,28
2206,2026-04-01 17:21:08,28
2207,2026-04-01 17:21:28,28
2208,2026-04-01 17:21:48,28
2209,2026-04-01 17:22:07,27
2210,2026-04-01 17:22:27,27
2211,2026-04-01 17:22:47,27
2212,2026-04-01 17:23:07,28
2213,2026-04-01 17:23:26,28
2214,2026-04-01 17:23:46,28
2215,2026-04-01 17:24:06,29
2216,2026-04-01 17:24:26,29
2217,2026-04-01 17:24:45,29
2218,2026-04-01 17:25:05,29
2219,2026-04-01 17:25:25,29
2220,2026-04-01 17:25:45,29
2221,2026-04-01 17:26:04,29
2222,2026-04-01 17:26:24,29
2223,2026-04-01 17:26:44,29
2224,2026-04-01 17:27:04,28
2225,2026-04-01 17:27:23,28
2226,2026-04-01 17:27:43,28
2227,2026-04-01 17:28:03,28
2228,2026-04-01 17:28:23,28
2229,2026-04-01 17:28:42,28
2230,2026-04-01 17:29:02,29
2231,2026-04-01 17:29:22,29
2232,2026-04-01 17:29:42,29
2233,2026-04-01 17:30:01,28
2234,2026-04-01 17:30:21,28
2235,2026-04-01 17:30:41,28
2236,2026-04-01 17:31:01,27
2237,2026-04-01 17:31:20,27
2238,2026-04-01 17:31:40,27
2239,2026-04-01 17:32:00,27
2240,2026-04-01 17:32:20,27
2241,2026-04-01 17:32:39,27
2242,2026-04-01 17:32:59,27
2243,2026-04-01 17:33:19,29
2244,2026-04-01 17:33:39,29
2245,2026-04-01 17:33:58,29
2246,2026-04-01 17:34:18,29
2247,2026-04-01 17:34:38,29
2248,2026-04-01 17:34:58,29
2249,2026-04-01 17:35:17,28
2250,2026-04-01 17:35:37,28
2251,2026-04-01 17:35:57,28
2252,2026-04-01 17:36:17,29
2253,2026-04-01 17:36:36,29
2254,2026-04-01 17:36:56,29
2255,2026-04-01 17:37:16,31
2256,2026-04-01 17:37:36,31
2257,2026-04-01 17:37:55,31
2258,2026-04-01 17:38:15,30
2259,2026-04-01 17:38:35,30
2260,2026-04-01 17:38:55,30
2261,2026-04-01 17:39:14,30
2262,2026-04-01 17:39:34,30
2263,2026-04-01 17:39:54,30
2264,2026-04-01 17:40:14,27
2265,2026-04-01 17:40:33,27
2266,2026-04-01 17:40:53,27
2267,2026-04-01 17:41:13,28
2268,2026-04-01 17:41:33,28
2269,2026-04-01 17:41:52,28
2270,2026-04-01 17:42:12,29
2271,2026-04-01 17:42:32,29
2272,2026-04-01 17:42:52,29
2273,2026-04-01 17:43:11,29
2274,2026-04-01 17:43:31,29
2275,2026-04-01 17:43:51,29
2276,2026-04-01 17:44:11,31
2277,2026-04-01 17:44:30,31
2278,2026-04-01 17:44:50,31
2279,2026-04-01 17:45:10,30
2280,2026-04-01 17:45:30,30
2281,2026-04-01 17:45:49,30
2282,2026-04-01 17:46:09,30
2283,2026-04-01 17:46:29,30
2284,2026-04-01 17:46:49,30
2285,2026-04-01 17:47:08,30
2286,2026-04-01 17:47:28,30
2287,2026-04-01 17:47:48,30
2288,2026-04-01 17:48:08,30
2289,2026-04-01 17:48:27,30
2290,2026-04-01 17:48:47,30
2291,2026-04-01 17:49:07,30
2292,2026-04-01 17:49:27,30
2293,2026-04-01 17:49:46,30
2294,2026-04-01 17:50:06,31
2295,2026-04-01 17:50:26,31
2296,2026-04-01 17:50:46,31
2297,2026-04-01 17:51:05,30
2298,2026-04-01 17:51:25,30
2299,2026-04-01 17:51:45,30
2300,2026-04-01 17:52:05,29
2301,2026-04-01 17:52:24,29
2302,2026-04-01 17:52:44,29
2303,2026-04-01 17:53:04,31
2304,2026-04-01 17:53:24,31
2305,2026-04-01 17:53:43,31
2306,2026-04-01 17:54:03,29
2307,2026-04-01 17:54:23,29
2308,2026-04-01 17:54:43,29
2309,2026-04-01 17:55:02,29
2310,2026-04-01 17:55:22,29
2311,2026-04-01 17:55:42,29
2312,2026-04-01 17:56:02,29
2313,2026-04-01 17:56:21,29
2314,2026-04-01 17:56:41,29
2315,2026-04-01 17:57:01,30
2316,2026-04-01 17:57:21,30
2317,2026-04-01 17:57:40,30
2318,2026-04-01 17:58:00,30
2319,2026-04-01 17:58:20,30
2320,2026-04-01 17:58:40,30
2321,2026-04-01 17:58:59,30
2322,2026-04-01 17:59:19,31
2323,2026-04-01 17:59:39,31
2324,2026-04-01 17:59:59,31
2325,2026-04-01 18:00:18,33
2326,2026-04-01 18:00:38,33
2327,2026-04-01 18:00:58,33
2328,2026-04-01 18:01:18,32
2329,2026-04-01 18:01:37,32
2330,2026-04-01 18:01:57,32
2331,2026-04-01 18:02:17,30
2332,2026-04-01 18:02:37,30
2333,2026-04-01 18:02:56,30
2334,2026-04-01 18:03:16,32
2335,2026-04-01 18:03:36,32
2336,2026-04-01 18:03:56,32
2337,2026-04-01 18:04:15,31
2338,2026-04-01 18:04:35,31
2339,2026-04-01 18:04:55,31
2340,2026-04-01 18:05:15,32
2341,2026-04-01 18:05:34,32
2342,2026-04-01 18:05:54,32
2343,2026-04-01 18:06:14,30
2344,2026-04-01 18:06:34,30
2345,2026-04-01 18:06:53,30
2346,2026-04-01 18:07:13,30
2347,2026-04-01 18:07:33,30
2348,2026-04-01 18:07:53,30
2349,2026-04-01 18:08:12,31
2350,2026-04-01 18:08:32,31
2351,2026-04-01 18:08:52,31
2352,2026-04-01 18:09:12,32
2353,2026-04-01 18:09:31,32
2354,2026-04-01 18:09:51,32
2355,2026-04-01 18:10:11,30
2356,2026-04-01 18:10:31,30
2357,2026-04-01 18:10:50,30
2358,2026-04-01 18:11:10,31
2359,2026-04-01 18:11:30,31
2360,2026-04-01 18:11:50,31
2361,2026-04-01 18:12:09,31
2362,2026-04-01 18:12:29,31
2363,2026-04-01 18:12:49,31
2364,2026-04-01 18:13:09,31
2365,2026-04-01 18:13:28,31
2366,2026-04-01 18:13:48,31
2367,2026-04-01 18:14:08,31
2368,2026-04-01 18:14:28,31
2369,2026-04-01 18:14:47,31
2370,2026-04-01 18:15:07,33
2371,2026-04-01 18:15:27,33
2372,2026-04-01 18:15:47,33
2373,2026-04-01 18:16:06,31
2374,2026-04-01 18:16:26,31
2375,2026-04-01 18:16:46,31
2376,2026-04-01 18:17:06,32
2377,2026-04-01 18:17:25,32
2378,2026-04-01 18:17:45,32
2379,2026-04-01 18:18:05,30
2380,2026-04-01 18:18:25,30
2381,2026-04-01 18:18:44,30
2382,2026-04-01 18:19:04,31
2383,2026-04-01 18:19:24,31
2384,2026-04-01 18:19:44,31
2385,2026-04-01 18:20:03,31
2386,2026-04-01 18:20:23,31
2387,2026-04-01 18:20:43,31
2388,2026-04-01 18:21:03,31
2389,2026-04-01 18:21:22,31
2390,2026-04-01 18:21:42,31
2391,2026-04-01 18:22:02,30
2392,2026-04-01 18:22:22,30
2393,2026-04-01 18:22:41,30
2394,2026-04-01 18:23:01,30
2395,2026-04-01 18:23:21,30
2396,2026-04-01 18:23:41,30
2397,2026-04-01 18:24:00,32
2398,2026-04-01 18:24:20,32
2399,2026-04-01 18:24:40,32
2400,2026-04-01 18:25:00,30
2401,2026-04-01 18:25:19,30
2402,2026-04-01 18:25:39,30
2403,2026-04-01 18:25:59,30
2404,2026-04-01 18:26:19,31
2405,2026-04-01 18:26:38,31
2406,2026-04-01 18:26:58,31
2407,2026-04-01 18:27:18,30
2408,2026-04-01 18:27:38,30
2409,2026-04-01 18:27:57,30
2410,2026-04-01 18:28:17,32
2411,2026-04-01 18:28:37,32
2412,2026-04-01 18:28:57,32
2413,2026-04-01 18:29:16,31
2414,2026-04-01 18:29:36,31
2415,2026-04-01 18:29:56,31
2416,2026-04-01 18:30:16,30
2417,2026-04-01 18:30:35,30
2418,2026-04-01 18:30:55,30
2419,2026-04-01 18:31:15,32
2420,2026-04-01 18:31:35,32
2421,2026-04-01 18:31:54,32
2422,2026-04-01 18:32:14,32
2423,2026-04-01 18:32:34,32
2424,2026-04-01 18:32:54,32
2425,2026-04-01 18:33:13,32
2426,2026-04-01 18:33:33,32
2427,2026-04-01 18:33:53,32
2428,2026-04-01 18:34:13,31
2429,2026-04-01 18:34:32,31
2430,2026-04-01 18:34:52,31
2431,2026-04-01 18:35:12,31
2432,2026-04-01 18:35:32,31
2433,2026-04-01 18:35:51,31
2434,2026-04-01 18:36:11,32
2435,2026-04-01 18:36:31,32
2436,2026-04-01 18:36:51,32
2437,2026-04-01 18:37:10,30
2438,2026-04-01 18:37:30,30
2439,2026-04-01 18:37:50,30
2440,2026-04-01 18:38:10,30
2441,2026-04-01 18:38:29,30
2442,2026-04-01 18:38:49,30
2443,2026-04-01 18:39:09,32
2444,2026-04-01 18:39:29,32
2445,2026-04-01 18:39:48,32
2446,2026-04-01 18:40:08,31
2447,2026-04-01 18:40:28,31
2448,2026-04-01 18:40:48,31
2449,2026-04-01 18:41:07,30
2450,2026-04-01 18:41:27,30
2451,2026-04-01 18:41:47,30
2452,2026-04-01 18:42:07,29
2453,2026-04-01 18:42:26,29
2454,2026-04-01 18:42:46,29
2455,2026-04-01 18:43:06,31
2456,2026-04-01 18:43:26,31
2457,2026-04-01 18:43:45,31
2458,2026-04-01 18:44:05,31
2459,2026-04-01 18:44:25,31
2460,2026-04-01 18:44:45,31
2461,2026-04-01 18:45:04,30
2462,2026-04-01 18:45:24,30
2463,2026-04-01 18:45:44,30
2464,2026-04-01 18:46:04,32
2465,2026-04-01 18:46:23,32
2466,2026-04-01 18:46:43,32
2467,2026-04-01 18:47:03,32
2468,2026-04-01 18:47:23,32
2469,2026-04-01 18:47:42,32
2470,2026-04-01 18:48:02,31
2471,2026-04-01 18:48:22,31
2472,2026-04-01 18:48:42,31
2473,2026-04-01 18:49:01,30
2474,2026-04-01 18:49:21,30
2475,2026-04-01 18:49:41,30
2476,2026-04-01 18:50:01,32
2477,2026-04-01 18:50:20,32
2478,2026-04-01 18:50:40,32
2479,2026-04-01 18:51:00,30
2480,2026-04-01 18:51:20,30
2481,2026-04-01 18:51:39,30
2482,2026-04-01 18:51:59,30
2483,2026-04-01 18:52:19,32
2484,2026-04-01 18:52:39,32
2485,2026-04-01 18:52:58,32
2486,2026-04-01 18:53:18,31
2487,2026-04-01 18:53:38,31
2488,2026-04-01 18:53:58,31
2489,2026-04-01 18:54:17,30
2490,2026-04-01 18:54:37,30
2491,2026-04-01 18:54:57,30
2492,2026-04-01 18:55:17,30
2493,2026-04-01 18:55:36,30
2494,2026-04-01 18:55:56,30
2495,2026-04-01 18:56:16,31
2496,2026-04-01 18:56:36,31
2497,2026-04-01 18:56:55,31
2498,2026-04-01 18:57:15,30
2499,2026-04-01 18:57:35,30
2500,2026-04-01 18:57:55,30
2501,2026-04-01 18:58:14,28
2502,2026-04-01 18:58:34,28
2503,2026-04-01 18:58:54,28
2504,2026-04-01 18:59:14,29
2505,2026-04-01 18:59:33,29
2506,2026-04-01 18:59:53,29
2507,2026-04-01 19:00:13,28
2508,2026-04-01 19:00:33,28
2509,2026-04-01 19:00:52,28
2510,2026-04-01 19:01:12,30
2511,2026-04-01 19:01:32,30
2512,2026-04-01 19:01:52,30
2513,2026-04-01 19:02:11,29
2514,2026-04-01 19:02:31,29
2515,2026-04-01 19:02:51,29
2516,2026-04-01 19:03:11,29
2517,2026-04-01 19:03:30,29
2518,2026-04-01 19:03:50,29
2519,2026-04-01 19:04:10,29
2520,2026-04-01 19:04:30,29
2521,2026-04-01 19:04:49,29
2522,2026-04-01 19:05:09,29
2523,2026-04-01 19:05:29,29
2524,2026-04-01 19:05:49,29
2525,2026-04-01 19:06:08,29
2526,2026-04-01 19:06:28,29
2527,2026-04-01 19:06:48,29
2528,2026-04-01 19:07:08,29
2529,2026-04-01 19:07:27,29
2530,2026-04-01 19:07:47,29
2531,2026-04-01 19:08:07,28
2532,2026-04-01 19:08:27,28
2533,2026-04-01 19:08:46,28
2534,2026-04-01 19:09:06,28
2535,2026-04-01 19:09:26,28
2536,2026-04-01 19:09:46,28
2537,2026-04-01 19:10:05,29
2538,2026-04-01 19:10:25,29
2539,2026-04-01 19:10:45,29
2540,2026-04-01 19:11:05,30
2541,2026-04-01 19:11:24,30
2542,2026-04-01 19:11:44,30
2543,2026-04-01 19:12:04,30
2544,2026-04-01 19:12:24,30
2545,2026-04-01 19:12:43,30
2546,2026-04-01 19:13:03,27
2547,2026-04-01 19:13:23,27
2548,2026-04-01 19:13:43,27
2549,2026-04-01 19:14:02,28
2550,2026-04-01 19:14:22,28
2551,2026-04-01 19:14:42,28
2552,2026-04-01 19:15:02,27
2553,2026-04-01 19:15:21,27
2554,2026-04-01 19:15:41,27
2555,2026-04-01 19:16:01,28
2556,2026-04-01 19:16:21,28
2557,2026-04-01 19:16:40,28
2558,2026-04-01 19:17:00,28
2559,2026-04-01 19:17:20,28
2560,2026-04-01 19:17:40,28
2561,2026-04-01 19:17:59,28
2562,2026-04-01 19:18:19,27
2563,2026-04-01 19:18:39,27
2564,2026-04-01 19:18:59,27
2565,2026-04-01 19:19:18,26
2566,2026-04-01 19:19:38,26
2567,2026-04-01 19:19:58,26
2568,2026-04-01 19:20:18,26
2569,2026-04-01 19:20:37,26
2570,2026-04-01 19:20:57,26
2571,2026-04-01 19:21:17,26
2572,2026-04-01 19:21:37,26
2573,2026-04-01 19:21:56,26
2574,2026-04-01 19:22:16,25
2575,2026-04-01 19:22:36,25
2576,2026-04-01 19:22:56,25
2577,2026-04-01 19:23:15,26
2578,2026-04-01 19:23:35,26
2579,2026-04-01 19:23:55,26
2580,2026-04-01 19:24:15,26
2581,2026-04-01 19:24:34,26
2582,2026-04-01 19:24:54,26
2583,2026-04-01 19:25:14,27
2584,2026-04-01 19:25:34,27
2585,2026-04-01 19:25:53,27
2586,2026-04-01 19:26:13,27
2587,2026-04-01 19:26:33,27
2588,2026-04-01 19:26:53,27
2589,2026-04-01 19:27:12,24
2590,2026-04-01 19:27:32,24
2591,2026-04-01 19:27:52,24
2592,2026-04-01 19:28:12,25
2593,2026-04-01 19:28:31,25
2594,2026-04-01 19:28:51,25
2595,2026-04-01 19:29:11,26
2596,2026-04-01 19:29:31,26
2597,2026-04-01 19:29:50,26
2598,2026-04-01 19:30:10,26
2599,2026-04-01 19:30:30,26
2600,2026-04-01 19:30:50,26
2601,2026-04-01 19:31:09,26
2602,2026-04-01 19:31:29,26
2603,2026-04-01 19:31:49,26
2604,2026-04-01 19:32:09,24
2605,2026-04-01 19:32:28,24
2606,2026-04-01 19:32:48,24
2607,2026-04-01 19:33:08,24
2608,2026-04-01 19:33:28,24
2609,2026-04-01 19:33:47,24
2610,2026-04-01 19:34:07,24
2611,2026-04-01 19:34:27,24
2612,2026-04-01 19:34:47,24
2613,2026-04-01 19:35:06,24
2614,2026-04-01 19:35:26,24
2615,2026-04-01 19:35:46,24
2616,2026-04-01 19:36:06,25
2617,2026-04-01 19:36:25,25
2618,2026-04-01 19:36:45,25
2619,2026-04-01 19:37:05,24
2620,2026-04-01 19:37:25,24
2621,2026-04-01 19:37:44,24
2622,2026-04-01 19:38:04,24
2623,2026-04-01 19:38:24,24
2624,2026-04-01 19:38:44,24
2625,2026-04-01 19:39:03,25
2626,2026-04-01 19:39:23,25
2627,2026-04-01 19:39:43,25
2628,2026-04-01 19:40:03,21
2629,2026-04-01 19:40:22,21
2630,2026-04-01 19:40:42,21
2631,2026-04-01 19:41:02,24
2632,2026-04-01 19:41:22,24
2633,2026-04-01 19:41:41,24
2634,2026-04-01 19:42:01,23
2635,2026-04-01 19:42:21,23
2636,2026-04-01 19:42:41,23
2637,2026-04-01 19:43:00,23
2638,2026-04-01 19:43:20,23
2639,2026-04-01 19:43:40,23
2640,2026-04-01 19:44:00,24
2641,2026-04-01 19:44:19,24
2642,2026-04-01 19:44:39,24
2643,2026-04-01 19:44:59,24
2644,2026-04-01 19:45:19,23
2645,2026-04-01 19:45:38,23
2646,2026-04-01 19:45:58,23
2647,2026-04-01 19:46:18,21
2648,2026-04-01 19:46:38,21
2649,2026-04-01 19:46:57,21
2650,2026-04-01 19:47:17,21
2651,2026-04-01 19:47:37,21
2652,2026-04-01 19:47:57,21
2653,2026-04-01 19:48:16,22
2654,2026-04-01 19:48:36,22
2655,2026-04-01 19:48:56,22
2656,2026-04-01 19:49:16,22
2657,2026-04-01 19:49:35,22
2658,2026-04-01 19:49:55,22
2659,2026-04-01 19:50:15,20
2660,2026-04-01 19:50:35,20
2661,2026-04-01 19:50:54,20
2662,2026-04-01 19:51:14,22
2663,2026-04-01 19:51:34,22
2664,2026-04-01 19:51:54,22
2665,2026-04-01 19:52:13,21
2666,2026-04-01 19:52:33,21
2667,2026-04-01 19:52:53,21
2668,2026-04-01 19:53:13,23
2669,2026-04-01 19:53:32,23
2670,2026-04-01 19:53:52,23
2671,2026-04-01 19:54:12,21
2672,2026-04-01 19:54:32,21
2673,2026-04-01 19:54:51,21
2674,2026-04-01 19:55:11,22
2675,2026-04-01 19:55:31,22
2676,2026-04-01 19:55:51,22
2677,2026-04-01 19:56:10,22
2678,2026-04-01 19:56:30,22
2679,2026-04-01 19:56:50,22
2680,2026-04-01 19:57:10,22
2681,2026-04-01 19:57:29,22
2682,2026-04-01 19:57:49,22
2683,2026-04-01 19:58:09,21
2684,2026-04-01 19:58:29,21
2685,2026-04-01 19:58:48,21
2686,2026-04-01 19:59:08,23
2687,2026-04-01 19:59:28,23
2688,2026-04-01 19:59:48,23
2689,2026-04-01 20:00:07,21
2690,2026-04-01 20:00:27,21
2691,2026-04-01 20:00:47,21
2692,2026-04-01 20:01:07,20
2693,2026-04-01 20:01:26,20
2694,2026-04-01 20:01:46,20
2695,2026-04-01 20:02:06,22
2696,2026-04-01 20:02:26,22
2697,2026-04-01 20:02:45,22
2698,2026-04-01 20:03:05,22
2699,2026-04-01 20:03:25,22
2700,2026-04-01 20:03:45,22
2701,2026-04-01 20:04:04,21
2702,2026-04-01 20:04:24,21
2703,2026-04-01 20:04:44,21
2704,2026-04-01 20:05:04,19
2705,2026-04-01 20:05:23,19
2706,2026-04-01 20:05:43,19
2707,2026-04-01 20:06:03,21
2708,2026-04-01 20:06:23,21
2709,2026-04-01 20:06:42,21
2710,2026-04-01 20:07:02,21
2711,2026-04-01 20:07:22,21
2712,2026-04-01 20:07:42,21
2713,2026-04-01 20:08:01,21
2714,2026-04-01 20:08:21,21
2715,2026-04-01 20:08:41,21
2716,2026-04-01 20:09:01,21
2717,2026-04-01 20:09:20,21
2718,2026-04-01 20:09:40,21
2719,2026-04-01 20:10:00,21
2720,2026-04-01 20:10:20,21
2721,2026-04-01 20:10:39,21
2722,2026-04-01 20:10:59,21
2723,2026-04-01 20:11:19,19
2724,2026-04-01 20:11:39,19
2725,2026-04-01 20:11:58,19
2726,2026-04-01 20:12:18,20
2727,2026-04-01 20:12:38,20
2728,2026-04-01 20:12:58,20
2729,2026-04-01 20:13:17,22
2730,2026-04-01 20:13:37,22
2731,2026-04-01 20:13:57,22
2732,2026-04-01 20:14:17,21
2733,2026-04-01 20:14:36,21
2734,2026-04-01 20:14:56,21
2735,2026-04-01 20:15:16,21
2736,2026-04-01 20:15:36,21
2737,2026-04-01 20:15:55,21
2738,2026-04-01 20:16:15,20
2739,2026-04-01 20:16:35,20
2740,2026-04-01 20:16:55,20
2741,2026-04-01 20:17:14,20
2742,2026-04-01 20:17:34,20
2743,2026-04-01 20:17:54,20
2744,2026-04-01 20:18:14,20
2745,2026-04-01 20:18:33,20
2746,2026-04-01 20:18:53,20
2747,2026-04-01 20:19:13,20
2748,2026-04-01 20:19:33,20
2749,2026-04-01 20:19:52,20
2750,2026-04-01 20:20:12,20
2751,2026-04-01 20:20:32,20
2752,2026-04-01 20:20:52,20
2753,2026-04-01 20:21:11,20
2754,2026-04-01 20:21:31,20
2755,2026-04-01 20:21:51,20
2756,2026-04-01 20:22:11,20
2757,2026-04-01 20:22:30,20
2758,2026-04-01 20:22:50,20
2759,2026-04-01 20:23:10,19
2760,2026-04-01 20:23:30,19
2761,2026-04-01 20:23:49,19
2762,2026-04-01 20:24:09,18
2763,2026-04-01 20:24:29,18
2764,2026-04-01 20:24:49,18
2765,2026-04-01 20:25:08,19
2766,2026-04-01 20:25:28,19
2767,2026-04-01 20:25:48,19
2768,2026-04-01 20:26:08,19
2769,2026-04-01 20:26:27,19
2770,2026-04-01 20:26:47,19
2771,2026-04-01 20:27:07,19
2772,2026-04-01 20:27:27,19
2773,2026-04-01 20:27:46,19
2774,2026-04-01 20:28:06,18
2775,2026-04-01 20:28:26,18
2776,2026-04-01 20:28:46,18
2777,2026-04-01 20:29:05,20
2778,2026-04-01 20:29:25,20
2779,2026-04-01 20:29:45,20
2780,2026-04-01 20:30:05,19
2781,2026-04-01 20:30:24,19
2782,2026-04-01 20:30:44,19
2783,2026-04-01 20:31:04,18
2784,2026-04-01 20:31:24,18
2785,2026-04-01 20:31:43,18
2786,2026-04-01 20:32:03,18
2787,2026-04-01 20:32:23,18
2788,2026-04-01 20:32:43,18
2789,2026-04-01 20:33:02,19
2790,2026-04-01 20:33:22,19
2791,2026-04-01 20:33:42,19
2792,2026-04-01 20:34:02,21
2793,2026-04-01 20:34:21,21
2794,2026-04-01 20:34:41,21
2795,2026-04-01 20:35:01,19
2796,2026-04-01 20:35:21,19
2797,2026-04-01 20:35:40,19
2798,2026-04-01 20:36:00,20
2799,2026-04-01 20:36:20,20
2800,2026-04-01 20:36:40,20
2801,2026-04-01 20:36:59,20
2802,2026-04-01 20:37:19,20
2803,2026-04-01 20:37:39,20
2804,2026-04-01 20:37:59,20
2805,2026-04-01 20:38:18,18
2806,2026-04-01 20:38:38,18
2807,2026-04-01 20:38:58,18
2808,2026-04-01 20:39:18,18
2809,2026-04-01 20:39:37,18
2810,2026-04-01 20:39:57,18
2811,2026-04-01 20:40:17,18
2812,2026-04-01 20:40:37,18
2813,2026-04-01 20:40:56,18
2814,2026-04-01 20:41:16,21
2815,2026-04-01 20:41:36,21
2816,2026-04-01 20:41:56,21
2817,2026-04-01 20:42:15,20
2818,2026-04-01 20:42:35,20
2819,2026-04-01 20:42:55,20
2820,2026-04-01 20:43:15,20
2821,2026-04-01 20:43:34,20
2822,2026-04-01 20:43:54,20
2823,2026-04-01 20:44:14,19
2824,2026-04-01 20:44:34,19
2825,2026-04-01 20:44:53,19
2826,2026-04-01 20:45:13,18
2827,2026-04-01 20:45:33,18
2828,2026-04-01 20:45:53,18
2829,2026-04-01 20:46:12,17
2830,2026-04-01 20:46:32,17
2831,2026-04-01 20:46:52,17
2832,2026-04-01 20:47:12,17
2833,2026-04-01 20:47:31,17
2834,2026-04-01 20:47:51,17
2835,2026-04-01 20:48:11,19
2836,2026-04-01 20:48:31,19
2837,2026-04-01 20:48:50,19
2838,2026-04-01 20:49:10,19
2839,2026-04-01 20:49:30,19
2840,2026-04-01 20:49:50,19
2841,2026-04-01 20:50:09,19
2842,2026-04-01 20:50:29,19
2843,2026-04-01 20:50:49,19
2844,2026-04-01 20:51:09,18
2845,2026-04-01 20:51:28,18
2846,2026-04-01 20:51:48,18
2847,2026-04-01 20:52:08,18
2848,2026-04-01 20:52:28,18
2849,2026-04-01 20:52:47,18
2850,2026-04-01 20:53:07,16
2851,2026-04-01 20:53:27,16
2852,2026-04-01 20:53:47,16
2853,2026-04-01 20:54:06,18
2854,2026-04-01 20:54:26,18
2855,2026-04-01 20:54:46,18
2856,2026-04-01 20:55:06,19
2857,2026-04-01 20:55:25,19
2858,2026-04-01 20:55:45,19
2859,2026-04-01 20:56:05,19
2860,2026-04-01 20:56:25,19
2861,2026-04-01 20:56:44,19
2862,2026-04-01 20:57:04,20
2863,2026-04-01 20:57:24,20
2864,2026-04-01 20:57:44,20
2865,2026-04-01 20:58:03,18
2866,2026-04-01 20:58:23,18
2867,2026-04-01 20:58:43,18
2868,2026-04-01 20:59:03,18
2869,2026-04-01 20:59:22,18
2870,2026-04-01 20:59:42,18
2871,2026-04-01 21:00:02,16
2872,2026-04-01 21:00:22,16
2873,2026-04-01 21:00:41,16
2874,2026-04-01 21:01:01,18
2875,2026-04-01 21:01:21,18
2876,2026-04-01 21:01:41,18
2877,2026-04-01 21:02:00,20
2878,2026-04-01 21:02:20,20
2879,2026-04-01 21:02:40,20
2880,2026-04-01 21:03:00,18
2881,2026-04-01 21:03:19,18
2882,2026-04-01 21:03:39,18
2883,2026-04-01 21:03:59,18
2884,2026-04-01 21:04:19,18
2885,2026-04-01 21:04:38,18
2886,2026-04-01 21:04:58,18
2887,2026-04-01 21:05:18,18
2888,2026-04-01 21:05:38,18
2889,2026-04-01 21:05:57,18
2890,2026-04-01 21:06:17,20
2891,2026-04-01 21:06:37,20
2892,2026-04-01 21:06:57,20
2893,2026-04-01 21:07:16,18
2894,2026-04-01 21:07:36,18
2895,2026-04-01 21:07:56,18
2896,2026-04-01 21:08:16,17
2897,2026-04-01 21:08:35,17
2898,2026-04-01 21:08:55,17
2899,2026-04-01 21:09:15,18
2900,2026-04-01 21:09:35,18
2901,2026-04-01 21:09:54,18
2902,2026-04-01 21:10:14,19
2903,2026-04-01 21:10:34,19
2904,2026-04-01 21:10:54,19
2905,2026-04-01 21:11:13,20
2906,2026-04-01 21:11:33,20
2907,2026-04-01 21:11:53,20
2908,2026-04-01 21:12:13,20
2909,2026-04-01 21:12:32,20
2910,2026-04-01 21:12:52,20
2911,2026-04-01 21:13:12,21
2912,2026-04-01 21:13:32,21
2913,2026-04-01 21:13:51,21
2914,2026-04-01 21:14:11,19
2915,2026-04-01 21:14:31,19
2916,2026-04-01 21:14:51,19
2917,2026-04-01 21:15:10,18
2918,2026-04-01 21:15:30,18
2919,2026-04-01 21:15:50,18
2920,2026-04-01 21:16:10,17
2921,2026-04-01 21:16:29,17
2922,2026-04-01 21:16:49,17
2923,2026-04-01 21:17:09,16
2924,2026-04-01 21:17:29,16
2925,2026-04-01 21:17:48,16
2926,2026-04-01 21:18:08,17
2927,2026-04-01 21:18:28,17
2928,2026-04-01 21:18:48,17
2929,2026-04-01 21:19:07,18
2930,2026-04-01 21:19:27,18
2931,2026-04-01 21:19:47,18
2932,2026-04-01 21:20:07,18
2933,2026-04-01 21:20:26,18
2934,2026-04-01 21:20:46,18
2935,2026-04-01 21:21:06,17
2936,2026-04-01 21:21:26,17
2937,2026-04-01 21:21:45,17
2938,2026-04-01 21:22:05,17
2939,2026-04-01 21:22:25,17
2940,2026-04-01 21:22:45,17
2941,2026-04-01 21:23:04,15
2942,2026-04-01 21:23:24,15
2943,2026-04-01 21:23:44,15
2944,2026-04-01 21:24:04,15
2945,2026-04-01 21:24:23,15
2946,2026-04-01 21:24:43,15
2947,2026-04-01 21:25:03,16
2948,2026-04-01 21:25:23,16
2949,2026-04-01 21:25:42,16
2950,2026-04-01 21:26:02,16
2951,2026-04-01 21:26:22,16
2952,2026-04-01 21:26:42,16
2953,2026-04-01 21:27:01,16
2954,2026-04-01 21:27:21,16
2955,2026-04-01 21:27:41,16
2956,2026-04-01 21:28:01,16
2957,2026-04-01 21:28:20,16
2958,2026-04-01 21:28:40,16
2959,2026-04-01 21:29:00,17
2960,2026-04-01 21:29:20,17
2961,2026-04-01 21:29:39,17
2962,2026-04-01 21:29:59,17
2963,2026-04-01 21:30:19,16
2964,2026-04-01 21:30:39,16
2965,2026-04-01 21:30:58,16
2966,2026-04-01 21:31:18,16
2967,2026-04-01 21:31:38,16
2968,2026-04-01 21:31:58,16
2969,2026-04-01 21:32:17,16
2970,2026-04-01 21:32:37,16
2971,2026-04-01 21:32:57,16
2972,2026-04-01 21:33:17,17
2973,2026-04-01 21:33:36,17
2974,2026-04-01 21:33:56,17
2975,2026-04-01 21:34:16,18
2976,2026-04-01 21:34:36,18
2977,2026-04-01 21:34:55,18
2978,2026-04-01 21:35:15,18
2979,2026-04-01 21:35:35,18
2980,2026-04-01 21:35:55,18
2981,2026-04-01 21:36:14,16
2982,2026-04-01 21:36:34,16
2983,2026-04-01 21:36:54,16
2984,2026-04-01 21:37:14,16
2985,2026-04-01 21:37:33,16
2986,2026-04-01 21:37:53,16
2987,2026-04-01 21:38:13,15
2988,2026-04-01 21:38:33,15
2989,2026-04-01 21:38:52,15
2990,2026-04-01 21:39:12,12
2991,2026-04-01 21:39:32,12
2992,2026-04-01 21:39:52,12
2993,2026-04-01 21:40:11,15
2994,2026-04-01 21:40:31,15
2995,2026-04-01 21:40:51,15
2996,2026-04-01 21:41:11,16
2997,2026-04-01 21:41:30,16
2998,2026-04-01 21:41:50,16
2999,2026-04-01 21:42:10,16
3000,2026-04-01 21:42:30,16
3001,2026-04-01 21:42:49,16
3002,2026-04-01 21:43:09,17
3003,2026-04-01 21:43:29,17
3004,2026-04-01 21:43:49,17
3005,2026-04-01 21:44:08,17
3006,2026-04-01 21:44:28,17
3007,2026-04-01 21:44:48,17
3008,2026-04-01 21:45:08,15
3009,2026-04-01 21:45:27,15
3010,2026-04-01 21:45:47,15
3011,2026-04-01 21:46:07,15
3012,2026-04-01 21:46:27,15
3013,2026-04-01 21:46:46,15
3014,2026-04-01 21:47:06,16
3015,2026-04-01 21:47:26,16
3016,2026-04-01 21:47:46,16
3017,2026-04-01 21:48:05,16
3018,2026-04-01 21:48:25,16
3019,2026-04-01 21:48:45,16
3020,2026-04-01 21:49:05,17
3021,2026-04-01 21:49:24,17
3022,2026-04-01 21:49:44,17
3023,2026-04-01 21:50:04,19
3024,2026-04-01 21:50:24,19
3025,2026-04-01 21:50:43,19
3026,2026-04-01 21:51:03,17
3027,2026-04-01 21:51:23,17
3028,2026-04-01 21:51:43,17
3029,2026-04-01 21:52:02,17
3030,2026-04-01 21:52:22,17
3031,2026-04-01 21:52:42,17
3032,2026-04-01 21:53:02,16
3033,2026-04-01 21:53:21,16
3034,2026-04-01 21:53:41,16
3035,2026-04-01 21:54:01,15
3036,2026-04-01 21:54:21,15
3037,2026-04-01 21:54:40,15
3038,2026-04-01 21:55:00,15
3039,2026-04-01 21:55:20,15
3040,2026-04-01 21:55:40,15
3041,2026-04-01 21:55:59,15
3042,2026-04-01 21:56:19,16
3043,2026-04-01 21:56:39,16
3044,2026-04-01 21:56:59,16
3045,2026-04-01 21:57:18,17
3046,2026-04-01 21:57:38,17
3047,2026-04-01 21:57:58,17
3048,2026-04-01 21:58:18,17
3049,2026-04-01 21:58:37,17
3050,2026-04-01 21:58:57,17
3051,2026-04-01 21:59:17,14
3052,2026-04-01 21:59:37,14
3053,2026-04-01 21:59:56,14
3054,2026-04-01 22:00:16,15
3055,2026-04-01 22:00:36,15
3056,2026-04-01 22:00:56,15
3057,2026-04-01 22:01:15,15
3058,2026-04-01 22:01:35,15
3059,2026-04-01 22:01:55,15
3060,2026-04-01 22:02:15,15
3061,2026-04-01 22:02:34,15
3062,2026-04-01 22:02:54,15
3063,2026-04-01 22:03:14,15
3064,2026-04-01 22:03:34,15
3065,2026-04-01 22:03:53,15
3066,2026-04-01 22:04:13,15
3067,2026-04-01 22:04:33,15
3068,2026-04-01 22:04:53,15
3069,2026-04-01 22:05:12,15
3070,2026-04-01 22:05:32,15
3071,2026-04-01 22:05:52,15
3072,2026-04-01 22:06:12,15
3073,2026-04-01 22:06:31,15
3074,2026-04-01 22:06:51,15
3075,2026-04-01 22:07:11,15
3076,2026-04-01 22:07:31,15
3077,2026-04-01 22:07:50,15
3078,2026-04-01 22:08:10,16
3079,2026-04-01 22:08:30,16
3080,2026-04-01 22:08:50,16
3081,2026-04-01 22:09:09,13
3082,2026-04-01 22:09:29,13
3083,2026-04-01 22:09:49,13
3084,2026-04-01 22:10:09,15
3085,2026-04-01 22:10:28,15
3086,2026-04-01 22:10:48,15
3087,2026-04-01 22:11:08,15
3088,2026-04-01 22:11:28,15
3089,2026-04-01 22:11:47,15
3090,2026-04-01 22:12:07,16
3091,2026-04-01 22:12:27,16
3092,2026-04-01 22:12:47,16
3093,2026-04-01 22:13:06,16
3094,2026-04-01 22:13:26,16
3095,2026-04-01 22:13:46,16
3096,2026-04-01 22:14:06,17
3097,2026-04-01 22:14:25,17
3098,2026-04-01 22:14:45,17
3099,2026-04-01 22:15:05,16
3100,2026-04-01 22:15:25,16
3101,2026-04-01 22:15:44,16
3102,2026-04-01 22:16:04,16
3103,2026-04-01 22:16:24,16
3104,2026-04-01 22:16:44,16
3105,2026-04-01 22:17:03,16
3106,2026-04-01 22:17:23,16
3107,2026-04-01 22:17:43,16
3108,2026-04-01 22:18:03,15
3109,2026-04-01 22:18:22,15
3110,2026-04-01 22:18:42,15
3111,2026-04-01 22:19:02,14
3112,2026-04-01 22:19:22,14
3113,2026-04-01 22:19:41,14
3114,2026-04-01 22:20:01,16
3115,2026-04-01 22:20:21,16
3116,2026-04-01 22:20:41,16
3117,2026-04-01 22:21:00,16
3118,2026-04-01 22:21:20,16
3119,2026-04-01 22:21:40,16
3120,2026-04-01 22:22:00,16
3121,2026-04-01 22:22:19,16
3122,2026-04-01 22:22:39,16
3123,2026-04-01 22:22:59,16
3124,2026-04-01 22:23:19,15
3125,2026-04-01 22:23:38,15
3126,2026-04-01 22:23:58,15
3127,2026-04-01 22:24:18,14
3128,2026-04-01 22:24:38,14
3129,2026-04-01 22:24:57,14
3130,2026-04-01 22:25:17,15
3131,2026-04-01 22:25:37,15
3132,2026-04-01 22:25:57,15
3133,2026-04-01 22:26:16,15
3134,2026-04-01 22:26:36,15
3135,2026-04-01 22:26:56,15
3136,2026-04-01 22:27:16,15
3137,2026-04-01 22:27:35,15
3138,2026-04-01 22:27:55,15
3139,2026-04-01 22:28:15,15
3140,2026-04-01 22:28:35,15
3141,2026-04-01 22:28:54,15
3142,2026-04-01 22:29:14,13
3143,2026-04-01 22:29:34,13
3144,2026-04-01 22:29:54,13
3145,2026-04-01 22:30:13,15
3146,2026-04-01 22:30:33,15
3147,2026-04-01 22:30:53,15
3148,2026-04-01 22:31:13,15
3149,2026-04-01 22:31:32,15
3150,2026-04-01 22:31:52,15
3151,2026-04-01 22:32:12,15
3152,2026-04-01 22:32:32,15
3153,2026-04-01 22:32:51,15
3154,2026-04-01 22:33:11,15
3155,2026-04-01 22:33:31,15
3156,2026-04-01 22:33:51,15
3157,2026-04-01 22:34:10,16
3158,2026-04-01 22:34:30,16
3159,2026-04-01 22:34:50,16
3160,2026-04-01 22:35:10,16
3161,2026-04-01 22:35:29,16
3162,2026-04-01 22:35:49,16
3163,2026-04-01 22:36:09,16
3164,2026-04-01 22:36:29,16
3165,2026-04-01 22:36:48,16
3166,2026-04-01 22:37:08,16
3167,2026-04-01 22:37:28,16
3168,2026-04-01 22:37:48,16
3169,2026-04-01 22:38:07,16
3170,2026-04-01 22:38:27,16
3171,2026-04-01 22:38:47,16
3172,2026-04-01 22:39:07,14
3173,2026-04-01 22:39:26,14
3174,2026-04-01 22:39:46,14
3175,2026-04-01 22:40:06,16
3176,2026-04-01 22:40:26,16
3177,2026-04-01 22:40:45,16
3178,2026-04-01 22:41:05,15
3179,2026-04-01 22:41:25,15
3180,2026-04-01 22:41:45,15
3181,2026-04-01 22:42:04,17
3182,2026-04-01 22:42:24,17
3183,2026-04-01 22:42:44,17
3184,2026-04-01 22:43:04,17
3185,2026-04-01 22:43:23,17
3186,2026-04-01 22:43:43,17
3187,2026-04-01 22:44:03,16
3188,2026-04-01 22:44:23,16
3189,2026-04-01 22:44:42,16
3190,2026-04-01 22:45:02,16
3191,2026-04-01 22:45:22,16
3192,2026-04-01 22:45:42,16
3193,2026-04-01 22:46:01,15
3194,2026-04-01 22:46:21,15
3195,2026-04-01 22:46:41,15
3196,2026-04-01 22:47:01,16
3197,2026-04-01 22:47:20,16
3198,2026-04-01 22:47:40,16
3199,2026-04-01 22:48:00,16
3200,2026-04-01 22:48:20,16
3201,2026-04-01 22:48:39,16
3202,2026-04-01 22:48:59,16
3203,2026-04-01 22:49:19,14
3204,2026-04-01 22:49:39,14
3205,2026-04-01 22:49:58,14
3206,2026-04-01 22:50:18,14
3207,2026-04-01 22:50:38,14
3208,2026-04-01 22:50:58,14
3209,2026-04-01 22:51:17,14
3210,2026-04-01 22:51:37,14
3211,2026-04-01 22:51:57,14
3212,2026-04-01 22:52:17,15
3213,2026-04-01 22:52:36,15
3214,2026-04-01 22:52:56,15
3215,2026-04-01 22:53:16,15
3216,2026-04-01 22:53:36,15
3217,2026-04-01 22:53:55,15
3218,2026-04-01 22:54:15,16
3219,2026-04-01 22:54:35,16
3220,2026-04-01 22:54:55,16
3221,2026-04-01 22:55:14,15
3222,2026-04-01 22:55:34,15
3223,2026-04-01 22:55:54,15
3224,2026-04-01 22:56:14,15
3225,2026-04-01 22:56:33,15
3226,2026-04-01 22:56:53,15
3227,2026-04-01 22:57:13,15
3228,2026-04-01 22:57:33,15
3229,2026-04-01 22:57:52,15
3230,2026-04-01 22:58:12,15
3231,2026-04-01 22:58:32,15
3232,2026-04-01 22:58:52,15
3233,2026-04-01 22:59:11,13
3234,2026-04-01 22:59:31,13
3235,2026-04-01 22:59:51,13
3236,2026-04-01 23:00:11,14
3237,2026-04-01 23:00:30,14
3238,2026-04-01 23:00:50,14
3239,2026-04-01 23:01:10,14
3240,2026-04-01 23:01:30,14
3241,2026-04-01 23:01:49,14
3242,2026-04-01 23:02:09,15
3243,2026-04-01 23:02:29,15
3244,2026-04-01 23:02:49,15
3245,2026-04-01 23:03:08,13
3246,2026-04-01 23:03:28,13
3247,2026-04-01 23:03:48,13
3248,2026-04-01 23:04:08,14
3249,2026-04-01 23:04:27,14
3250,2026-04-01 23:04:47,14
3251,2026-04-01 23:05:07,13
3252,2026-04-01 23:05:27,13
3253,2026-04-01 23:05:46,13
3254,2026-04-01 23:06:06,15
3255,2026-04-01 23:06:26,15
3256,2026-04-01 23:06:46,15
3257,2026-04-01 23:07:05,15
3258,2026-04-01 23:07:25,15
3259,2026-04-01 23:07:45,15
3260,2026-04-01 23:08:05,15
3261,2026-04-01 23:08:24,15
3262,2026-04-01 23:08:44,15
3263,2026-04-01 23:09:04,12
3264,2026-04-01 23:09:24,12
3265,2026-04-01 23:09:43,12
3266,2026-04-01 23:10:03,13
3267,2026-04-01 23:10:23,13
3268,2026-04-01 23:10:43,13
3269,2026-04-01 23:11:02,12
3270,2026-04-01 23:11:22,12
3271,2026-04-01 23:11:42,12
3272,2026-04-01 23:12:02,14
3273,2026-04-01 23:12:21,14
3274,2026-04-01 23:12:41,14
3275,2026-04-01 23:13:01,13
3276,2026-04-01 23:13:21,13
3277,2026-04-01 23:13:40,13
3278,2026-04-01 23:14:00,14
3279,2026-04-01 23:14:20,14
3280,2026-04-01 23:14:40,14
3281,2026-04-01 23:14:59,14
3282,2026-04-01 23:15:19,14
3283,2026-04-01 23:15:39,14
3284,2026-04-01 23:15:59,14
3285,2026-04-01 23:16:18,13
3286,2026-04-01 23:16:38,13
3287,2026-04-01 23:16:58,13
3288,2026-04-01 23:17:18,12
3289,2026-04-01 23:17:37,12
3290,2026-04-01 23:17:57,12
3291,2026-04-01 23:18:17,13
3292,2026-04-01 23:18:37,13
3293,2026-04-01 23:18:56,13
3294,2026-04-01 23:19:16,12
3295,2026-04-01 23:19:36,12
3296,2026-04-01 23:19:56,12
3297,2026-04-01 23:20:15,12
3298,2026-04-01 23:20:35,12
3299,2026-04-01 23:20:55,12
3300,2026-04-01 23:21:15,13
3301,2026-04-01 23:21:34,13
3302,2026-04-01 23:21:54,13
3303,2026-04-01 23:22:14,13
3304,2026-04-01 23:22:34,13
3305,2026-04-01 23:22:53,13
3306,2026-04-01 23:23:13,13
3307,2026-04-01 23:23:33,13
3308,2026-04-01 23:23:53,13
3309,2026-04-01 23:24:12,15
3310,2026-04-01 23:24:32,15
3311,2026-04-01 23:24:52,15
3312,2026-04-01 23:25:12,15
3313,2026-04-01 23:25:31,15
3314,2026-04-01 23:25:51,15
3315,2026-04-01 23:26:11,14
3316,2026-04-01 23:26:31,14
3317,2026-04-01 23:26:50,14
3318,2026-04-01 23:27:10,14
3319,2026-04-01 23:27:30,14
3320,2026-04-01 23:27:50,14
3321,2026-04-01 23:28:09,14
3322,2026-04-01 23:28:29,14
3323,2026-04-01 23:28:49,14
3324,2026-04-01 23:29:09,12
3325,2026-04-01 23:29:28,12
3326,2026-04-01 23:29:48,12
3327,2026-04-01 23:30:08,12
3328,2026-04-01 23:30:28,12
3329,2026-04-01 23:30:47,12
3330,2026-04-01 23:31:07,12
3331,2026-04-01 23:31:27,12
3332,2026-04-01 23:31:47,12
3333,2026-04-01 23:32:06,13
3334,2026-04-01 23:32:26,13
3335,2026-04-01 23:32:46,13
3336,2026-04-01 23:33:06,14
3337,2026-04-01 23:33:25,14
3338,2026-04-01 23:33:45,14
3339,2026-04-01 23:34:05,14
3340,2026-04-01 23:34:25,14
3341,2026-04-01 23:34:44,14
3342,2026-04-01 23:35:04,12
3343,2026-04-01 23:35:24,12
3344,2026-04-01 23:35:44,12
3345,2026-04-01 23:36:03,14
3346,2026-04-01 23:36:23,14
3347,2026-04-01 23:36:43,14
3348,2026-04-01 23:37:03,14
3349,2026-04-01 23:37:22,14
3350,2026-04-01 23:37:42,14
3351,2026-04-01 23:38:02,13
3352,2026-04-01 23:38:22,13
3353,2026-04-01 23:38:41,13
3354,2026-04-01 23:39:01,12
3355,2026-04-01 23:39:21,12
3356,2026-04-01 23:39:41,12
3357,2026-04-01 23:40:00,12
3358,2026-04-01 23:40:20,12
3359,2026-04-01 23:40:40,12
3360,2026-04-01 23:41:00,12
3361,2026-04-01 23:41:19,12
3362,2026-04-01 23:41:39,12
3363,2026-04-01 23:41:59,12
3364,2026-04-01 23:42:19,12
3365,2026-04-01 23:42:38,12
3366,2026-04-01 23:42:58,12
3367,2026-04-01 23:43:18,13
3368,2026-04-01 23:43:38,13
3369,2026-04-01 23:43:57,13
3370,2026-04-01 23:44:17,13
3371,2026-04-01 23:44:37,13
3372,2026-04-01 23:44:57,13
3373,2026-04-01 23:45:16,12
3374,2026-04-01 23:45:36,12
3375,2026-04-01 23:45:56,12
3376,2026-04-01 23:46:16,12
3377,2026-04-01 23:46:35,12
3378,2026-04-01 23:46:55,12
3379,2026-04-01 23:47:15,12
3380,2026-04-01 23:47:35,12
3381,2026-04-01 23:47:54,12
3382,2026-04-01 23:48:14,13
3383,2026-04-01 23:48:34,13
3384,2026-04-01 23:48:54,13
3385,2026-04-01 23:49:13,13
3386,2026-04-01 23:49:33,13
3387,2026-04-01 23:49:53,13
3388,2026-04-01 23:50:13,12
3389,2026-04-01 23:50:32,12
3390,2026-04-01 23:50:52,12
3391,2026-04-01 23:51:12,12
3392,2026-04-01 23:51:32,12
3393,2026-04-01 23:51:51,12
3394,2026-04-01 23:52:11,12
3395,2026-04-01 23:52:31,12
3396,2026-04-01 23:52:51,12
3397,2026-04-01 23:53:10,11
3398,2026-04-01 23:53:30,11
3399,2026-04-01 23:53:50,11
3400,2026-04-01 23:54:10,11
3401,2026-04-01 23:54:29,11
3402,2026-04-01 23:54:49,11
3403,2026-04-01 23:55:09,11
3404,2026-04-01 23:55:29,11
3405,2026-04-01 23:55:48,11
3406,2026-04-01 23:56:08,12
3407,2026-04-01 23:56:28,12
3408,2026-04-01 23:56:48,12
3409,2026-04-01 23:57:07,10
3410,2026-04-01 23:57:27,10
3411,2026-04-01 23:57:47,10
3412,2026-04-01 23:58:07,10
3413,2026-04-01 23:58:26,10
3414,2026-04-01 23:58:46,10
3415,2026-04-01 23:59:06,10
3416,2026-04-01 23:59:26,10
3417,2026-04-01 23:59:45,10
3418,2026-04-02 00:00:05,13
3419,2026-04-02 00:00:25,13
3420,2026-04-02 00:00:45,13
3421,2026-04-02 00:01:04,13
3422,2026-04-02 00:01:24,13
3423,2026-04-02 00:01:44,13
3424,2026-04-02 00:02:04,11
3425,2026-04-02 00:02:23,11
3426,2026-04-02 00:02:43,11
3427,2026-04-02 00:03:03,12
3428,2026-04-02 00:03:23,12
3429,2026-04-02 00:03:42,12
3430,2026-04-02 00:04:02,12
3431,2026-04-02 00:04:22,12
3432,2026-04-02 00:04:42,12
3433,2026-04-02 00:05:01,11
3434,2026-04-02 00:05:21,11
3435,2026-04-02 00:05:41,11
3436,2026-04-02 00:06:01,10
3437,2026-04-02 00:06:20,10
3438,2026-04-02 00:06:40,10
3439,2026-04-02 00:07:00,10
3440,2026-04-02 00:07:20,10
3441,2026-04-02 00:07:39,10
3442,2026-04-02 00:07:59,10
3443,2026-04-02 00:08:19,10
3444,2026-04-02 00:08:39,10
3445,2026-04-02 00:08:58,10
3446,2026-04-02 00:09:18,9
3447,2026-04-02 00:09:38,9
3448,2026-04-02 00:09:58,9
3449,2026-04-02 00:10:17,9
3450,2026-04-02 00:10:37,9
3451,2026-04-02 00:10:57,9
3452,2026-04-02 00:11:17,9
3453,2026-04-02 00:11:36,9
3454,2026-04-02 00:11:56,9
3455,2026-04-02 00:12:16,9
3456,2026-04-02 00:12:36,9
3457,2026-04-02 00:12:55,9
3458,2026-04-02 00:13:15,9
3459,2026-04-02 00:13:35,9
3460,2026-04-02 00:13:55,9
3461,2026-04-02 00:14:14,9
3462,2026-04-02 00:14:34,9
3463,2026-04-02 00:14:54,9
3464,2026-04-02 00:15:14,10
3465,2026-04-02 00:15:33,10
3466,2026-04-02 00:15:53,10
3467,2026-04-02 00:16:13,9
3468,2026-04-02 00:16:33,9
3469,2026-04-02 00:16:52,9
3470,2026-04-02 00:17:12,9
3471,2026-04-02 00:17:32,9
3472,2026-04-02 00:17:52,9
3473,2026-04-02 00:18:11,9
3474,2026-04-02 00:18:31,9
3475,2026-04-02 00:18:51,9
3476,2026-04-02 00:19:11,10
3477,2026-04-02 00:19:30,10
3478,2026-04-02 00:19:50,10
3479,2026-04-02 00:20:10,10
3480,2026-04-02 00:20:30,10
3481,2026-04-02 00:20:49,10
3482,2026-04-02 00:21:09,10
3483,2026-04-02 00:21:29,10
3484,2026-04-02 00:21:49,10
3485,2026-04-02 00:22:08,9
3486,2026-04-02 00:22:28,9
3487,2026-04-02 00:22:48,9
3488,2026-04-02 00:23:08,9
3489,2026-04-02 00:23:27,9
3490,2026-04-02 00:23:47,9
3491,2026-04-02 00:24:07,9
3492,2026-04-02 00:24:27,9
3493,2026-04-02 00:24:46,9
3494,2026-04-02 00:25:06,8
3495,2026-04-02 00:25:26,8
3496,2026-04-02 00:25:46,8
3497,2026-04-02 00:26:05,8
3498,2026-04-02 00:26:25,8
3499,2026-04-02 00:26:45,8
3500,2026-04-02 00:27:05,8
3501,2026-04-02 00:27:24,8
3502,2026-04-02 00:27:44,8
3503,2026-04-02 00:28:04,8
3504,2026-04-02 00:28:24,8
3505,2026-04-02 00:28:43,8
3506,2026-04-02 00:29:03,7
3507,2026-04-02 00:29:23,7
3508,2026-04-02 00:29:43,7
3509,2026-04-02 00:30:02,8
3510,2026-04-02 00:30:22,8
3511,2026-04-02 00:30:42,8
3512,2026-04-02 00:31:02,8
3513,2026-04-02 00:31:21,8
3514,2026-04-02 00:31:41,8
3515,2026-04-02 00:32:01,7
3516,2026-04-02 00:32:21,7
3517,2026-04-02 00:32:40,7
3518,2026-04-02 00:33:00,7
3519,2026-04-02 00:33:20,7
3520,2026-04-02 00:33:40,7
3521,2026-04-02 00:33:59,7
3522,2026-04-02 00:34:19,7
3523,2026-04-02 00:34:39,7
3524,2026-04-02 00:34:59,7
3525,2026-04-02 00:35:18,8
3526,2026-04-02 00:35:38,8
3527,2026-04-02 00:35:58,8
3528,2026-04-02 00:36:18,8
3529,2026-04-02 00:36:37,8
3530,2026-04-02 00:36:57,8
3531,2026-04-02 00:37:17,7
3532,2026-04-02 00:37:37,7
3533,2026-04-02 00:37:56,7
3534,2026-04-02 00:38:16,7
3535,2026-04-02 00:38:36,7
3536,2026-04-02 00:38:56,7
3537,2026-04-02 00:39:15,6
3538,2026-04-02 00:39:35,6
3539,2026-04-02 00:39:55,6
3540,2026-04-02 00:40:15,6
3541,2026-04-02 00:40:34,6
3542,2026-04-02 00:40:54,6
3543,2026-04-02 00:41:14,6
3544,2026-04-02 00:41:34,6
3545,2026-04-02 00:41:53,6
3546,2026-04-02 00:42:13,5
3547,2026-04-02 00:42:33,5
3548,2026-04-02 00:42:53,5
3549,2026-04-02 00:43:12,4
3550,2026-04-02 00:43:32,4
3551,2026-04-02 00:43:52,4
3552,2026-04-02 00:44:12,3
3553,2026-04-02 00:44:31,3
3554,2026-04-02 00:44:51,3
3555,2026-04-02 00:45:11,3
3556,2026-04-02 00:45:31,3
3557,2026-04-02 00:45:50,3
3558,2026-04-02 00:46:10,2
3559,2026-04-02 00:46:30,2
3560,2026-04-02 00:46:50,2
3561,2026-04-02 00:47:09,2
3562,2026-04-02 00:47:29,2
3563,2026-04-02 00:47:49,2
3564,2026-04-02 00:48:09,2
3565,2026-04-02 00:48:28,2
3566,2026-04-02 00:48:48,2
3567,2026-04-02 00:49:08,2
3568,2026-04-02 00:49:28,2
3569,2026-04-02 00:49:47,2
3570,2026-04-02 00:50:07,2
3571,2026-04-02 00:50:27,2
3572,2026-04-02 00:50:47,2
3573,2026-04-02 00:51:06,2
3574,2026-04-02 00:51:26,2
3575,2026-04-02 00:51:46,2
3576,2026-04-02 00:52:06,2
3577,2026-04-02 00:52:25,2
3578,2026-04-02 00:52:45,2
3579,2026-04-02 00:53:05,2
3580,2026-04-02 00:53:25,2
3581,2026-04-02 00:53:44,2
3582,2026-04-02 00:54:04,2
3583,2026-04-02 00:54:24,2
3584,2026-04-02 00:54:44,2
3585,2026-04-02 00:55:03,2
3586,2026-04-02 00:55:23,2
3587,2026-04-02 00:55:43,2
3588,2026-04-02 00:56:03,2
3589,2026-04-02 00:56:22,2
3590,2026-04-02 00:56:42,2
3591,2026-04-02 00:57:02,2
3592,2026-04-02 00:57:22,2
3593,2026-04-02 00:57:41,2
3594,2026-04-02 00:58:01,1
3595,2026-04-02 00:58:21,1
3596,2026-04-02 00:58:41,1
3597,2026-04-02 00:59:00,1
3598,2026-04-02 00:59:20,1
3599,2026-04-02 00:59:40,1
